Rank,TeamId,TeamName,LastSubmissionDate,Score,SubmissionCount,TeamMemberUserNames
1,16425135,Rmy,"2026-07-22 09:24:03",1207.7,2,mekory
2,16448747,Luca,"2026-07-20 22:53:23",1175.5,2,yijiey
3,16385372,kashiwashira,"2026-07-22 12:09:27",1156.9,2,kashiwashira
4,16372380,"THIRD PTCG Club","2026-07-19 22:57:58",1154.4,2,"shunrcn,simann"
5,16382207,Lunariz,"2026-07-22 11:40:32",1153.4,2,lunariz
6,16422150,junlee789,"2026-07-22 07:34:10",1152.7,2,pablolee789
7,16381823,"Yushin Ito","2026-07-17 02:27:09",1148.1,2,yushin505
8,16381624,LumenLiquidity,"2026-07-22 07:45:21",1125.2,2,"giovannibaldon,pasqualemadd4loni"
9,16440585,Brahim,"2026-07-22 08:30:28",1124.1,2,brahimdriss
10,16463316,LiamK,"2026-07-22 05:58:29",1118.0,2,lpkirwin
11,16386246,懒惰的金枪鱼,"2026-07-22 02:18:06",1117.0,2,"jiaclv,jinruixu11,lain12123,psycheeee"
12,16400014,__Taichicchi__,"2026-07-21 17:44:10",1114.4,2,hutch1221
13,16397524,jiatu.l,"2026-07-21 22:04:39",1110.4,2,jiatul
14,16375066,youtube.com/@BigBugginnings,"2026-07-22 06:40:31",1108.5,2,"eevvan7,kylexia,xunfanxia"
15,16372828,iwashi,"2026-07-20 16:49:11",1107.6,2,iwashi
16,16418623,"Yudai Ueno","2026-07-22 05:38:55",1104.9,2,yudaiueno
17,16461850,"Eduardo Rocha de Andrade","2026-07-21 13:17:15",1103.4,2,arc144
18,16441839,taksai,"2026-07-21 23:49:48",1101.7,2,"morikennnnn,tsaito21219,zamami"
19,16379968,"Kotaro OKUYAMA","2026-07-19 15:48:11",1100.4,2,kokotatan
20,16387915,tw_shin,"2026-07-18 13:57:32",1099.0,2,zfrank7777
21,16374395,Majkel1337,"2026-07-21 19:06:12",1095.0,2,majkel1337
22,16445292,GUOHAOYANG,"2026-07-21 23:51:55",1093.9,2,pkuszboi
23,16408255,"Tony Li","2026-07-22 01:46:09",1092.0,2,tonylica
24,16531269,"Dries @ Tufa Labs","2026-07-22 06:56:28",1089.7,2,driessmit1
25,16375173,pztriatomic,"2026-07-20 21:27:54",1088.2,2,pztriatomic
26,16454068,"Where is my orbit","2026-07-22 12:30:14",1085.9,2,mikaelkerimov
27,16371427,bono,"2026-07-22 11:16:54",1081.5,2,kjoonha
28,16555678,binghua_123,"2026-07-22 11:38:34",1080.0,2,binghua123
29,16555789,gisgisgis,"2026-07-22 08:09:18",1074.6,2,gisgisgis
30,16401021,msd0110,"2026-07-22 10:04:16",1074.5,2,msd0110
31,16499803,"Team Rot-Weiß","2026-07-22 06:10:19",1073.3,2,moritzpaal
32,16407282,"SQUIRTLE (prime)","2026-07-21 11:11:42",1072.1,2,"betmyex,doifgoox,garifullintimur,naviniklag"
33,16391939,PP.TAKEHIRO_KAWADA,"2026-07-21 20:12:49",1065.0,2,"kawamoto1917111,pptakehirokawada"
34,16441077,haggle,"2026-07-21 20:55:13",1063.6,2,"aliyelbekov,innerf1re,markslavin"
35,16505594,"Pokemon Fan","2026-07-22 07:40:02",1063.4,2,yiheng
36,16407428,"{{ team_name }}","2026-07-22 10:15:27",1060.5,2,yanzhou06
37,16373946,KawattaTaido,"2026-07-17 06:47:46",1059.9,2,kawattataido
38,16378476,aaa,"2026-07-22 06:45:49",1058.3,2,liuyuq
39,16536318,李秉叡（ntumlnoob）,"2026-07-21 06:28:23",1057.4,2,ntumlnoob
40,16417358,NoOne,"2026-07-20 16:18:06",1056.8,2,allencaixy
41,16401597,Benarg,"2026-07-19 20:40:27",1056.2,2,benarg
42,16375635,ktr,"2026-07-21 08:27:30",1053.4,2,kcotton21
43,16531877,"Vadim Vasilenko","2026-07-17 20:35:33",1048.0,2,vadimvasilenko
44,16406640,gecogeco,"2026-07-22 01:03:44",1045.2,2,roshihy
45,16425569,vvhan,"2026-07-21 10:52:31",1045.1,2,joovvhan
46,16372307,"Team KASA.","2026-07-21 03:40:13",1045.1,2,"akinoo,kentatata,shoegusa,tomokihirose,yamadatoshiya"
47,16389043,Pushu?,"2026-07-22 07:01:26",1043.9,2,"atshimamura,galois1123"
48,16473179,"ei ei ei yikuso","2026-07-20 04:14:36",1043.0,2,heliosli
49,16371434,Budew,"2026-07-21 23:22:19",1042.1,2,nht1990
50,16377894,Orin,"2026-07-21 13:31:57",1040.7,2,neon279
51,16371722,nasuo445,"2026-07-17 15:31:52",1039.5,2,nasuo445
52,16381904,NguyenThanhNhan,"2026-07-22 03:10:42",1038.6,2,andy2709
53,16533373,"Roman Stupin","2026-07-21 18:21:46",1038.5,2,rcnegby
54,16555679,HowardLeeTW,"2026-07-22 00:29:22",1038.5,2,howardleetw
55,16371653,213tubo,"2026-07-22 10:30:15",1037.9,2,"oimoio,tubotubo,zaburo"
56,16414053,タニシ,"2026-07-22 13:10:25",1034.5,2,tanishiharu
57,16371466,btk15049,"2026-07-17 14:28:39",1031.6,2,btk15049
58,16514212,Dieter,"2026-07-20 14:00:03",1031.1,2,christofhenkel
59,16462943,Ghleii,"2026-07-21 02:15:08",1031.0,2,"gihyanglee,rmuraix"
60,16448642,대답해드리는게인지상정,"2026-07-22 07:32:20",1030.5,2,megayak
61,16376465,monnosuke,"2026-07-21 14:17:30",1030.2,2,shiomi1012
62,16570624,"Abhiraj Singh","2026-07-22 10:40:15",1030.2,2,cyberdrago
63,16464757,wwwwwwwwwwwwwwwwwwwwwwwwwwwwww,"2026-07-22 12:13:05",1028.7,2,wwwwwwwwwwwwwwwwwwww
64,16408528,MtN,"2026-07-22 11:08:15",1028.5,2,mariotrsn
65,16431331,insuperabilehart,"2026-07-22 10:10:26",1028.0,2,insuperabile
66,16471516,wally0593,"2026-07-19 05:21:43",1027.6,2,"akatuki25,asa3942,pyzhntr,wally0593"
67,16411029,"rick & shikitora","2026-07-20 11:52:02",1023.9,2,"rick0000,shikitorarr"
68,16390728,"Kazama Yusuke","2026-07-21 03:15:48",1023.7,2,kazamayusuke
69,16390101,Pokopia,"2026-07-22 11:19:52",1023.6,2,"dfgtde,timothyzhang123,xiumu33,yilinge,yuyizhu"
70,16376499,MPGaming,"2026-07-20 08:42:32",1022.4,2,"mptjmm,okadahiroshi"
71,16376598,Kohecchi,"2026-07-22 14:02:30",1022.2,2,kohecchi
72,16480456,yutssk,"2026-07-22 12:21:36",1021.7,2,yutassk
73,16393241,WinDecks,"2026-07-16 12:53:13",1020.8,2,pokekaryo
74,16424674,"Timmy Juicehouse","2026-07-21 12:43:03",1019.7,2,sweetyheehee
75,16470414,Larry,"2026-07-16 10:17:08",1018.6,2,martinlwenstein999
76,16566047,jneums,"2026-07-21 23:50:53",1018.0,2,jesneuman
77,16388364,miya,"2026-07-21 22:11:53",1016.4,2,miyamuratakeki
78,16445525,齐乐,"2026-07-22 13:23:16",1016.3,2,qile200107
79,16372029,Jack,"2026-07-22 01:46:01",1014.5,2,jackvd
80,16392733,"Myckel Uribe","2026-07-22 00:15:02",1013.6,2,myckeluribe
81,16404960,Haumea,"2026-07-22 11:20:06",1012.6,2,chaitanyagullapalli
82,16442659,cununn,"2026-07-22 04:54:45",1012.3,2,w007425y
83,16382964,Rafael,"2026-07-22 09:39:33",1010.0,2,rafaeldsjhkas
84,16383917,"koala_bear “もりたにあん”","2026-07-19 17:48:51",1010.0,2,jpkoalabear
85,16374973,Julian,"2026-07-22 13:01:19",1009.5,2,mob404
86,16378002,"Battle Data Base","2026-07-22 13:50:01",1009.4,2,battledatabase
87,16380690,Ruko,"2026-07-22 12:54:52",1008.6,2,chanholong
88,16514272,"Dominic Peel","2026-07-22 08:46:11",1008.3,2,dompeel
89,16416010,Aikimi,"2026-07-22 12:35:39",1007.4,2,aikimi
90,16420537,tonakaiiii,"2026-07-12 14:51:22",1007.3,2,"santa0677,tonakaiiii"
91,16371829,"e-toppo + kurupical","2026-07-20 10:32:29",1006.5,2,"kurupical,masatomatsui"
92,16375779,"Topdecking is All You Need","2026-07-20 15:58:20",1006.0,2,"iryuki,kojimen"
93,16383673,Banjo,"2026-07-22 00:46:28",1005.7,2,banjtheman
94,16372422,ei1333,"2026-07-20 10:51:08",1003.9,2,"ei1333,gzlkg0,unosss"
95,16406979,palsystem,"2026-07-18 14:46:32",1003.0,2,ebinan92
96,16376478,matcha110,"2026-07-20 01:06:50",1001.3,2,matcha110
97,16385250,matsurih,"2026-07-22 09:58:02",1000.6,2,matsurihime
98,16376773,hikarimaru,"2026-07-21 04:39:23",1000.0,2,hikarimaru
99,16372782,"Pokemon Siuuuu","2026-07-21 08:55:23",998.6,2,"jihuaye,junyouli11,lucasliu06,ruoyihanwang,toolazyhhh123"
100,16374432,shg195,"2026-07-21 08:48:08",998.6,2,shg195
101,16371474,"Shardul Gharat","2026-07-18 06:27:43",997.6,2,shardulgharat
102,16401760,shiratama,"2026-07-22 06:39:45",995.6,2,dotshiratama
103,16385029,Help-Computa,"2026-07-22 03:21:35",995.4,2,"bstagner,ryanrude33"
104,16383019,f,"2026-07-22 11:07:42",995.3,2,"dicenull,misakima,reu1011,sausukei,sirn913"
105,16391949,ばう,"2026-07-22 12:57:10",994.1,2,zenqkaggle
106,16404352,Oshbocker,"2026-07-22 01:53:38",994.0,2,oshbocker
107,16425934,theredbluepill,"2026-07-22 00:31:57",993.2,2,poonszesen
108,16471628,mitomeat823,"2026-07-07 01:47:11",992.9,2,mitomeat823
109,16427548,ttmn,"2026-07-20 05:47:30",992.7,2,koheitsutsumi
110,16391443,capbloo,"2026-07-21 05:42:50",992.6,2,capbloo
111,16405655,saeNeko,"2026-07-22 09:07:36",992.4,2,sae20gorilla
112,16487924,lmaffei,"2026-07-20 22:19:14",991.5,2,lmaffei
113,16443181,Yukhoe,"2026-07-22 09:49:46",990.9,2,"myso1987,yukhoe,zuoliao11"
114,16380661,"Donate to Venezuela","2026-07-22 04:44:28",990.6,2,magictrashbag
115,16371723,RtoABC,"2026-07-22 03:28:36",990.3,2,"go5kuramubon,kaidomitsu,nmlibrary"
116,16406057,amaotone,"2026-07-22 03:25:06",989.9,2,amaotone
117,16452116,"Raja Biswas","2026-07-22 09:18:13",988.5,2,conjuring92
118,16399063,moya,"2026-07-22 03:20:13",988.2,2,moyamoya
119,16395176,"Zhenyu Zhang","2026-07-22 06:30:33",987.9,2,"horizen12,yaoyuchen0925"
120,16450476,Thai,"2026-07-22 09:21:47",987.3,2,hnthai
121,16385080,"Michael Long","2026-07-15 17:46:27",985.8,2,mikelong
122,16397982,NorthStar,"2026-07-22 09:21:56",983.3,2,"nehak76044,rishavutkarsh"
123,16374073,akmr,"2026-07-21 17:12:01",983.1,2,akimaru
124,16532206,yuki0202,"2026-07-19 21:45:04",982.7,2,yuki0202
125,16373957,hukuda222,"2026-07-21 17:28:07",982.6,2,hukuda222
126,16512241,giacomovin,"2026-07-16 22:40:39",982.5,2,giacomovin
127,16377385,kmizunoster,"2026-07-21 04:45:55",981.3,2,kmizunoster
128,16481642,"m16n ⟸","2026-07-22 08:35:21",981.2,2,maximiliangrohmann
129,16572463,fsun,"2026-07-22 02:11:51",980.5,2,franksunp
130,16381127,"Boss's Orders Are All You Need","2026-07-22 00:58:08",979.7,2,"almondman0707,charmq,kazukikumegawa,ymgpalaqs"
131,16375647,zoroark190,"2026-07-17 21:48:10",979.2,2,zoroark190
132,16376257,hiro094,"2026-07-12 06:04:16",978.7,2,hiro094
133,16417941,KenPTCG,"2026-07-22 12:47:27",978.6,2,qiancheng1999
134,16513666,Olegolas1,"2026-07-13 14:09:15",978.0,2,olegolas1
135,16403994,Oleksandr_Savsunenko,"2026-07-22 12:55:55",977.9,2,crazyleg11
136,16454198,wangyuou,"2026-07-22 12:55:37",977.0,2,wangyuou
137,16385144,POPCORN,"2026-07-20 02:21:00",976.6,2,tkyysm
138,16489542,"Tanabe Yudai","2026-07-20 13:07:48",976.1,2,"jeffshee,tanabeyudai"
139,16498605,"Manufactured Ideology","2026-07-22 08:57:25",975.6,2,"fukaiyohei,herotaka,ichito0229,kentarrrlies,kimura0704"
140,16388654,vvs,"2026-07-21 16:24:56",975.0,2,marvelworld
141,16423857,"Peng Wang","2026-07-22 13:08:10",974.5,2,pengwang91
142,16510067,"Jeffrey Saelee","2026-07-20 23:12:20",974.1,2,jeffreysaelee
143,16430229,ToastUz,"2026-07-20 14:42:33",973.7,2,tatsuzoosawa
144,16378381,RMatsugen,"2026-07-22 12:23:06",972.7,2,rmatsugen
145,16382034,"Chua Zheng Wei Brian","2026-07-21 02:40:24",972.3,2,chuazhengweibrian
146,16376721,今井大登,"2026-07-22 13:48:15",971.6,2,naru041104
147,16477900,Souya__1234,"2026-07-18 10:38:02",971.0,2,souya1234
148,16411724,"me and the lads","2026-07-21 23:28:55",967.0,2,"alexdruzenko,rushia,saivedagiri,shricharanks,vvpal21"
149,16534450,"Unreal Drip","2026-07-22 12:38:13",966.5,2,unrealdrip
150,16378362,Tanupro,"2026-07-22 10:33:22",965.7,2,tanupro
151,16385877,SebaMG,"2026-07-19 11:27:21",965.6,2,sebastianmenesesg
152,16553454,masspeaks,"2026-07-22 07:09:01",965.6,2,masspeaks
153,16374885,"Bocchieri Alberto","2026-07-19 13:06:23",965.0,2,bocchierialberto
154,16482704,htehte,"2026-07-20 17:58:37",964.9,2,htehte
155,16372394,rmizuta,"2026-07-21 11:44:16",964.8,2,rmizuta
156,16385170,"SantaClaws 🎅","2026-07-22 05:49:00",964.4,2,vovikdrg
157,16475917,base_camp_2002,"2026-07-18 22:10:01",963.0,2,basecamp2002
158,16389869,"Melvin Low","2026-07-19 17:06:50",962.9,2,la00bing
159,16376434,StackKnight,"2026-07-21 17:16:43",961.8,2,stackknight
160,16374469,西松大祐,"2026-07-22 11:44:25",960.7,2,wep212
161,16531787,hatry,"2026-07-21 14:20:20",960.7,2,toseihatori
162,16436573,"Yigit Kayali","2026-07-21 18:43:26",960.1,2,yigitkayali
163,16382426,shu,"2026-07-19 17:52:34",959.9,2,shumpeace
164,16391736,Akira-Ninth,"2026-06-26 09:48:36",959.7,2,akirayoshimaru
165,16372761,yamatchan,"2026-07-22 12:57:24",959.0,2,yamatchanjp
166,16391123,Iliamna,"2026-07-22 00:10:21",958.9,2,"decotoj,zack873"
167,16372692,ojicat,"2026-07-16 04:38:58",958.5,2,"karacoro,ojisann,satoshiojs"
168,16556346,sadwat,"2026-07-19 07:32:48",957.8,2,ivanlarin
169,16386872,titako0000,"2026-07-15 13:41:18",957.6,2,titako0000
170,16514497,beeyan,"2026-07-22 09:06:53",957.6,2,beeyan0821
171,16535369,WUHAOZHE618,"2026-07-14 20:54:29",956.7,2,wuhaozhe618
172,16570616,Matsu,"2026-07-22 09:45:18",956.0,2,matsuzawahayato
173,16383238,"Dũng Đỗ","2026-07-13 10:41:36",953.5,2,dungdosg
174,16371609,"Team Rocket","2026-07-19 04:48:52",953.3,2,"drriddles,fufufukakaka,yamiko835"
175,16582003,"Runnel Zhang","2026-07-22 13:31:12",953.1,2,runnelzhang
176,16379362,Orion,"2026-07-22 02:40:34",952.2,2,fastthanh78
177,16482392,Skyra,"2026-07-22 06:02:37",950.2,2,"bemaindrajid,eko123"
178,16380936,payanotty,"2026-07-20 11:09:40",949.1,2,"payanotty,tatsuokoshida,tyamujin"
179,16376297,Rojiomote,"2026-07-21 12:21:33",948.9,2,rojiomote
180,16470545,"James Idriss","2026-07-19 00:08:08",948.8,2,jamesripoll
181,16407004,"Roland Gerlinger","2026-07-22 07:03:20",948.7,2,rolandgerlinger
182,16512592,"Andrej Carpenter","2026-07-22 11:05:24",948.5,2,andrejcarpenter
183,16430842,"Rotation Theory","2026-07-22 13:37:31",948.4,2,mikhsank
184,16510891,鸽鸽257,"2026-07-18 15:08:07",948.3,2,vincentvvv
185,16381262,takumina,"2026-07-22 09:13:03",948.0,2,takuminakamatsu
186,16385225,xnx,"2026-07-22 02:02:57",947.6,2,yuheikoike
187,16441533,kazuki0123,"2026-06-30 14:00:34",947.4,2,kazuki0123
188,16387890,Nekogami,"2026-07-15 13:59:39",947.3,2,masatoshihenmi
189,16373012,Voyager,"2026-07-21 13:52:51",947.0,2,"dongukjung,kozistr"
190,16403402,takaygiiiiiiii,"2026-07-19 02:33:24",947.0,2,takaygiiiiiiii
191,16408505,JZ,"2026-07-21 09:22:09",946.2,2,zhoujiachen
192,16376339,kazusw,"2026-07-20 09:57:20",945.9,2,kazusw
193,16393006,kuromoka,"2026-07-22 09:45:55",945.4,2,kuromoka
194,16393709,AyFukushima,"2026-07-22 10:54:00",945.1,2,nantohock
195,16555746,william950615,"2026-07-22 06:02:33",944.2,2,william950615
196,16386225,"Hiroki Yamazaki","2026-07-20 22:59:11",944.2,2,hirokiyamazaki
197,16379512,soyukke,"2026-07-22 00:45:32",943.7,2,soyukke
198,16383701,Phil_Hellmuth,"2026-07-22 06:19:11",943.7,2,"ajain2036,eliteballer1511,kbmaster1706,riyanpatil"
199,16373187,"Hritik Arasu","2026-07-20 20:15:13",942.9,2,arashri20
200,16473278,"Lior Toledano","2026-07-14 21:16:57",942.4,2,liortoledano
201,16376582,"Arthurs Torres24","2026-07-21 16:20:24",941.0,2,arthurstorres24
202,16386649,Magikarp,"2026-07-19 12:01:27",940.7,2,kulukkuluu
203,16377557,ポケカ前線,"2026-07-22 10:59:54",940.1,2,"keitookamoto,lemoninthelemonade,yuubinnkyoku"
204,16432977,klog,"2026-07-20 10:53:53",939.7,2,mhrzmmhrzm
205,16379097,"Terutora Tachibana","2026-07-15 07:18:58",939.5,2,terutoratachibaba
206,16498784,xiaoxin01,"2026-07-16 22:41:58",939.4,2,xiaoxin01
207,16376057,rotto,"2026-07-22 07:12:59",938.5,2,pirotototo4023
208,16375885,nishikawa,"2026-07-21 05:29:21",938.1,2,akiranishikawa0621
209,16532420,hoshi18,"2026-07-22 08:27:42",937.2,2,hoshi18
210,16371783,"Takaaki Matsuda","2026-07-22 04:07:46",936.1,2,matsudatakaaki
211,16380895,"Sota Uchiyama","2026-07-21 23:25:41",935.9,2,sotauchiyama
212,16441675,于笑非lilishyxf,"2026-07-21 09:41:14",935.6,2,lilishyxf
213,16372506,miraiTDL,"2026-07-22 13:44:35",935.1,2,wataruogasa
214,16538751,OverfitOracle,"2026-07-21 11:02:44",934.8,2,"alisalmanrana,kimura0415"
215,16515712,tomo11111,"2026-07-11 11:27:47",934.6,2,tomo11111
216,16377499,fujiborozoukin,"2026-07-12 10:40:42",934.6,2,fujiborozoukin
217,16384892,digimagi,"2026-07-20 23:55:01",934.4,2,digimagi
218,16426547,magu1234,"2026-07-17 01:16:37",934.3,2,magu1234
219,16375276,XtraLearning,"2026-07-21 17:29:32",934.0,2,xcessivesmash
220,16501184,takayosi,"2026-07-21 06:13:51",933.8,2,takayosi
221,16372361,pokeca2018,"2026-07-22 06:39:52",933.7,2,"kzkt0713,takatsugutamaizumi"
222,16386655,"One Turn Off Lethal","2026-07-22 05:09:38",933.6,2,"jordanu107,jtv199"
223,16379289,wkonishi,"2026-07-22 05:41:35",933.5,2,wkonishi
224,16395439,YumeNeko,"2026-07-21 03:07:59",933.1,2,kashiwaba
225,16371280,"lolzpo + emonga","2026-07-22 12:46:19",932.6,2,lolzpo
226,16426595,"Xiangyu Liu","2026-07-22 10:55:19",931.0,2,xiangyuliu007
227,16490418,tokk,"2026-07-22 02:27:15",930.6,2,tarookuda
228,16378944,CoCoSh,"2026-07-21 09:08:01",930.4,2,cocosh
229,16381310,"fuga doggo","2026-07-22 08:03:23",930.4,2,fugadoggo
230,16511578,"Erik van de Ven","2026-07-20 19:09:48",930.3,2,erikvdven
231,16481079,chenpengyu603,"2026-07-22 07:44:44",930.1,2,chenpengyu603
232,16513400,xloudmax,"2026-07-20 17:49:32",930.0,2,xloudmax
233,16412000,shosemaru,"2026-07-21 04:54:00",929.8,2,shoseiyamaguchi
234,16555706,qwertykeypadapple,"2026-07-20 06:57:05",929.6,2,qwertykeypadapple
235,16374074,"Octavi Grau","2026-07-20 07:47:44",929.4,2,octaviograu
236,16384514,Biubiu,"2026-07-19 12:16:17",929.3,2,jianthuang
237,16377364,"カドラバ Kadoraba","2026-07-22 11:06:38",929.2,2,"daichishimada,heiseimikiko"
238,16377377,Shelgon,"2026-07-22 11:52:32",928.2,2,"bbrage,fest4816,musososo"
239,16388677,"Mokuren Narisawa","2026-07-21 01:24:42",928.2,2,mokurennarisawa
240,16386088,"Legend Brothers","2026-07-21 22:45:21",927.7,2,"holeguma,shunhirota"
241,16498610,"Rockway Chen","2026-07-13 03:11:13",927.7,2,rockwaychen
242,16489999,"Gijs Smit","2026-07-22 00:24:26",927.6,2,gijssmit
243,16384794,"suguuuuu & hiehie","2026-07-22 09:20:38",927.3,2,"hiromasadoi,sugupoko"
244,16392727,"Gotem Penguin","2026-07-07 08:01:56",927.3,2,gotempenguin
245,16543066,"Sota Chan","2026-07-14 08:27:52",926.8,1,sotachan
246,16376876,"Masatoshi Hidaka","2026-07-20 16:02:37",926.5,2,masatoshihidaka
247,16382541,豆本豆豆包,"2026-07-22 13:34:47",926.3,2,celefefwefwe1
248,16514399,"Rory Neville","2026-07-21 22:36:25",925.7,2,roryneville
249,16425598,rmoooi,"2026-07-08 16:00:06",925.7,2,rmoooi
250,16435847,Yufeng,"2026-07-15 11:15:28",925.1,2,mxtennet
251,16505814,"john jiang zhifeng","2026-07-21 22:25:20",925.1,2,johnjiangzhifeng
252,16557536,MahLong,"2026-07-21 16:49:01",925.1,2,mahlong
253,16371479,ヌメルゴンex,"2026-07-22 13:36:37",924.3,2,"dehokanta,yakumaru72,zakopur0"
254,16375469,nopoly1k,"2026-07-12 06:43:01",924.2,2,nopoly1k
255,16421017,skurita,"2026-07-16 08:27:14",924.1,2,skthtu
256,16541765,less,"2026-07-20 13:11:07",924.1,2,jiaoyouzhang
257,16381571,SamuelSanolume,"2026-07-20 04:50:43",923.3,2,samuelsanolume
258,16372186,ごんさくよねきち,"2026-07-22 11:51:34",923.3,2,gonsakuyonekiti
259,16401999,kuritamar,"2026-07-22 13:41:50",922.8,2,kuritamar
260,16383280,ChillR,"2026-07-09 02:53:27",920.4,2,chillr
261,16373951,Canon,"2026-07-22 10:09:37",919.6,2,sotakurihara1
262,16379119,tantk7,"2026-07-19 07:26:53",919.4,2,tantk7
263,16582756,BhavitB,"2026-07-21 19:31:17",919.2,2,bhavitb
264,16486270,TCGFlow,"2026-07-19 03:21:06",918.7,2,tcgflow
265,16387757,Gracie,"2026-07-20 15:17:27",918.4,2,gracie428
266,16448124,Omniscience,"2026-07-19 04:23:14",918.1,2,"bonsanto,danielcasellas"
267,16382234,"hpp sak","2026-07-21 16:36:04",917.5,2,hppsak
268,16373942,sea8gull,"2026-07-18 03:29:13",917.0,2,sea8gull
269,16389250,Kurokawa,"2026-07-21 07:42:37",916.8,2,hiroshikurokawa
270,16375179,LagrangianLocomotive,"2026-07-22 05:23:48",916.8,2,lagrangianlocomotive
271,16399990,MMA,"2026-07-16 07:39:27",916.5,2,"cotora2121,hiroto0715,jittaboys,katosh,temmawatanabe"
272,16381560,aknomura,"2026-07-18 13:30:15",916.5,2,akihironomura
273,16539421,"Zachary Zhang","2026-07-22 07:21:22",916.1,2,zacharyzhang16
274,16585085,"Haokai Ding","2026-07-22 12:39:12",915.3,2,ditang0125
275,16532928,"Aurora wy","2026-07-22 10:28:23",915.2,2,aurorawy
276,16374632,cyrus,"2026-07-13 17:45:39",914.7,2,charlielockyer
277,16375215,mewworldorder,"2026-07-20 04:26:03",914.6,2,xiaoxiaomichaellong
278,16553549,namopanda,"2026-07-18 13:37:17",914.6,2,namopanda
279,16373571,チーム運河,"2026-07-22 08:43:18",914.4,2,"kitano0104,kvinjp,ryyymy,soutacobura,yaarrow"
280,16445366,渡邊征央,"2026-07-11 02:28:13",914.0,2,undertaker3409
281,16399469,zunzun_ikouze,"2026-07-15 16:49:00",913.6,2,zunzunikouze
282,16372157,"mackerel is all you need","2026-07-16 04:28:27",913.0,2,"mackerel38,nikoro256"
283,16534863,presucc,"2026-07-20 02:58:50",912.3,2,presucc
284,16378422,変化の書ゾロアーク,"2026-07-09 11:35:01",911.9,2,hikaru2357
285,16381394,GreatestCutie,"2026-07-22 13:23:12",911.2,2,greatestcutie
286,16386198,kaggle_bbgg,"2026-07-21 14:21:01",910.3,2,kagglebbgg
287,16407814,ノノノノノノノノ,"2026-07-22 08:18:00",910.0,2,"nonono6787,takasuhiyu"
288,16386067,xinpw8,"2026-07-13 11:58:31",909.6,2,xinpw8
289,16372743,tamakiken_OB,"2026-07-20 02:10:08",909.4,2,"fukuzawatakumi,shimonhori,versavice"
290,16399636,"Bozo Boys","2026-07-21 23:44:17",909.0,2,"gunnermartineau,habibmatar2"
291,16382055,kajitake,"2026-07-21 14:27:14",908.9,2,watarukajihara
292,16492482,"Ryo Hasegawa","2026-07-19 00:36:18",908.8,2,ryohasegawa926
293,16375329,"Takuya Ando","2026-07-05 23:47:09",908.4,2,takuyaando11
294,16376982,Praxel,"2026-07-21 17:22:21",908.2,2,praxel
295,16397006,"Tys TANA","2026-07-22 12:23:22",908.2,2,tystana
296,16375320,カントー地方マスター,"2026-07-22 14:07:25",907.9,2,"jjinho,ttyn4519"
297,16401957,Eggplanck,"2026-07-22 03:23:42",907.9,2,gyozzza
298,16373344,mimi,"2026-07-20 16:51:41",907.7,2,minakikirato
299,16484130,Rok,"2026-07-20 22:48:36",907.6,2,rokshimiz
300,16551074,"Lukas Ogiermann","2026-07-22 12:44:08",907.5,2,lukasogiermann
301,16376903,ImANoob1122,"2026-07-04 16:49:49",906.8,2,imanoob1122
302,16449149,hoshippi,"2026-07-22 12:48:26",906.4,2,hoshippi
303,16383515,PavelLiashkov,"2026-07-21 14:18:42",905.6,2,bigbag1983
304,16447261,🐱KittenLeague🐱,"2026-07-22 08:23:25",905.5,2,"cicimeow,onlytimeknows"
305,16381145,X,"2026-07-08 00:46:34",904.9,2,maciejsypetkowski
306,16400727,mmwstudy,"2026-07-20 14:33:20",904.4,2,mmwstudy
307,16372719,"Himi Yamato","2026-07-20 07:38:47",904.0,2,himihimi
308,16442141,KouFu,"2026-07-22 08:10:07",904.0,2,kouheif
309,16436594,"Katsuki Ohshita","2026-07-22 13:45:54",903.5,2,katsukiohshita
310,16371923,seven,"2026-07-22 11:41:00",903.4,2,morikawatakeshi
311,16371913,soraemon,"2026-07-05 16:16:11",903.0,2,soraemon
312,16373681,"Shota Hirao","2026-07-21 09:10:47",902.7,2,shotahirao
313,16371940,ondy0705,"2026-07-16 06:16:36",902.4,2,"bluenero,metaru0812,ondy0705,romyroming"
314,16382442,trickstar,"2026-07-10 20:58:46",902.0,2,trickstar
315,16421541,github/shepsci/kaggle-skill,"2026-07-22 03:04:26",902.0,2,shepscientific
316,16389479,Bata09,"2026-07-03 10:28:14",901.9,2,bata09
317,16443042,Ken_Ken_Pa,"2026-07-21 21:46:27",901.5,2,kenkenpa
318,16516751,"Chong Pfeffer","2026-07-13 09:43:02",901.3,2,chongpfeffer
319,16381375,KHira,"2026-07-17 03:58:56",901.2,2,kanahirao
320,16371476,porply,"2026-07-18 09:55:21",900.1,2,porply
321,16372168,goonew,"2026-07-21 22:55:38",900.0,2,goonew
322,16460880,flxwld,"2026-07-20 23:01:17",900.0,2,flxwld
323,16371703,やる気元気ミワハルキ,"2026-07-21 23:57:30",899.9,4,"cnumber,confirm,harukimiwa,masayoshi64,tomo0608"
324,16512805,researcher_4242,"2026-07-19 16:32:04",899.8,2,researcher4242
325,16450204,AdrianWang2003,"2026-07-22 05:48:20",899.6,2,adrianwang2003
326,16389156,koga_poke,"2026-07-08 14:35:09",899.5,2,kogapoke
327,16392357,HiroyukiSasaki,"2026-07-19 09:31:17",898.7,2,hiroyukisasaki815
328,16419163,Xander,"2026-07-22 01:44:09",898.4,2,canqiang
329,16389099,puraza,"2026-07-22 04:41:45",898.4,2,puraza
330,16444876,L-WALID,"2026-07-18 13:26:10",898.4,2,elwalidibrahim
331,16372846,すーぱーひとで,"2026-07-21 05:39:41",898.1,2,dohidohitode
332,16552293,"Matteo Pintore","2026-07-22 12:01:51",898.0,2,matteopintore
333,16382338,"Kers Aoyagi","2026-07-21 19:45:14",897.7,2,kersaoyagi
334,16385310,yayoi111,"2026-07-22 07:09:46",897.5,2,tomoyakusama
335,16385038,"Misaka Mikoto","2026-07-22 07:34:49",897.4,2,misakamikoto66
336,16385953,Ajishio,"2026-07-17 14:12:16",896.9,2,ajishio
337,16389304,K.Yoshida,"2026-07-21 22:25:10",896.9,2,kyoshida17
338,16375480,kidekikish,"2026-07-19 05:54:19",896.5,2,kidekikish
339,16381864,"Jiachen Li","2026-07-20 04:14:42",896.1,2,llccqq624
340,16386538,mtskggle,"2026-07-22 12:20:59",895.9,2,matsusakaggle
341,16446905,清水一希,"2026-07-05 00:55:17",895.5,2,kazukishimizu0427
342,16381061,firstbreak32,"2026-07-22 06:52:20",895.5,2,firstbreak32
343,16391853,yuya,"2026-07-22 09:14:25",895.4,2,yuomori
344,16388680,poppy457,"2026-07-20 12:02:08",895.0,2,poppy457
345,16477955,fizzmi,"2026-07-21 11:53:08",894.6,2,fizzmi
346,16472941,NaNomin,"2026-07-17 00:00:36",894.5,2,nanomin
347,16499734,yuuri,"2026-07-19 04:15:16",894.5,2,yuuuuuuuuri
348,16542712,ylab暫定,"2026-07-21 18:01:25",894.3,2,"mechi22,wessafij,ylabuni"
349,16375864,Kyohei,"2026-07-21 23:39:39",893.4,2,kyohei3
350,16475372,apetresc,"2026-07-09 15:17:58",893.1,2,apetresc
351,16388309,kokinnwakashuu,"2026-07-22 07:16:54",892.7,2,kokinnwakashuu
352,16382115,BluezLee,"2026-07-21 18:59:08",892.4,2,bluezlee
353,16585546,Growingduck,"2026-07-22 12:46:20",892.4,2,jaeminkang2021
354,16379469,aidy,"2026-07-04 03:35:41",892.0,2,aidy1991
355,16375942,perrodawn,"2026-07-22 12:06:38",891.8,2,"perrodawn,rb25det,shinzotakayama,toranosukenoda"
356,16463848,MAMOOS,"2026-07-13 08:51:07",891.6,2,mamoruotsuka
357,16420169,"hell yeah","2026-07-05 20:24:51",891.4,2,kharintymofii
358,16389883,srm463,"2026-07-01 13:01:08",891.1,2,srm463
359,16392754,"Arti-fish-ial Intelligence","2026-07-21 04:51:05",890.8,2,"atom1231,russcore,tom99763"
360,16377088,syuuuuu,"2026-07-21 11:16:44",890.2,2,"qshiki,syuuuuukun"
361,16534907,Rasdafar,"2026-07-17 09:22:31",890.0,2,rasdafar
362,16451611,ShoheiSaito,"2026-07-22 13:30:56",889.9,2,shoheisaito
363,16462485,teem,"2026-07-21 22:14:59",889.4,2,"cidkardi,davidned,hlibkarpiuk"
364,16461923,Chellick,"2026-07-07 02:28:32",889.2,2,matweyisupov
365,16409831,"Yuki Mizutani","2026-07-21 00:19:45",888.5,2,yukimizutani
366,16379668,"Hirotaka Sugawara","2026-07-17 04:27:52",888.4,2,hirotakasugawara
367,16394409,"Kento Umeda","2026-07-20 21:53:08",888.3,2,kent1989umeda
368,16443196,"Changyuan Chen","2026-07-21 18:53:03",888.2,2,changyuanchenmit
369,16423208,mutualns,"2026-07-19 07:53:16",888.1,2,mutualns
370,16554960,Masato_Hidaka,"2026-07-22 07:50:20",888.1,2,dakama
371,16392570,sangmin7b,"2026-07-08 03:26:50",888.0,2,sangmin7b
372,16425441,Gronk,"2026-07-21 14:33:36",887.8,2,jianyicai
373,16382471,"Murat Kolic","2026-07-21 19:46:14",887.7,2,muratkolic
374,16517321,车嘉宁（Mr-Car）,"2026-07-22 00:23:38",887.6,2,gallifreycar
375,16424485,"Ezra #2","2026-07-22 06:13:50",887.5,2,ezberch
376,16482183,haruto,"2026-07-22 00:38:17",886.7,2,inumaru9n
377,16372976,Hishi057,"2026-07-22 07:34:58",886.6,2,"hishi057,raster0x2a"
378,16425415,flaty,"2026-07-22 12:15:49",886.4,2,flat831
379,16374470,"Victor Gonzalez","2026-07-16 19:28:46",886.2,2,darkbitur
380,16376649,YutoRagi,"2026-07-22 12:34:09",885.7,2,"ysakuragi,yutori3"
381,16458618,caprest,"2026-07-22 10:07:45",885.5,2,caprest
382,16373037,"Flying Banana","2026-07-21 14:18:37",885.5,2,wasizu
383,16533036,"AL Najafi","2026-07-14 03:40:13",885.4,2,alnajafi
384,16531874,浅井翔,"2026-07-22 01:36:22",885.3,2,asaisho007
385,16381433,"Dick Jessen William","2026-06-25 13:23:33",884.6,2,dickjessenwilliam
386,16422241,"Raihan Ramadistra","2026-07-22 12:15:53",884.5,2,raihanramadistra
387,16382643,"haruki nishio","2026-07-18 16:21:51",884.3,2,"harukinishio,kimihina666"
388,16384608,XP3RiX,"2026-07-07 20:24:49",884.2,2,xp3rix
389,16531283,jiangzhenyue,"2026-07-21 15:50:17",884.0,2,jiangzhenyue
390,16530693,"Nobu Kimura","2026-07-20 23:30:58",883.7,2,keb1175
391,16554820,黄琪峻,"2026-07-22 10:41:03",882.6,2,hqj66666
392,16440498,XIAODOUZI,"2026-07-13 22:26:09",882.2,2,xiaodouzi666
393,16373028,Claude_Agents,"2026-07-21 00:35:15",882.0,2,hikari30
394,16533188,AliLucky,"2026-07-21 20:19:31",882.0,2,alilucky
395,16377244,"pino 70122","2026-07-20 12:45:40",881.8,2,pino70122
396,16372211,nigenight,"2026-07-21 21:18:25",881.4,2,nigenight
397,16377906,aramaa_game,"2026-07-19 08:29:43",881.1,2,aramaagame
398,16379865,Abhyuday,"2026-07-22 00:26:41",880.5,2,abhyuday10
399,16401054,"Aki Ogawa","2026-07-18 01:42:10",880.5,2,akiogawa
400,16379599,v0m0v,"2026-07-22 04:14:22",880.3,2,"maguchiya,rabbyrinth"
401,16383689,"Mikael Marcondes","2026-07-22 10:32:36",880.1,2,mikaelmarcondes
402,16383204,StephenNedumpally,"2026-07-10 15:28:02",879.9,2,stephennedumpally
403,16479789,"Hotaru dango","2026-07-16 14:27:40",879.8,2,maoqinweng
404,16385863,"genki toyama","2026-07-12 08:04:48",879.0,2,genkitoyama14
405,16541348,ibyyue,"2026-07-22 01:48:32",879.0,2,ibyyue
406,16424365,easonyanyan,"2026-07-22 05:04:08",878.7,2,easonyanyan
407,16500109,AmeliaLL,"2026-07-18 04:46:25",878.6,2,llqnt33
408,16500094,"Guu Yangqi","2026-07-18 04:40:10",878.5,2,guuyqb
409,16371935,ZETADIVISION,"2026-07-22 10:03:22",878.0,2,"gya999,yadoyado"
410,16377608,kostis,"2026-07-22 09:41:13",877.9,2,kostis7
411,16559285,Fususu,"2026-07-22 05:36:12",877.9,2,phuongncn
412,16447449,vkhydras,"2026-07-19 19:20:46",877.7,2,vickimar
413,16405194,Kaileh57,"2026-07-15 20:15:33",877.6,2,kaileh57
414,16376162,showtree,"2026-07-22 09:55:17",877.6,2,showtree
415,16394135,Abhi,"2026-07-22 04:12:01",877.3,2,zeroday19
416,16465163,"Fakble 6","2026-07-19 09:36:54",877.3,2,"rarara108,xuemaixie"
417,16375921,Seasaw,"2026-07-22 02:43:54",877.1,2,"buchidev,chickbreast,graypein,ryuumehara"
418,16552917,"Brian Naff","2026-07-20 22:54:34",877.1,2,briannaff
419,16372862,sbite0138,"2026-07-17 11:49:40",876.8,2,sbite0138
420,16510141,OctahedronBB,"2026-07-21 09:44:13",876.8,2,octahedronbb
421,16393140,yasu,"2026-07-20 11:26:18",876.7,2,yasutakababa
422,16411931,"Amon Suzuki","2026-07-22 00:34:22",876.2,2,amonsuxuki
423,16434663,"Iwa Iwa","2026-07-20 14:26:31",876.2,2,iwaiwa
424,16515738,llAnjull,"2026-07-20 06:03:55",876.1,2,llanjull
425,16500076,LarryBart,"2026-07-17 12:45:24",876.0,2,uphobart
426,16537143,xinwang,"2026-07-20 04:46:25",875.9,2,xxxtetantion
427,16452699,Huangxiayiluo,"2026-07-09 07:09:13",875.9,2,huangxiayiluo
428,16443122,"motono0223 ex","2026-07-22 04:11:20",875.8,2,motono0223
429,16380240,backstona,"2026-07-14 13:25:10",875.5,2,varadarajborkar
430,16375634,shuheitagawa,"2026-07-20 15:34:12",875.2,2,"shuheitagawa,tsubasaaraki"
431,16449156,"S RＴmeg7","2026-07-20 15:03:45",874.9,2,srmeg7
432,16385975,Dapp,"2026-07-21 20:25:58",874.7,2,lgloria
433,16375967,watruri,"2026-07-11 01:31:28",874.4,2,watruri
434,16411874,Juyong,"2026-07-17 23:21:11",874.2,2,kimdoong
435,16380589,Pixegami,"2026-07-19 12:28:41",874.0,2,jackpx
436,16377081,RK,"2026-07-14 08:10:01",874.0,2,ryotarokurita
437,16384924,yaki-imo,"2026-07-21 22:58:57",872.9,2,taichiakiyama
438,16517433,"Mallard Duck","2026-07-17 18:03:06",872.9,2,mallardduck42
439,16382001,NecromanAlbert,"2026-07-21 07:27:05",872.6,2,necromanalbert
440,16376095,ren110,"2026-07-04 17:51:43",872.5,2,ren110
441,16542564,养猪小能手,"2026-07-20 12:25:02",872.3,2,leehuiii
442,16382269,itsuki-data,"2026-07-22 13:03:10",872.2,2,itsuki89
443,16512705,"gogogozi migimimi","2026-07-15 15:48:35",872.1,2,gogogozimigimimi
444,16574087,Shiyuanhe123,"2026-07-21 07:19:01",872.0,2,shiyuanhe123
445,16380542,NuuNohjo,"2026-07-10 15:15:40",871.7,2,nuunoh
446,16467431,"zhuo wamg","2026-07-21 12:54:37",871.6,2,zhuowamg
447,16445101,박강찬,"2026-07-22 03:42:49",871.2,2,pkchansanai
448,16404314,bonsai,"2026-07-16 00:12:26",871.1,2,aerospacio
449,16372196,PyJa,"2026-07-20 02:33:14",870.8,2,pixiux
450,16399036,nattomaki,"2026-07-02 11:22:15",870.5,2,"nattomaki,yakiba"
451,16394178,"Raunak Dey","2026-07-22 13:29:59",870.5,1,raunakdey07
452,16373991,"Kamal Das","2026-07-03 16:01:41",870.5,2,kmldas
453,16474743,"Mykhailo Kalus","2026-07-22 00:58:55",870.4,2,mykhailokalus
454,16375757,gtansu,"2026-07-20 09:57:20",870.0,2,gtansu
455,16379262,"Naoki Osako","2026-07-04 05:14:41",870.0,2,naokiosako
456,16422356,y_nakai390,"2026-07-20 15:34:55",870.0,2,afmanyu
457,16482062,"Hikaru Umeda","2026-07-20 06:30:16",869.9,2,hikarumeda1030
458,16382949,"Shigu Marimo","2026-07-10 09:53:45",869.8,2,shigumarimo
459,16569385,"Kuze Luz","2026-07-19 09:42:32",869.4,1,kuzeluz
460,16399212,Seiyo,"2026-07-19 19:03:45",869.3,2,seiyoo
461,16542140,Soup,"2026-07-22 12:45:16",869.3,2,duhnoob1010gamer
462,16381725,llkarill,"2026-07-15 23:45:17",868.9,2,llkarill
463,16371620,"Manato TAKAI","2026-07-19 00:00:29",868.8,2,manatotakai
464,16511326,Adastra,"2026-07-18 04:02:19",868.7,2,tsingyuan
465,16372517,S4nkurero,"2026-07-22 11:43:32",868.5,2,sankurero
466,16375282,"david valor","2026-07-14 20:01:19",868.4,2,davidvalor
467,16384280,"Cem Orhan","2026-07-21 08:21:41",868.3,2,orhancem
468,16391755,Toru59er,"2026-07-21 01:39:45",868.0,2,toru59er
469,16377702,"Koki Funahashi","2026-07-22 05:19:02",867.7,2,funashi
470,16559892,victor,"2026-07-22 12:00:49",867.5,2,vicmcorrea
471,16507120,"Ardell Aghna Mahendra","2026-07-09 03:28:11",867.5,2,ardellaghnamahendra
472,16492013,"Joseph Adamski","2026-07-09 20:40:23",867.4,2,josephadamski91
473,16371734,ghostiee11,"2026-06-16 19:57:10",867.2,2,ghostiee11
474,16372466,akzw,"2026-07-22 06:18:37",867.2,2,akzw4649
475,16405181,YOKKO,"2026-06-25 11:02:17",867.1,2,yokkomystery
476,16412662,HughTCG,"2026-07-20 06:04:43",867.0,2,hughtcg
477,16544393,"Monibee Fudgekins","2026-07-21 13:27:42",866.7,2,monibeefudgekins
478,16394084,s_a_ai_enginner,"2026-07-22 09:37:10",866.5,2,saaienginner
479,16378429,5.5,"2026-07-22 13:34:03",866.2,2,lihaha36
480,16380201,xthixsl_ml,"2026-07-22 09:33:14",865.8,2,xthistle999
481,16404230,"Akhil Chinta","2026-07-20 15:29:53",865.5,2,akhilchinta1505
482,16378106,CMK,"2026-07-22 07:53:50",865.3,2,"calvinsan123,linnkhantcho,m2km2k"
483,16511602,Dr_F,"2026-07-16 10:20:11",865.3,2,algebraictopology
484,16372986,monsaraida,"2026-07-22 00:01:53",865.1,2,monsaraida
485,16539311,"xiaoxin zhao","2026-07-13 12:42:14",865.0,1,xiaoxinzhao
486,16380153,gonbe,"2026-07-21 13:57:32",865.0,2,"gonbe99,tacpcg"
487,16495545,hau_uah,"2026-07-22 09:19:31",864.8,2,hauuah
488,16372359,Star-mine,"2026-07-19 05:27:36",864.7,2,"jinkai01,peppernxt"
489,16532743,xamad,"2026-07-22 11:46:36",864.7,2,giannicerrato
490,16374746,Yuzuki,"2026-06-18 15:09:47",864.4,2,yuzukiohya
491,16376861,keibrown,"2026-07-11 03:58:23",864.2,2,keibrown
492,16379460,erdanieee,"2026-07-20 08:53:06",864.0,2,erdanieee
493,16512099,"Rahul Jiwane","2026-07-21 04:48:37",863.9,2,rahuljiwane
494,16373169,"Hiro Nomo","2026-07-22 09:59:23",863.9,2,morinokuma3
495,16378975,"Jhu, Jhe-Yi","2026-06-17 08:17:05",863.1,1,jhujheyi
496,16578061,Pachirisu,"2026-07-21 20:34:33",862.7,2,municef1
497,16461420,"Anvith Pothula","2026-07-17 01:35:40",862.7,2,anvithpothula
498,16508047,YusukeMorimoto,"2026-07-19 04:10:20",862.6,2,yusukemorimoto
499,16418151,"peeta pit","2026-07-20 22:30:08",862.5,2,peetapit
500,16373257,"Gotta Smash 'Em All","2026-07-22 09:54:28",862.3,2,"aristophanivan,johnjanson,makarrogovik,naladwepo,romantamrazov"
501,16403794,Larps,"2026-07-21 00:00:41",861.7,2,"nitinvijayapandi,safm1rza"
502,16372588,noikaret,"2026-07-03 19:03:03",861.7,2,noikaret
503,16508222,"Binghui Xu","2026-07-22 08:35:06",861.5,2,binghuixu
504,16421599,"Marshall Maximizer","2026-07-22 04:41:47",861.5,2,linkinpony
505,16372993,【ＡＩと共に、ＡＩと戦う】tubotu,"2026-07-22 04:49:15",860.5,2,tubotu
506,16411998,"MIRAI LAB","2026-07-22 12:04:31",860.5,2,mirailab
507,16380924,"kwn mmm","2026-07-21 13:53:46",860.5,2,"kwnmmm,yakioni1129"
508,16558156,XujianyuShow,"2026-07-20 01:01:17",860.0,2,xujianyushow
509,16405998,香村貴之,"2026-06-21 07:38:46",859.8,2,k19920120
510,16484258,fksmaaaaa,"2026-07-05 02:52:58",859.7,2,shakesalmon
511,16376743,Xstella,"2026-06-18 06:09:57",859.6,1,xstella
512,16426716,sam_the_rice_cake,"2026-07-22 13:27:47",859.4,2,"hash548,wliilamsam"
513,16508454,Piiikapika,"2026-07-21 14:41:56",859.3,2,"itzzomkar,khanayanayub,kushagrasharma1730,princypaonam"
514,16380674,Latte,"2026-07-22 04:33:57",859.0,2,"fmasaya,taichiiiii,yukiharada1228"
515,16383855,"Zer0 Karat","2026-07-20 15:50:34",859.0,2,zer0karat
516,16373379,"Mogja J","2026-07-22 03:22:25",858.8,2,mogjaj
517,16541520,"cabbage patch","2026-07-22 00:05:14",858.7,2,cabbageburger
518,16532774,"Daewoo Myoung","2026-07-19 09:34:31",858.6,2,ttagu99
519,16405276,tereka,"2026-07-15 00:34:50",858.4,2,tereka
520,16387005,東京みらいテック行政書士事務所,"2026-07-16 03:45:49",858.3,2,pocoken99
521,16376653,"szlachetny snieg","2026-07-22 06:51:35",858.3,2,takayukiimoto
522,16382745,立て板に水,"2026-07-12 09:34:27",858.2,2,tateitamizu
523,16386182,Choruru,"2026-07-15 10:29:23",857.8,2,choruru
524,16490205,zhangsan1224789,"2026-07-16 14:13:20",857.8,2,zhangsan1224789
525,16557927,ocotopus,"2026-07-21 03:14:56",857.8,2,shenyangping
526,16418966,eurusoo,"2026-07-19 09:32:20",857.7,2,eurusoo
527,16376533,Kyo_s_s,"2026-06-17 02:45:37",857.6,1,"kyosss,yomi8802"
528,16551909,"Seine A. Shintani","2026-07-22 10:06:01",857.5,2,seineashintani
529,16485604,"Marcha Watanabe","2026-07-20 01:48:09",857.4,2,marchawatanabe
530,16494164,Soruton,"2026-07-18 13:27:04",857.4,2,shionfukuhata
531,16390148,kenN2439,"2026-06-18 17:17:20",857.4,1,kenn2439
532,16377682,Mint120,"2026-07-22 09:23:06",857.3,2,mint120
533,16417386,"azuma haruki","2026-07-22 07:50:33",856.8,2,azumaharuki
534,16391514,"Aji Samudra","2026-07-22 07:21:18",856.8,2,ajisamudra
535,16378904,ShumingFang,"2026-07-16 01:47:29",856.8,2,shummingfang
536,16374886,"Tagir Analyzes","2026-07-11 10:13:56",856.6,2,tagirkhairutdinov
537,16445012,"Nicolas Gomasjaya","2026-07-21 12:13:58",856.5,2,nicolasgomasjaya
538,16441104,HCRL,"2026-07-16 18:25:16",856.3,2,"mrooto,rahaia"
539,16464925,"yyy yyy","2026-07-13 01:55:49",856.1,2,nsugar7
540,16374279,"Aman Atar","2026-07-02 11:29:29",855.4,2,amanatar
541,16389765,みがわり,"2026-07-15 11:50:58",854.7,2,siruru2007
542,16430457,kokomi,"2026-07-03 01:26:49",854.6,2,koukoumi
543,16462793,"Brady Meighan","2026-07-21 06:15:17",854.6,2,bradymeighan
544,16438175,KakuTakagawa,"2026-07-22 10:27:48",854.5,2,kakutakagawa
545,16566908,"Kailee Hamre","2026-07-21 23:53:18",854.5,2,lee14k
546,16565580,oQo,"2026-07-21 22:28:03",854.3,2,"oqoxodk6,takeuchidaisuke2001"
547,16381205,"Light Musing","2026-07-05 12:16:57",854.1,2,sunnyk92
548,16420873,"Evily Evihut","2026-07-21 10:05:34",854.1,2,evilyevihut
549,16387015,KooDol,"2026-07-22 00:45:38",854.1,2,koodol
550,16438002,clawspark,"2026-07-18 07:23:00",854.0,2,"cjrain,clawspark"
551,16388024,LunarLabs,"2026-07-19 07:27:25",853.9,2,lunarlabs
552,16439862,tadhase,"2026-07-03 09:31:10",853.8,2,tadhase
553,16389230,"Xenon Soh","2026-06-21 07:03:06",853.7,2,xenonsoh
554,16500068,maniackk,"2026-07-16 01:10:16",853.6,2,mindmaniac1
555,16489606,"junseo lee","2026-07-14 22:51:08",853.4,2,junnseolee
556,16385733,"Kazuta MIZUTA","2026-07-20 03:10:07",853.4,2,kazutamizuta
557,16432117,volume_pomeranian,"2026-07-21 21:53:16",853.1,2,"pomeranian0213,volumedreamer"
558,16404687,FirstSS-Sub,"2026-07-05 17:15:03",852.9,2,firstsssub
559,16422428,Денис,"2026-07-22 07:53:08",852.9,2,dambek
560,16450654,YIN,"2026-07-12 19:00:49",852.5,2,yuhsukein
561,16382248,うつせぎ,"2026-06-17 14:52:29",852.5,2,utsusegi
562,16487974,"Gyan Melior","2026-07-21 21:48:38",852.3,2,gyanmelior
563,16389466,DevAIL,"2026-07-20 12:46:32",852.2,2,"mtuzov,omarpanda,oxigengames"
564,16380615,tellusium,"2026-07-19 10:28:46",852.2,2,tellusium
565,16395443,minfaox3,"2026-07-19 12:46:52",851.9,2,minfaox3
566,16450161,"near field","2026-07-16 02:25:03",851.4,2,nearfield1234
567,16413128,Dicer992,"2026-07-01 05:50:11",851.3,2,dicer992
568,16453568,"Heitor Westphal","2026-07-22 12:47:19",851.3,2,heitorwestphal
569,16568571,"Dilyorbek Muhammadjonov","2026-07-22 06:37:09",851.3,2,dilyorbek
570,16379584,yaruwo,"2026-06-18 00:47:39",851.2,1,yaruwo
571,16540091,"Akio Furutsuka","2026-07-19 22:37:01",851.2,2,akiofurutsuka
572,16379700,Skyscraver,"2026-06-17 10:52:56",851.2,1,jamesccc
573,16439350,"Alexandru Tanasel","2026-06-29 20:06:38",851.0,2,tanasel
574,16380164,nikechan,"2026-07-22 13:15:55",850.9,2,nikehasegawa
575,16542748,hoshi3,"2026-07-18 05:29:55",850.8,2,hoshi3
576,16440497,BackFiring,"2026-07-16 00:50:27",850.6,2,backfiring
577,16539852,Tsubasa,"2026-07-20 02:17:37",850.3,2,okawatsubasa
578,16475628,"Gayathri Rajeev77","2026-07-07 19:43:41",850.0,2,gayathrirajeev77
579,16388315,如月メノウ,"2026-07-19 11:19:37",849.9,2,menoukisaragi
580,16377338,"JiMing Feng","2026-07-21 05:36:23",849.9,2,jimingfeng
581,16384871,Plamen,"2026-07-18 11:47:51",849.7,2,"mirzayasirabdullah07,plamen06"
582,16374211,"Ikki Katsuyama","2026-07-16 00:13:28",849.7,2,kacchanwriting
583,16376968,banana,"2026-07-14 03:12:19",849.7,2,cellphonebanana
584,16391429,tarakobasuta,"2026-07-20 13:46:07",849.6,2,tarakobasuta
585,16371604,pham,"2026-06-19 08:07:24",849.4,2,phamworks
586,16382914,vibechu,"2026-07-21 20:06:16",849.3,2,"h4pzzz,santiagojumah"
587,16531497,"Bart von Meijenfeldt","2026-07-22 11:32:29",849.1,2,"bartvm,edwynmesman"
588,16382673,pompom555,"2026-07-22 07:22:00",848.9,2,pompom555
589,16498967,"Twe Dyo","2026-07-15 00:01:04",848.7,2,twedyo6
590,16442835,Yunioshi,"2026-07-21 13:56:44",848.5,2,yunioshi
591,16405672,D.Minami802,"2026-07-11 09:40:28",848.5,2,daikiminami802
592,16506955,luckyappley,"2026-07-17 07:53:36",848.4,2,luckyappley
593,16389894,poijio,"2026-07-18 10:19:20",848.2,2,poijio
594,16381024,kosumo77,"2026-06-18 05:20:37",848.1,1,kosumo77
595,16553647,fle3n,"2026-07-22 09:30:15",848.0,2,fleongg
596,16583716,"Muhammed Eliwat","2026-07-22 12:58:47",848.0,2,muhammedeliwat
597,16471115,PhiRogue,"2026-07-21 11:52:24",847.8,2,phirogue
598,16381506,tototo,"2026-07-11 06:15:13",847.7,2,t0tot0
599,16466723,susutem,"2026-07-22 12:24:28",847.6,2,susutem
600,16389991,u2,"2026-07-22 06:10:14",847.4,2,"masatakashiwagi,yu10naka"
601,16463150,IPL,"2026-07-20 17:36:49",847.4,2,"ipl2026kenji,iplhama,iplkoide,puddingcaramel"
602,16379464,OSELCOUN,"2026-07-22 12:40:41",847.4,2,"gonzaresuyamada,hayatomurata,hirotomiyadate,shintamorikawa,vibekaggler"
603,16445258,MTADA,"2026-07-20 01:07:48",847.3,2,"masarutada,tokitamago"
604,16378742,Rian,"2026-07-21 23:21:20",847.0,2,rian55
605,16376836,8_16,"2026-07-20 06:36:18",847.0,2,batchevall
606,16386122,cimyzzz,"2026-06-29 01:13:54",846.7,2,cimyzzz
607,16561141,"A. R. SEKKAT","2026-07-20 11:34:24",846.7,2,arsekkat
608,16374861,"Mateusz Pawełczuk","2026-07-14 12:55:17",846.6,2,mateuszpaweczuk
609,16391222,Muya,"2026-07-19 07:25:41",846.5,2,markkamuya
610,16383824,のはたく,"2026-07-14 22:43:06",846.5,2,"dofer0910,nohataku,noritake0117"
611,16382227,takusemba,"2026-07-22 13:22:01",846.4,2,takusembba
612,16374086,taopy2,"2026-07-20 16:35:36",846.2,2,taopy2
613,16389796,gurene-do,"2026-07-16 01:18:27",846.1,2,gurenedo
614,16543375,我脑子不太好,"2026-07-18 15:17:15",846.1,2,demacia1314
615,16511961,"Changye Li","2026-07-11 02:40:23",846.0,2,antoinegg1
616,16413350,"Igor V","2026-07-22 12:08:02",845.8,2,rostigor
617,16372486,OBS$E$SED,"2026-07-06 06:30:42",845.8,2,fanhuaiyuan
618,16372108,hatakazu93,"2026-07-12 00:36:39",845.8,2,hatakazu93
619,16387786,NiuNiu,"2026-07-22 09:05:45",845.8,2,"outlier4933,rockyowo"
620,16400159,RyoK,"2026-07-21 02:52:41",845.7,2,ryosukekurakami
621,16385277,AEONcorridor,"2026-07-06 19:48:03",845.7,2,aeoncorridor
622,16383193,https://sunnyinspires.com/,"2026-07-03 02:18:27",845.5,2,sunnynguyensanjoseca
623,16500086,"lei minish","2026-07-18 04:00:43",845.5,2,leimsh
624,16488385,"Saulo Quiñones Góngora","2026-07-22 03:47:38",845.3,2,sauloquionesgngora
625,16541487,pacific_diesel,"2026-07-22 00:03:41",845.2,2,pacificdiesel
626,16428079,MysMon,"2026-07-07 00:59:50",845.1,2,mysmon
627,16470921,KL,"2026-07-21 16:40:10",845.1,2,mono555
628,16411641,maxwell_ml,"2026-07-13 13:54:20",845.1,2,maxwellml
629,16433664,forest2026,"2026-07-17 03:48:41",845.0,2,forest2026
630,16389945,koiwashi,"2026-06-23 07:39:43",845.0,2,koiwashi
631,16494330,zhangshuosc,"2026-07-21 04:03:36",844.6,2,zhangshuosc
632,16437937,tenajima,"2026-07-06 00:28:45",844.4,2,tenajima
633,16439282,otashue,"2026-07-22 07:41:16",844.4,2,otashue
634,16530889,sat0113,"2026-07-15 04:54:57",844.1,2,sat0113
635,16378036,Ingenio,"2026-07-20 03:19:24",844.0,2,ingenio
636,16406902,NeckBeard,"2026-07-10 03:55:35",844.0,2,akihiroorita
637,16374458,"ZZZ gang ML clan team muxomor","2026-07-18 22:54:02",844.0,2,"egoregors,vladmazeev"
638,16380293,FOYSAL,"2026-07-12 19:54:07",843.9,2,foysalemonshanto
639,16388602,hosyan,"2026-07-22 06:56:33",843.9,2,"hosyan3279,mureee54,nerohix"
640,16483988,"Akira Hirohashi","2026-07-22 04:08:50",843.8,2,akirahirohashi
641,16379555,hikaru_ishihara46,"2026-07-15 19:00:05",843.7,2,hikaruishihara46
642,16381517,tomato414941,"2026-07-06 10:35:30",843.4,2,tomato414941
643,16447433,SORA,"2026-07-22 03:10:42",843.3,2,sorareita
644,16382678,"Felipe Garcia","2026-07-15 02:31:13",842.8,2,felipegarciaw
645,16382937,難波彰史,"2026-06-18 14:03:47",842.7,2,s1300061
646,16539348,Rachelton,"2026-07-13 12:48:37",842.7,1,tonicv
647,16402035,"Inlon Kou","2026-06-26 00:45:40",842.7,2,inlonkou
648,16372861,"Andreas Palmgren","2026-07-17 06:26:31",842.3,2,andreaspalmgren
649,16429603,CCoffie,"2026-07-22 05:41:01",842.2,2,ccoffie
650,16446951,NIWATORI,"2026-07-20 12:43:12",842.1,2,niwatori
651,16371777,Ravindra,"2026-07-09 02:16:54",841.6,2,ravi123a321at
652,16400904,yuyutech(Genuine),"2026-07-10 05:33:10",841.3,2,yuyutechgenuine
653,16480449,"Rahul Rathnavel K","2026-07-03 07:12:34",841.3,2,rahulrathnavel
654,16377684,"Pilkwang Kim","2026-07-18 11:38:25",841.1,2,pilkwang
655,16378170,"The Debauchery Tea Party","2026-07-22 10:15:57",841.0,2,"hirotosasaoka,satoshihaimura,sizumita"
656,16430159,"Dmitry Volovikov","2026-07-16 10:27:11",840.9,2,dmitryvolovikov
657,16465213,Hase2727,"2026-07-21 09:24:09",840.8,2,hase2727
658,16376253,Pytorch,"2026-07-12 12:00:51",840.5,2,users0ma
659,16445124,"iwawawawa iwawa","2026-07-22 11:42:09",840.4,2,iwawawawaiwawa
660,16376154,niyo,"2026-07-21 13:21:18",840.4,2,yoshikiban
661,16376129,田原,"2026-07-21 07:07:16",840.2,2,taharashouki
662,16500847,"Japan Paglu","2026-07-22 11:58:55",840.1,2,"adipandey777,adityapandey9753"
663,16384883,"Shoya Taguchi","2026-07-13 06:02:55",840.1,2,shoyataguchi
664,16508588,"RICCARDO FORTE","2026-07-20 14:24:31",839.7,2,ricforte
665,16411485,"Chipping Spearow","2026-07-21 16:36:31",839.7,2,deanpixton
666,16514730,"kokun syu","2026-07-22 13:35:41",839.7,2,"abigailkunkun,guanzhengan,kokunsyu"
667,16532306,NullPointer,"2026-07-16 13:25:29",839.7,2,isaactha95
668,16425613,ozdogant,"2026-06-29 14:58:43",839.4,2,ozdogant
669,16468699,"Parth Thakker","2026-07-16 13:37:10",839.4,2,"aayushkumar08,devpatel0408,parththakker2004"
670,16395684,"MTL Agent","2026-07-18 06:14:18",839.4,2,mko93420
671,16371326,J.Moriuchi,"2026-07-22 11:07:21",839.3,2,hesoponyo
672,16375519,"Klein Houmani","2026-07-22 04:27:48",839.2,2,kleinhoumani
673,16372036,LosiSt,"2026-06-29 03:53:11",839.2,2,losist
674,16482300,"The Blos","2026-07-22 11:52:54",839.2,2,"alessandroflati,robertomastropietro"
675,16421366,柚木芹香,"2026-07-19 02:25:53",838.8,2,serikayuzuki
676,16501351,"Samuil Petkov","2026-07-07 16:10:48",838.8,1,samuilpetkov
677,16433879,infamemconculcemus,"2026-07-14 07:38:37",838.6,2,jcgweb
678,16441087,asahi,"2026-06-28 01:31:02",838.4,1,asahikgl
679,16410794,szyulian,"2026-06-26 04:35:08",838.4,1,szyulian
680,16392632,kohbanye,"2026-07-22 08:34:36",838.3,2,kohbanye
681,16378607,kunihiro,"2026-07-17 18:34:49",838.3,2,kunihiro
682,16385296,"Javier Arturo Gutierrez Sanchez ","2026-07-21 14:17:04",838.1,2,javierarturogs
683,16404581,赤ちゃんクマ,"2026-07-19 09:21:26",838.0,2,"divabhattacharya,suman2208"
684,16372522,PRMNC,"2026-07-14 15:20:52",838.0,2,"ichi2804,nanameru,yoheifutamura"
685,16405191,"Pure Spirit","2026-07-21 19:42:54",838.0,2,"yoshihirosuzuki0804,yukiikami"
686,16561259,"Karandeep Singh #2","2026-07-17 23:31:34",837.9,2,kdcyberdude
687,16509089,"Samrish B","2026-07-17 19:18:02",837.8,2,samrishb
688,16373523,SH11235,"2026-07-08 17:43:26",837.5,2,sh11235
689,16393925,shimejimeshi,"2026-07-21 08:08:10",837.5,2,shimejimeshi
690,16385046,blue0620,"2026-07-20 16:23:25",837.3,2,blue0620
691,16482649,"Zhongyuan Zhang","2026-07-09 15:22:12",837.2,2,"yifeizhao888,z1493916656"
692,16483334,yt0914,"2026-07-17 19:43:13",837.2,2,yt0914
693,16386861,ayato_suzuki10,"2026-07-19 22:08:38",837.1,2,ayatosuzuki10
694,16489343,Jaywang,"2026-07-22 02:19:17",837.0,2,jaywang171
695,16381833,にゅーおじ,"2026-07-10 12:28:38",836.9,2,newgameozisan
696,16431773,barrybao123,"2026-07-09 06:31:38",836.9,2,barrybao123
697,16440560,AkiraIshikawa,"2026-07-22 13:10:32",836.8,2,akiraishikawa
698,16380626,"Shishio Makoto","2026-07-07 02:47:14",836.7,2,shishiomakoto
699,16406101,"Ryosei Kojima","2026-06-22 10:23:01",836.7,2,ryoseikojima
700,16372591,Boseiju,"2026-07-22 11:07:04",836.1,2,brechtf
701,16382841,pepe,"2026-07-13 01:46:55",835.9,2,pep299
702,16573554,"Krasnov Daniil","2026-07-20 07:10:44",835.8,2,daniilkrasnovvv
703,16533522,"Ondrew Zudin","2026-07-13 08:15:34",835.6,2,ondrewzudin
704,16377587,ゼミ費ください。,"2026-07-07 04:42:05",835.6,2,"daisukehori,k4ntaf,nekocat256,tomisasha"
705,16582786,李嘉乐,"2026-07-22 06:56:28",835.3,2,jallll123
706,16480307,"Yuta Goda","2026-07-03 08:47:15",834.9,2,yutagoda
707,16497879,DHKim0324,"2026-07-14 06:45:24",834.7,2,dhkim0324
708,16445916,"Kuu-Lab ","2026-07-13 23:07:48",834.7,2,kuulab
709,16397888,ra5anchor,"2026-07-16 10:50:18",834.5,2,junmitsui
710,16448404,AnSuSu,"2026-07-14 08:47:13",834.4,2,asusu
711,16376033,"Mega LayerEX","2026-07-21 23:43:30",834.3,2,"kuto0633,shimacos,skntbass"
712,16514694,"Pillip Youn","2026-07-20 22:31:15",834.0,2,pillipyoun
713,16412994,halup,"2026-06-26 10:01:54",833.9,2,tomoyagunji
714,16376309,Nomiyama　Yu,"2026-06-20 03:04:30",833.8,2,nomiyamayu
715,16426854,MartinZiserman,"2026-06-26 00:43:57",833.5,2,zarmii
716,16537239,LP,"2026-07-13 03:49:49",833.5,2,lihu6666
717,16372647,monst_dama,"2026-06-17 01:15:10",833.4,2,monstdama
718,16557852,Takahashi,"2026-07-18 04:40:26",833.3,2,tea0925ds
719,16436249,tamref,"2026-07-10 19:05:46",833.3,2,tamreff3290
720,16393207,tf,"2026-07-22 02:40:23",833.2,2,tfukuhara
721,16555559,yalee,"2026-07-20 20:21:49",833.2,2,yaphellee
722,16395227,Fitzounet,"2026-07-18 13:46:34",833.1,2,fitzounet
723,16555300,shmoney,"2026-07-21 10:25:24",833.0,2,"roman34,shapodev,verakuznetsovaxxx"
724,16468429,hinox13,"2026-07-22 06:54:10",832.9,2,oriolhinojocomellas
725,16381422,"Yasuo 0/10/0","2026-06-28 06:37:00",832.5,2,tomoakikamijima
726,16383503,Arceus,"2026-07-06 07:09:05",832.3,2,"dibyaprakash058,parimalkorada,uselessbruh"
727,16555667,misaka12435,"2026-07-22 12:18:57",832.3,2,misaka12435
728,16385025,NukoNiko15,"2026-07-17 10:22:07",832.2,2,nukoniko15
729,16388260,"Sakito Horie","2026-07-20 01:37:19",832.1,2,sakitohorie
730,16374827,Kityyomu,"2026-07-07 16:45:08",832.1,2,kityyomu
731,16374884,Funky,"2026-07-11 23:39:33",832.1,2,super13579
732,16530943,Rostislav,"2026-07-21 05:35:46",831.8,2,rl0h4w
733,16381522,waticson,"2026-07-22 12:37:55",831.7,2,yutodennou
734,16472098,"Haixiang Xu","2026-07-22 08:48:06",831.7,2,"haixiangalex,xiyunhu"
735,16531918,Khaledalnuaimi,"2026-07-12 17:47:58",831.6,2,khaledalnuaimi
736,16402542,Ryos8515,"2026-06-29 13:08:22",831.5,2,ryos8515
737,16516156,"kaito yama","2026-07-10 09:50:52",831.5,1,yamadkaito
738,16417863,jp_nerdery,"2026-07-21 15:23:10",831.4,2,ytochii
739,16511586,"Cam-Luan Truong","2026-07-17 09:06:21",831.4,2,luantruong
740,16464168,"Marko Rupnik","2026-07-22 12:01:50",831.4,2,markorupnik
741,16392785,"Vishesh Banna","2026-07-22 06:08:27",831.4,2,visheshbanna
742,16384767,Camaro,"2026-07-14 00:06:05",831.4,2,bamps53
743,16377215,Ajay_Rao_43,"2026-07-03 03:44:03",831.1,2,ajayrao43
744,16543122,nk35jk,"2026-07-22 06:40:30",831.0,2,nk35jk
745,16446941,pikachu,"2026-07-22 01:31:12",830.6,2,jzhpfn
746,16411429,Rn86222,"2026-07-14 11:53:34",830.2,2,rn86222
747,16372903,"Emre Cirak","2026-07-21 11:24:16",830.1,2,biohack44
748,16385764,POKEDEMIA_ISSEI,"2026-07-17 17:50:43",830.0,2,pokedemiaissei
749,16376159,kotsuton,"2026-07-19 03:09:41",830.0,2,kotsuton
750,16372921,machapin,"2026-06-18 13:26:22",829.7,2,machapin
751,16441606,"yq line","2026-07-01 17:38:31",829.7,2,yqline
752,16377362,Penguin,"2026-07-17 19:34:05",829.7,2,penguin069
753,16391648,aoi_sugawara,"2026-07-20 23:39:43",829.4,2,aoisugawara
754,16418974,mikelou1,"2026-07-21 09:20:33",829.3,2,mikelou1
755,16430922,taku_Kuma,"2026-07-18 04:36:30",829.2,2,"junichiozaki,ppikegamipli12hi009,superyyyyy,takukuma"
756,16427321,MaybeIcanShow,"2026-07-04 13:02:03",829.0,2,upczbw
757,16488869,"Yang Jinneng","2026-07-22 04:34:07",828.8,2,adurey
758,16553060,"Le Trong Hieu","2026-07-22 03:09:38",828.6,2,backtracking
759,16378480,punigo,"2026-07-22 07:57:42",828.6,2,fujihiland
760,16533440,"Meet Parekh","2026-07-17 19:16:14",828.4,2,meetparekh1
761,16420762,"Japanese Kaggle Newbie","2026-07-13 23:08:06",828.2,2,japaneseredpanda
762,16387100,kigasudayooo,"2026-07-18 15:35:01",828.2,2,argon1215
763,16392730,"Yashdeep Prasad","2026-07-07 08:57:53",827.9,2,gptevolver
764,16483688,Samus,"2026-07-18 15:13:05",827.8,2,jmatsukuma
765,16385968,"Angus Chang","2026-07-01 04:50:13",827.7,2,andrew60909
766,16375467,sunako24d,"2026-07-22 10:08:43",827.6,2,sunako24d
767,16372963,"Eruto Kondo","2026-07-11 15:39:42",827.6,2,erutokondo
768,16532173,"Piplup Squad","2026-07-21 21:04:35",827.5,2,yyleaves
769,16431717,wsdsby,"2026-07-11 15:17:08",827.5,2,wsdsby
770,16377825,"Vinimar Mitu Jr","2026-07-21 06:19:36",827.5,2,ishieenn
771,16376157,nishiki,"2026-07-16 14:28:42",827.4,2,mnishiki
772,16451196,"Kasasree Google","2026-07-21 15:19:24",827.4,2,kasasreegoogle
773,16407444,MamiMamiko,"2026-07-20 04:54:02",827.3,2,"mamimamiko,sakaguchidai,zerosniper"
774,16375749,SO0529,"2026-07-22 06:46:49",827.3,2,sevenocean0208
775,16419079,DataLover,"2026-07-16 20:15:43",827.3,2,paulknidler
776,16374997,"Michael Krager","2026-06-21 03:42:18",827.3,2,michaelkrager
777,16413206,"Pavel Pavlov","2026-07-22 09:12:24",827.2,2,akakii
778,16374614,"Jose Coronel","2026-07-22 00:14:24",827.1,2,"carlosrodrguezparada,josecoronel"
779,16371417,yyou97,"2026-07-19 23:56:16",827.0,2,yyou97
780,16390732,yw8837,"2026-07-22 06:22:09",826.9,2,yw8837
781,16374017,DforDragon,"2026-07-22 13:48:51",826.6,2,dfordragon
782,16382352,FabienDaniel,"2026-07-06 08:26:40",826.5,2,fabiendaniel
783,16440672,"reo ifigg","2026-07-15 19:35:45",826.3,2,reoifigg
784,16373813,kambarakun,"2026-07-07 01:57:52",826.2,2,kambarakun
785,16487165,"yoshitaka agent","2026-07-22 05:05:18",826.1,2,"kazumaohara,rsraki"
786,16425162,Moegi,"2026-07-22 13:20:17",825.9,2,mooegi
787,16376489,2-38.com,"2026-06-19 07:27:53",825.9,2,kandotrun
788,16382149,ゾロアホゲータカポエラーホエルオーヒトモシ,"2026-07-22 00:56:39",825.7,2,"ayako0,kosyamada0526,moisutsu,obara128,yano00"
789,16373541,실험용생쥐,"2026-07-19 04:54:08",825.6,2,picapicafe
790,16460159,"Лукин Алексей","2026-07-17 17:57:18",825.5,2,lukinalexey
791,16475022,"Jose Angel Jude Telan","2026-07-19 22:08:43",825.5,2,joseangeljudetelan
792,16373846,"Gemini ch.","2026-07-22 10:26:58",825.4,2,"macsaho,mukunoke,tks3210,yu0307,yuikag"
793,16407812,АНАНАС,"2026-07-11 10:47:03",825.2,2,tickflag
794,16390991,Samsay24,"2026-07-02 07:39:09",825.1,2,samsay23
795,16421537,"H. Ashida","2026-07-20 09:29:21",825.0,2,hiromuashida
796,16474391,techtech69,"2026-07-20 16:29:03",824.9,2,techtech69
797,16465965,khj1222,"2026-07-05 04:11:01",824.8,2,khj1222
798,16373418,Sera,"2026-07-20 17:03:00",824.6,2,"nobusueryuku,sserada"
799,16385751,neuro168,"2026-07-22 11:32:39",824.5,2,lordmc
800,16383501,"Tokiya Osuka","2026-07-13 11:08:50",824.5,2,tttocklll
801,16391395,djschmit,"2026-07-22 04:40:46",824.5,2,djschmit
802,16373896,"Fans for pluto","2026-07-21 10:03:13",824.4,2,caoyupeng
803,16559324,"Daisuke HOSHINA","2026-07-20 12:40:41",824.2,2,daisukehoshina
804,16378655,tokawa2997,"2026-07-11 12:03:14",824.2,2,tokawa2997
805,16372335,"Baidalin Adilzhan [dsml.kz]","2026-07-10 05:56:32",824.1,2,baidalinadilzhan
806,16399528,Technica,"2026-07-22 11:38:08",824.0,2,technica08
807,16386888,"Bektursyn Shaimerden","2026-07-13 09:36:16",823.9,2,bektursyn
808,16382867,"Yuto Muroshima","2026-07-16 15:37:56",823.8,2,yutomuroshima
809,16411865,L7n,"2026-07-19 14:22:32",823.8,2,znwe342
810,16373761,mage03,"2026-06-17 23:08:06",823.8,2,mage03
811,16380442,"Tomonobu Niwa","2026-06-18 05:41:49",823.7,2,tomono
812,16376662,Ai_1asy0525,"2026-07-03 10:00:22",823.6,2,ai1asy0525
813,16420777,"masuo machidori","2026-07-08 01:30:29",823.5,2,masuomachidori
814,16411111,"Gotta catch 'em all","2026-07-20 10:46:21",823.3,2,mannanthakur
815,16488925,SYC,"2026-07-18 06:13:53",823.2,2,yichengs
816,16538324,Hellboy,"2026-07-15 17:42:02",823.2,2,helmirinaldi
817,16454338,"Lester Leong","2026-07-22 13:30:27",823.2,2,lesterleong
818,16382910,aoi1222,"2026-07-22 10:29:40",823.1,2,aoi1222
819,16395277,Xunden,"2026-07-22 09:41:57",822.9,2,xunden
820,16382190,nsytsqdtn,"2026-07-22 13:06:03",822.8,2,nsytsqdtn
821,16371673,Senn88,"2026-07-15 01:35:46",822.7,2,senn88
822,16395235,"Masashi Onda","2026-07-18 06:22:57",822.6,2,masashionda
823,16377504,Luo,"2026-07-14 17:22:13",822.6,2,chaoqiluo7
824,16470351,`,"2026-07-03 13:43:09",822.5,2,ktverdov
825,16493496,key4127,"2026-07-17 07:54:19",822.4,2,key4127
826,16539359,"John Mitchell","2026-07-21 16:30:00",822.2,2,jbomitchell
827,16385748,"Yichen Ao","2026-07-22 10:16:09",822.2,2,ragnarosfirelord
828,16378270,"Nithin maktha","2026-07-21 04:05:25",822.2,2,makthanithin
829,16378629,M2AI,"2026-07-13 00:10:09",822.1,2,matsunai
830,16379897,Nouzen,"2026-07-02 01:18:52",822.0,2,shunya1135
831,16381935,"Sheldon Zhao","2026-07-21 18:23:11",822.0,2,sheldonzhao92
832,16567488,sinoyuta,"2026-07-20 13:14:17",821.8,2,sinoyuta
833,16377141,shini47,"2026-07-21 16:39:51",821.7,2,shini47
834,16483720,"Masashi Nishimoto","2026-07-22 10:25:06",821.7,2,masashinishimoto
835,16533561,iwance,"2026-07-22 13:39:57",821.6,2,iwance
836,16374946,AbhilashVJ,"2026-07-18 12:57:00",821.6,2,abh001
837,16389247,shunkun_san,"2026-06-18 14:08:23",821.4,1,shunkunsan
838,16397322,"Psychic Genesis","2026-07-20 15:08:34",821.4,2,"jefersoncollutte,magnusartero"
839,16536415,Spartan1925,"2026-07-12 21:39:50",821.3,2,spartan1925
840,16480889,Yamafy2016,"2026-07-03 14:58:00",821.3,1,yamafy2016
841,16384384,RairoRapha,"2026-07-03 16:35:09",821.2,2,thetraveller
842,16374503,"Bright O.H.","2026-07-21 17:50:09",821.1,2,brightoh
843,16444456,"The Peter Cooper Fan Club","2026-07-02 19:26:52",821.0,2,"joshuadavidov,mrwafles"
844,16371758,"Abdul Wahab Khan","2026-07-02 04:54:17",821.0,2,abdulwahab2321
845,16445303,"Issac Netero","2026-07-19 15:25:20",820.8,2,kohtashikiba
846,16442245,wingsyuyi-satori,"2026-07-19 05:40:32",820.7,2,wingsyuyisatori
847,16420919,"Masahiko Matsui","2026-07-21 12:11:22",820.6,2,mmatsui0515
848,16424749,Saikawa_Yui,"2026-07-10 06:06:28",820.2,2,saikawayui
849,16385755,CoorDi,"2026-07-22 03:27:22",820.1,2,bxy0125
850,16408628,DiuDiu,"2026-07-22 05:45:09",820.0,2,chrouos
851,16515838,roy,"2026-07-21 16:15:25",819.7,2,yanhuiwang01
852,16372882,"katsudon 421","2026-06-20 08:59:03",819.6,2,katsudon421
853,16411638,kosuke-shimizu,"2026-06-22 04:20:34",819.5,2,thimi0412
854,16500149,unknown,"2026-07-08 07:29:51",819.4,2,abdullahshafi2021
855,16378873,Miniac,"2026-07-03 12:47:52",819.3,2,henrycai12
856,16548026,gabrielep09,"2026-07-18 04:11:48",819.3,2,gabrielep09
857,16467187,YKumazaki,"2026-07-21 14:50:25",819.2,2,ykumazaki
858,16388841,Muhandro,"2026-07-18 20:09:17",819.2,2,muhandro
859,16515739,guzus,"2026-07-11 00:24:58",818.9,2,binggibanggabongo
860,16375546,\bleel00,"2026-07-17 22:21:02",818.7,2,bleel00
861,16486679,HongchenDai,"2026-07-16 16:23:28",818.5,2,hongchendai
862,16388467,Michey0495,"2026-07-22 04:38:59",818.5,2,michey0495
863,16390096,datnt114,"2026-07-08 21:08:31",818.4,2,kingkong153
864,16460918,"Tsuyoshi Suketomo","2026-07-22 00:18:14",818.2,2,"masakiyasufuku,ritsuki0720,tsuyoshisuketomo"
865,16405671,hamuhei,"2026-07-22 06:35:54",818.2,2,hamuhei4869
866,16446371,"Pascal Pfeiffer","2026-07-22 06:51:57",818.0,2,ilu000
867,16411944,sasanatu72,"2026-06-30 01:27:54",817.9,2,sasanatu72
868,16574855,Yentür,"2026-07-20 11:18:28",817.7,2,meryentr
869,16428218,ペンギン,"2026-07-22 08:56:50",817.7,2,harutotakita
870,16583504,"Sushanth Tiruvaipati","2026-07-21 23:35:14",817.7,1,sushanthtiruvaipati
871,16413818,Team_Rocket,"2026-07-22 03:29:59",817.6,2,labft3231
872,16372102,"TTT Is All You Need","2026-07-14 08:40:17",817.6,2,"rionakamura10,togearitogenasi,togetogeyushin"
873,16398319,trail,"2026-06-24 14:57:10",817.6,2,jinkoga
874,16381869,"Xiangjiang Zhou","2026-07-22 11:55:55",817.5,2,xiangjiangzhou
875,16535870,sshin14,"2026-07-22 04:26:51",817.5,2,shsaito
876,16501391,元乃元元宝,"2026-07-10 10:09:57",817.5,2,albertshen
877,16565654,omaru25chan,"2026-07-22 12:22:17",817.4,2,omaru25chan
878,16375568,yatosa,"2026-07-22 04:02:29",817.3,2,yatosa
879,16564895,MorS,"2026-07-19 07:10:14",817.1,2,mors1337
880,16419434,一石三頭,"2026-07-01 15:26:45",817.0,2,"ayumuuu,chomutraps,triceps"
881,16384402,"Brent Krakel","2026-07-21 14:31:34",817.0,2,brentkrakel
882,16376943,seiya.n21,"2026-07-07 06:59:18",816.9,2,seiyan21
883,16487058,"[Deleted] 4ffa6ccc-5497-40ee-9dbf-2532eb85c676","2026-07-04 17:52:52",816.9,1,del=9ab3e1420ebaee89
884,16373049,tanako-,"2026-07-22 02:23:15",816.9,2,tanako
885,16381014,keita,"2026-07-22 05:15:59",816.8,2,keita0126
886,16556352,"Lucien de Rubempre","2026-07-20 12:01:02",816.7,2,lucienderubempre
887,16373203,copasta,"2026-06-18 03:14:59",816.6,2,copasta
888,16510381,Poke_Gogogo,"2026-07-19 15:59:11",816.6,2,jayongchen
889,16485690,"⸻AgentZZ ⸻","2026-07-20 10:28:34",816.6,2,agentzz
890,16381261,hayle60,"2026-07-18 00:33:28",816.5,2,hayle60
891,16417470,Mando,"2026-07-22 07:25:47",816.3,2,chesteryuan
892,16377790,NSK,"2026-07-14 13:59:38",816.3,2,nasuka
893,16371920,today,"2026-07-02 13:07:32",816.2,2,today55
894,16489935,ひろたこう,"2026-07-09 12:27:52",816.2,2,hirotakoo
895,16507505,"Roman Nesterov","2026-07-22 07:22:59",816.0,2,romanest
896,16373415,"Pikachu, I choose you!","2026-07-21 07:04:25",816.0,2,"shoheiyoshimoto,shunsukesumi"
897,16381859,kokatsu,"2026-07-09 16:46:26",815.8,2,kokatsu
898,16428903,Efthimios,"2026-07-16 14:11:27",815.8,2,efthimiosfousekis
899,16441274,Aib4,"2026-07-04 15:09:13",815.8,2,takumaaiba
900,16491039,"Vibeesh S S","2026-07-06 03:30:34",815.6,2,"vibeeshss,vijayadithiya"
901,16551373,Alex,"2026-07-21 20:20:59",815.6,2,beaujolais
902,16514589,bianfu,"2026-07-13 16:17:14",815.6,2,bianfu
903,16488352,"Cauã Macedo","2026-07-16 22:18:36",815.5,2,caumacedo
904,16384286,"S. B.","2026-07-20 09:22:25",815.4,2,aughra
905,16530269,reizouko264,"2026-07-11 17:15:46",815.2,2,iketaku
906,16584097,KhoaPhamDang123,"2026-07-22 10:42:03",815.1,1,khoaphamdang123
907,16505551,"Xinpeng Bei","2026-07-18 04:59:26",815.1,2,xinpengbei
908,16433950,"Anhad Mahajan","2026-07-15 21:28:03",815.1,2,anhadmahajan06
909,16404397,Dasinu,"2026-07-05 12:09:40",814.9,2,"dasinu,tommywong962"
910,16482100,"Pappu Contractors","2026-07-18 15:57:30",814.7,2,"aditisalvi04,vedantvvaidya"
911,16399359,kotakota1234,"2026-06-30 06:59:06",814.6,2,kotakota1234
912,16373470,charu,"2026-06-16 15:43:28",814.5,1,osamuikeda
913,16395486,Myagi,"2026-07-14 12:02:38",814.4,2,myagi0617
914,16473556,keiichi11,"2026-07-08 06:38:41",814.1,2,keiichi11
915,16551417,"Dan Martin111","2026-07-17 11:57:49",814.1,2,danmartin111
916,16371465,"Charismatic Pizza Party🍕","2026-07-15 11:07:56",813.8,2,debugendless
917,16375800,tetsu2131,"2026-06-30 04:27:53",813.8,2,tetsutani
918,16400220,kurota0612,"2026-07-18 08:38:51",813.6,2,yuichit
919,16505125,"Rob H","2026-07-22 06:38:16",813.6,2,robhubacz
920,16403359,"SK Arin","2026-07-13 03:39:31",813.6,2,skarin
921,16387453,naoido,"2026-07-11 12:52:31",813.5,2,naoido
922,16372167,UBI=ISHI,"2026-07-18 13:03:34",813.4,2,"koseitakaki,tsukasa1111"
923,16385145,"Yaro Perventsev","2026-07-22 13:09:00",813.2,2,yaroslavperventsev
924,16375972,koucha,"2026-07-20 14:42:17",813.2,2,momotakaaoki
925,16509358,d02775,"2026-07-19 02:16:22",813.1,2,david02775
926,16480340,Roy_Wang925,"2026-07-03 07:40:34",813.1,2,roywang925
927,16411695,xsong2020,"2026-07-18 17:28:33",813.0,2,xstargate
928,16565899,renta.k,"2026-07-19 16:45:46",813.0,2,renta0426
929,16451525,knomura03,"2026-07-22 13:25:46",812.8,2,knomura03
930,16371549,"Kunal Aarse","2026-07-22 13:11:35",812.7,2,kunalinfinite
931,16377226,kawachi,"2026-07-18 02:15:50",812.6,2,"ryu092,yuto5510"
932,16504383,moohsin,"2026-07-13 18:45:08",812.5,2,"jhjhjhw,rmkearne"
933,16544448,Eastgooner,"2026-07-22 09:23:54",812.4,2,eastgooner
934,16494284,"Justin Kimlim","2026-07-15 01:54:38",812.4,2,justinkimlim
935,16509425,"Krizsó Gergely","2026-07-20 09:13:49",812.3,2,lucifer19
936,16377176,"HARUKI HARADA","2026-07-22 09:38:38",812.3,2,harukiharada
937,16384896,"Ryan Offstein","2026-06-28 17:06:22",812.1,2,ryanoffstein
938,16424875,"Changdao Chen","2026-07-20 02:36:48",812.0,2,ccdepsilon
939,16376300,"Parth Raj Purohit","2026-06-21 08:35:37",811.9,2,parthrajpurohit
940,16402080,Jules,"2026-07-14 12:46:09",811.9,2,julesvanligtenberg
941,16372727,怒破餓鬼,"2026-07-20 11:30:50",811.9,2,"alcoholcat,ryutokeshi,yuinokogawa"
942,16479943,"insert team name here","2026-07-07 20:46:32",811.7,2,sbarons
943,16443367,URAD,"2026-07-08 09:01:12",811.6,2,uradkr
944,16375619,askamijo,"2026-07-09 07:40:55",811.5,2,askamijo
945,16381754,M093.jp,"2026-06-19 15:17:53",811.5,2,m093jp
946,16582706,Sule-it,"2026-07-22 12:46:25",811.4,2,suleit
947,16389093,"Pult Pounders ;)","2026-07-02 19:30:24",811.2,2,"jaredforsberg,williatay"
948,16407085,"So Momma","2026-07-12 01:41:30",810.9,2,somomma
949,16374672,"Allan Kássio Beckman Soares da Cruz","2026-07-06 00:56:19",810.9,2,allankcruz
950,16507762,Hinakokko,"2026-07-08 11:12:40",810.9,1,kokkohina31
951,16379715,"Ryosei T","2026-07-16 12:16:34",810.9,2,ryoseit
952,16388429,rinov321,"2026-07-19 16:10:47",810.8,2,rinov321
953,16462732,"Oz Kilic","2026-07-13 03:34:23",810.8,2,ozgunozankilic
954,16382059,Fumi,"2026-07-22 03:35:55",810.6,2,cheersbeer
955,16371970,mrk,"2026-07-22 08:20:38",810.6,2,matsubaratakuji
956,16374172,"Umair Zia","2026-07-14 13:33:42",810.6,2,stealthtechnologies
957,16389873,s@sak1,"2026-07-22 00:05:30",810.5,2,sear2004
958,16376345,"Xiaolei Lian","2026-07-20 08:56:31",810.4,2,xiaoleilian
959,16421586,RyuMizu,"2026-07-09 14:36:32",810.4,2,ryumizu
960,16392367,みずあめ,"2026-07-17 07:32:54",810.4,2,mizuamedesu
961,16376599,takumi12345,"2026-07-19 02:44:39",810.3,2,takumi12345
962,16389941,taka0808,"2026-07-22 02:06:54",810.2,2,taka0808
963,16382749,tomatomato,"2026-06-21 10:04:15",809.9,2,masamikobayashi
964,16482862,"Dariush Afshar","2026-07-16 17:46:56",809.8,2,dariushafshar
965,16445880,"kose maeno","2026-06-30 04:17:43",809.6,2,kosemaeno
966,16371821,Hawk,"2026-07-22 11:04:48",809.6,2,"mashuk98,pokeca723,reo358,shoiizuka,vividrabbit0317"
967,16376245,tokimashita,"2026-07-10 13:51:27",809.5,2,"milkcoffeen,minaminamin,reokambayashi"
968,16382104,Robina,"2026-07-03 14:17:08",809.4,2,wyndomr
969,16372966,Moro,"2026-07-20 17:32:12",809.3,2,moromoromoro
970,16376420,MakiMakiAi,"2026-07-07 00:13:12",809.3,2,makimakiai
971,16372435,"Uta U","2026-06-27 15:13:02",809.2,2,uta6692
972,16385017,キキ327(トウカ),"2026-06-19 09:05:58",809.2,2,kiki327
973,16375764,ShuHaya,"2026-07-22 12:54:48",809.0,2,yfqqq088
974,16474611,"atto pat","2026-07-20 10:33:47",808.8,2,attopat
975,16484804,endederwelt0419,"2026-07-12 12:29:34",808.7,2,endederwelt0419
976,16381007,"TTU Thome","2026-06-19 08:53:43",808.7,2,ttuthome
977,16574284,"xly xly","2026-07-21 14:54:50",808.6,2,xxxlllyyy
978,16381755,MoriBob,"2026-07-22 12:50:39",808.3,2,"bobfromjapan,takeshimorimura"
979,16381852,lollipop947,"2026-07-03 14:48:50",808.2,2,lollipop947
980,16420978,"Yusuke Aoki002","2026-07-20 13:46:00",808.1,2,yusukeaoki002
981,16382386,BarrelAged,"2026-07-21 03:18:55",807.9,2,johnhosack
982,16405495,DeeSaa,"2026-07-21 21:55:56",807.9,2,deesaa
983,16437553,YehJames,"2026-07-20 03:15:04",807.8,2,yehjames
984,16371523,ポケポケマスター,"2026-07-18 22:49:12",807.7,2,isakatsuyoshi
985,16380547,"Haramball forever!","2026-07-22 12:07:36",807.5,2,envyy23120093
986,16382341,E_96tree,"2026-07-16 10:49:12",807.3,2,e96tree
987,16382170,kaliafluorido,"2026-06-22 17:09:41",807.3,2,kaliafluorido
988,16578950,V1enna0808,"2026-07-22 01:19:20",807.2,2,v1enna0808
989,16511263,李BCDEFGA,"2026-07-22 03:43:17",807.1,2,bcdefga
990,16549210,"one vibe and one coding","2026-07-20 08:19:40",807.0,2,"ivyhoster,smokelate"
991,16462162,OzanM.,"2026-07-20 10:39:12",807.0,2,analyticaobscura
992,16383909,"Alyce Miki","2026-06-23 09:03:50",806.9,2,alycemiki
993,16412477,Yxy2001,"2026-07-19 06:41:51",806.9,2,yxy2001
994,16371690,osgggg,"2026-06-20 16:10:48",806.8,2,"dagtrionet,osgggg"
995,16395754,"Pika 1","2026-07-22 11:42:40",806.7,2,raphaabels
996,16381909,haiy_qq,"2026-07-15 02:08:22",806.6,2,haiyqq
997,16381156,taiki,"2026-06-18 11:51:54",806.6,2,taiki95
998,16375404,tktkyamyam,"2026-07-22 12:51:33",806.6,2,tktkyamyam
999,16376287,Wasabi,"2026-06-18 22:39:26",806.5,2,kqnadeorwasabi
1000,16394276,"Kaiya Kawata","2026-06-23 09:55:16",806.3,2,kaiyakawata
1001,16511113,Rongchu,"2026-07-22 07:48:28",806.3,2,zrongchu
1002,16452856,"Tyler H","2026-07-04 16:32:41",806.3,2,tylerhoong
1003,16381865,"Kazuhiro Masuyama","2026-07-13 13:47:10",806.2,2,kazuhiromasuyama
1004,16498111,"Project Mew","2026-07-22 00:55:49",806.0,2,"sanjay6727,thefool00"
1005,16405345,roiall,"2026-07-17 07:38:58",805.7,2,roiall
1006,16448987,"Yaoying Cai","2026-07-02 08:49:06",805.7,2,yaoyingcai
1007,16533176,"CHEN CHEN","2026-07-21 12:28:59",805.7,2,chenchen0324
1008,16455297,Gengar,"2026-07-17 00:57:56",805.4,2,"hyunew,visterbai"
1009,16472906,"Vybhav Chaturvedi","2026-07-18 13:29:24",805.3,2,vybhavchaturvedi
1010,16380192,tk,"2026-07-07 14:50:59",805.0,2,tanakar
1011,16405143,bgsszsa,"2026-07-21 17:36:26",805.0,2,bgsszsa
1012,16395468,nyanlinnmya,"2026-07-17 19:21:33",804.9,2,nyanlinnmya
1013,16376569,"Shunji Minode","2026-07-22 12:43:41",804.8,2,shunjiminode
1014,16375514,Kirderf,"2026-07-22 12:14:44",804.7,2,kirderf
1015,16449423,Jiang,"2026-07-22 02:47:29",804.7,2,jiangh091
1016,16412533,Exodia,"2026-07-21 15:12:00",804.7,2,"epicizy,linhphmgia"
1017,16426076,Alghital,"2026-06-25 07:50:37",804.6,2,alghital
1018,16385573,"Kasra Rahjerdi","2026-07-10 19:22:16",804.6,2,krahjerdi
1019,16466086,spacekkk,"2026-07-02 11:45:43",804.6,2,spacekkk
1020,16456102,"Corinna Leung","2026-07-07 13:38:28",804.4,1,corinnaleung
1021,16428379,chamboabi,"2026-07-12 14:43:34",804.4,2,"chamboabi,kevinkrank"
1022,16441800,astriarty,"2026-07-02 16:10:18",804.2,2,astriarty
1023,16392857,PALTCG,"2026-07-22 06:06:48",804.2,2,"aligox,d3ndr0bium,kzwnjp,merlyna"
1024,16372371,takuyay,"2026-07-20 03:45:50",804.2,2,dashimaki360
1025,16550372,"Aman Arora","2026-07-17 04:04:06",804.1,2,aroraaman
1026,16388811,monisoi,"2026-06-18 14:30:51",804.1,2,monisoi
1027,16431461,PTCG_HORMONE,"2026-07-20 13:27:26",804.1,2,"taijiuint,tangtianchi,zihaokang"
1028,16381426,suruli,"2026-07-18 00:26:51",804.0,2,suruli0202
1029,16389625,kurushun,"2026-07-15 06:29:34",803.9,2,kurushun
1030,16402181,Kiratan,"2026-07-01 05:45:11",803.8,2,kirtag
1031,16383433,"Kun Zhang","2026-07-22 02:07:12",803.7,2,beicicc
1032,16535101,"Muhammad Junaid #2","2026-07-12 14:28:05",803.7,2,junaid512
1033,16373836,Kuriboh,"2026-07-02 15:46:22",803.5,2,cauchyeix
1034,16404994,Shigeki,"2026-06-27 10:59:03",803.5,2,shigeki0920
1035,16557257,"Wen Zixuan","2026-07-21 01:05:03",803.4,2,wenzixuan1
1036,16382773,magu,"2026-07-02 14:51:28",803.4,2,magu0914
1037,16455309,necokaiden,"2026-07-19 23:06:54",803.1,2,necokaiden
1038,16374400,"Matthew Huang","2026-07-11 04:26:55",803.0,2,matthewwh
1039,16380528,DeeperNet,"2026-07-03 04:34:52",802.9,2,deepernet
1040,16376223,電気通信ポケモン大学,"2026-07-18 14:46:25",802.7,2,"ncookie0123,reonishida,sashiyatakeguchi,sh1n1230,yuki67"
1041,16391545,"MERO TOKI","2026-07-19 10:33:39",802.7,2,merotoki
1042,16384833,dkyk,"2026-07-22 03:12:18",802.7,2,dannybk
1043,16411102,ACoder,"2026-07-22 10:18:23",802.7,2,july7p
1044,16401601,shindannin,"2026-07-22 13:55:45",802.6,2,shindannin
1045,16539371,"Edith Yong","2026-07-13 12:54:58",802.6,1,edithyong
1046,16374560,honjousetuna,"2026-07-13 14:14:34",802.5,2,honjousetuna
1047,16403742,mojao,"2026-07-22 12:21:39",802.4,2,mojamojao
1048,16540541,NingXiongFeng,"2026-07-14 13:48:28",802.4,1,ningdad
1049,16375666,cam3ronc,"2026-06-28 08:29:28",802.2,2,cam3ronc
1050,16376851,YaYu,"2026-07-08 01:32:37",802.2,2,kou1212
1051,16408465,HechtJP,"2026-07-22 03:14:00",802.2,2,hechtjp
1052,16374940,"20070521 assassin","2026-07-08 12:57:45",802.2,2,assassin20070521
1053,16485555,LookingIN97,"2026-07-11 04:23:46",802.0,2,lookingin97
1054,16399122,habakan,"2026-07-13 13:14:25",801.8,2,kansukehabano
1055,16382045,Mamo,"2026-06-17 14:11:49",801.8,1,oobashuto
1056,16413287,"Biel Escola Rodrigo","2026-07-16 17:21:36",801.8,2,bielescolarodrigo
1057,16417621,TOSS,"2026-07-21 20:03:31",801.7,2,toshikawa80
1058,16381213,Mojumbo,"2026-07-08 12:57:30",801.7,2,mojumbo
1059,16384877,yuziri,"2026-06-29 00:03:34",801.7,2,yuziri
1060,16475650,Copandon,"2026-07-22 07:06:02",801.6,2,"ark911,copandon"
1061,16420157,"Yuu K","2026-07-12 14:14:49",801.4,2,yuuk9090
1062,16459903,"Bisa 1","2026-07-14 08:51:07",801.4,2,carolinheidt
1063,16449943,YounsungLEE,"2026-07-22 09:39:19",801.2,2,younsunglee20251042
1064,16414549,"Misha Shikhov","2026-07-22 09:14:13",801.2,2,mishashikhov
1065,16514726,NoxMetenis,"2026-07-22 03:53:42",801.0,2,avasgaire
1066,16425522,8ball,"2026-07-21 07:17:43",801.0,2,miyatacaio
1067,16386274,Nyano2525,"2026-07-18 00:40:04",800.9,2,nyano2525
1068,16405739,Moricha27,"2026-07-02 04:49:29",800.8,2,moricha27
1069,16389538,"[Deleted] 9fd16867-38ea-430d-85fc-81530e026eb6","2026-07-06 12:34:08",800.7,2,del=8a4c3c13a6fcee97
1070,16487905,Latios17,"2026-07-22 11:30:58",800.7,2,"anonymous76,bnativi"
1071,16402445,"Soulemane ISSIFOU","2026-07-02 08:03:12",800.6,2,soulemaneisissifou
1072,16411992,"Yiding Cui","2026-07-20 01:13:18",800.5,2,yidingcui
1073,16468088,"Calcite Valentin","2026-07-15 10:00:20",800.3,2,calcitevalentin
1074,16410959,"jorge fabian avila","2026-07-10 20:31:15",800.1,2,jorgefabianavila
1075,16376638,"Hitoshi Mochizuki","2026-07-22 08:29:53",799.7,2,hitoshimochizuki
1076,16373361,Kohenyan,"2026-06-20 17:56:49",799.6,2,k0henyan
1077,16377183,Codyzzzz,"2026-06-20 06:54:03",799.6,2,codyzzzz
1078,16409476,jrubiosainz,"2026-07-08 07:03:18",799.6,2,jessrubiosainz
1079,16552590,"Ajay Sampath","2026-07-17 03:03:08",799.5,2,ajaysamp
1080,16486923,"Santiago Jauregui","2026-07-19 12:51:56",799.3,2,santij95
1081,16390710,"Alberto Mocchi","2026-07-16 19:56:07",799.3,2,albertomocchi99
1082,16517824,"Kyles Light","2026-07-11 08:30:23",799.3,2,kyleslight
1083,16435961,ezreal77,"2026-07-12 07:58:44",799.2,2,ezreal77
1084,16445454,secchanu,"2026-07-15 01:43:43",799.2,2,secchanu
1085,16382828,Testuo&Ryuji,"2026-06-27 12:15:42",799.1,2,"yamamotokenta,yamamotokoji"
1086,16410898,Humbletofu,"2026-07-15 06:44:38",799.0,2,humbletofu
1087,16371294,automatylicza,"2026-07-20 10:58:50",799.0,2,automatylicza
1088,16538015,"Water Xiao","2026-07-19 04:08:49",799.0,2,waterxiao
1089,16487899,Infernape,"2026-07-21 23:19:18",798.7,2,"habimaina,latents,zone0906"
1090,16393586,starclan,"2026-06-21 01:54:27",798.5,2,starclan
1091,16583749,"junfan shen","2026-07-22 03:39:36",798.1,2,junfanshen
1092,16446694,JosephMontana,"2026-07-14 15:59:21",798.1,2,josephmontana
1093,16394106,"Rajan Nagarajan","2026-07-20 20:23:07",798.1,2,narajan
1094,16394658,"Cosmic Birefringence","2026-07-06 12:30:00",798.0,2,yutominami
1095,16413990,"Poké Bowl","2026-07-02 15:03:50",797.9,2,"harrishayy21,thomasmoody1"
1096,16440016,SunSeeker染汐,"2026-07-03 14:16:11",797.9,2,sunseekerrx
1097,16536305,"Ömer Faruk Yüce","2026-07-22 00:01:12",797.8,2,merfarukyce
1098,16442005,Ty-Yuki,"2026-06-28 12:38:35",797.7,2,tyyuki
1099,16389803,nakkan_AI,"2026-07-22 12:20:34",797.6,2,nakkanai
1100,16403874,"Deeptanush Kapaka","2026-06-20 19:05:54",797.5,2,deeptanushk
1101,16373103,tera358,"2026-07-22 13:56:30",797.5,2,tera358
1102,16479629,DuongTien,"2026-07-04 05:29:41",797.4,2,duongtienvo
1103,16495931,"taopi liu","2026-07-10 17:18:26",797.2,2,taopiliu
1104,16487853,ASH,"2026-07-22 09:48:48",797.1,2,pentannnn
1105,16474727,t_202607202,"2026-07-22 04:56:14",797.1,2,t202607202
1106,16428726,"For Good Measure","2026-07-22 04:45:46",797.0,2,plsfix
1107,16399143,大野ユウラ,"2026-07-05 00:43:03",796.9,2,aurora4869
1108,16557716,"Bharath Velamala","2026-07-21 03:03:22",796.7,2,bharathvelamala1929
1109,16449467,"Kapilraj R","2026-06-29 06:26:39",796.6,1,kapilrajr
1110,16413763,"Furkan Pirinc","2026-07-01 06:14:51",796.5,2,fpirinc
1111,16399484,shu8Cream,"2026-07-20 16:10:57",796.3,2,shu8cream
1112,16443722,kkj333,"2026-07-20 02:12:09",796.3,2,kkj333
1113,16398904,EKMorris,"2026-07-22 04:41:10",796.2,2,hdraider
1114,16389755,Ryota1216,"2026-07-19 00:32:55",796.1,2,riyouta1216
1115,16376032,"win a real gold medal","2026-06-27 16:36:33",796.0,2,aizealotwu
1116,16386204,panda__MB__maximus,"2026-07-22 09:57:09",796.0,2,tanishmohokar09
1117,16374350,islet,"2026-07-22 05:57:39",795.9,2,kojimar
1118,16397932,kemurayama,"2026-07-05 01:20:02",795.9,2,yoshiomura
1119,16400698,MarineYY,"2026-07-22 07:55:01",795.8,2,marineyy
1120,16509076,"bill simon","2026-07-22 07:06:00",795.8,2,billsimon
1121,16391455,rode,"2026-07-22 02:44:39",795.7,2,rode1234
1122,16377358,yomi,"2026-07-07 04:15:55",795.7,2,ymiura
1123,16493724,happyunhappy,"2026-07-13 12:07:20",795.6,2,happyunhappy
1124,16500992,"Evan #2","2026-07-19 01:41:25",795.5,2,evansussex
1125,16430694,"Reyhan Ksatria","2026-07-04 04:39:28",795.5,2,reyhanksatria
1126,16407833,ArthurDa,"2026-06-26 17:42:48",795.5,2,arthurda
1127,16494635,"Adi Kusuma","2026-07-20 21:04:00",795.4,2,adikusum4
1128,16386697,cicada,"2026-07-16 22:25:07",795.3,1,cicadakaggleuec
1129,16402989,Handudu,"2026-07-04 12:23:33",795.3,2,handudu
1130,16532040,elrapido,"2026-07-13 07:10:57",795.2,2,elrapido
1131,16397235,Supermercado,"2026-07-19 06:55:08",795.1,2,ryotaaaaaa
1132,16414286,"AK #2","2026-07-06 05:17:37",795.1,2,aman1391
1133,16384218,AlphaMon,"2026-07-21 17:36:44",794.7,2,hobbisttech
1134,16431599,Pirate-Emperor,"2026-07-05 18:04:40",794.7,2,piratekingrahul
1135,16468954,PokeMasters,"2026-07-21 22:24:07",794.6,2,"shashwat2708,vaidehiturkar25"
1136,16375704,Kazeneko,"2026-07-01 22:36:53",794.6,2,kazeneko77
1137,16397074,Kujaomega,"2026-07-08 12:16:31",794.6,2,kujaomega
1138,16466650,"John doe","2026-07-05 07:03:24",794.5,2,pipicaca
1139,16389508,gagacrow,"2026-07-22 05:32:44",794.5,2,gagacrow
1140,16395661,yuhei,"2026-07-22 08:58:07",794.3,2,yugrayu
1141,16375036,"Viturv Pathak","2026-07-14 09:33:08",794.1,2,"meckarohan,viturvpathak"
1142,16551397,SQLRockstar,"2026-07-21 13:48:04",793.9,2,sqlrockstar
1143,16572600,prvsiyan,"2026-07-22 11:43:46",793.9,2,prvsiyan
1144,16540671,justmayank,"2026-07-22 07:43:35",793.7,2,justmayank
1145,16427687,"Adam Radziwanowski","2026-07-11 08:40:15",793.6,2,adamradziwanowski
1146,16441561,Schneiden,"2026-07-21 01:40:49",793.5,2,schneiden
1147,16487573,ETphonehome3876,"2026-07-07 18:34:18",793.5,2,etphonehome3876
1148,16380946,flg,"2026-07-17 07:06:00",793.5,2,ferdinandlimburg
1149,16380840,"THUNDER THUNDER","2026-07-14 14:44:47",793.5,2,thunderthunder
1150,16436444,"Eric Wu","2026-07-19 10:53:51",793.4,2,"ericwutcg,mgursoz"
1151,16536899,gamesu7107,"2026-07-22 13:27:37",793.1,2,gamesu7107
1152,16567550,t-enstar,"2026-07-19 11:12:01",792.9,2,tstustatama
1153,16386610,joicygiore,"2026-07-01 03:02:12",792.8,2,joicygiore
1154,16475158,kta_jpn,"2026-07-03 07:54:26",792.7,1,ktajpn
1155,16408980,"Kakimoto Takahiro","2026-06-28 14:23:16",792.6,2,kakimototakahiro
1156,16387130,CYLik,"2026-06-22 06:57:10",792.4,2,cylik93
1157,16553272,"Cho Royou","2026-07-17 15:05:19",792.3,2,ngyzly
1158,16378495,"ﾖﾈｸﾗ ﾃﾝｾｲne251225","2026-07-17 01:59:33",792.3,2,ne251225
1159,16413672,nakayashiki697,"2026-07-12 04:49:27",792.2,2,nakayashiki697
1160,16566751,"Sebastian Mateus","2026-07-18 22:32:34",792.1,2,sebastianmateus
1161,16412934,mintBomber,"2026-07-19 20:37:30",792.1,2,yukamata
1162,16583588,aurax7,"2026-07-22 13:14:00",792.0,2,aurax7
1163,16496085,"Deng mengcan","2026-07-06 16:33:25",791.5,1,dbndmc
1164,16580392,"Faith Ogundimu","2026-07-21 12:35:02",791.5,2,faithogun
1165,16494341,"Aryan Yadav","2026-07-14 04:34:24",791.4,2,simplexcomplex
1166,16396755,GGMaster,"2026-07-22 12:43:18",791.3,2,dojapan
1167,16401215,mattsu2020,"2026-06-22 10:08:27",791.2,2,mattsu2020
1168,16509409,"[Deleted] efd91def-7f41-4470-ae2c-7ab43cfebfc6","2026-07-17 04:41:03",791.2,2,del=a8f3af9aeaa6ae2f
1169,16535761,Matthew.lee010299,"2026-07-14 19:38:46",791.2,2,matthewlee010299
1170,16424648,Dauthui,"2026-06-30 05:06:51",791.1,2,dauthui
1171,16380397,Malla,"2026-07-21 18:12:09",791.1,2,mallaphalguni
1172,16533403,"Vladislav Kolesov","2026-07-12 16:14:07",791.1,2,vladislavkolesov
1173,16373290,r_4vk,"2026-07-22 03:18:00",791.0,2,r4vk11235
1174,16377992,Tsukuru,"2026-07-07 07:05:23",790.9,2,tsukurukomai
1175,16379820,"Soichiro Kuribayashi","2026-06-29 12:02:54",790.6,2,soichirokuribayashi
1176,16376304,Ervey,"2026-07-22 06:11:08",790.6,2,"angelcaramn,erveyg"
1177,16516291,"Raymond Guo","2026-07-15 17:28:10",790.6,2,siyiguo
1178,16395718,ArnabKarmakar,"2026-07-21 23:07:37",790.5,2,arnabkarmakar
1179,16445965,Hanliu0408,"2026-07-03 07:00:35",790.3,2,hanliu0408
1180,16377835,"Seok, Jeongeum","2026-07-22 12:36:24",790.3,2,seokjeongeum
1181,16495681,G-Lin1k,"2026-07-15 15:59:40",790.3,2,marjuenzsuparto
1182,16436124,yimin0130O_O,"2026-07-07 04:52:55",790.2,2,yimin0130oo
1183,16374391,"Brian Yong","2026-06-20 07:02:39",790.2,2,brianyong
1184,16410496,r1ck.sync,"2026-06-21 20:08:14",790.1,1,r1cksync
1185,16439610,"ПИКА ПИКА ЧУ ЧУ ЧУ ЧУ ЧУ","2026-07-22 12:03:40",790.1,2,"clodis,phoenix0501,zabojeb"
1186,16497011,juliencst,"2026-07-07 13:22:10",790.1,2,juliencst
1187,16378613,"pankit kumar","2026-06-22 08:42:34",790.0,2,pankitkumar
1188,16380371,MJVinay,"2026-07-21 18:47:05",790.0,2,mallajayanthvinay
1189,16382455,"jin hiratsuka","2026-07-20 13:37:34",790.0,2,jinhiratsuka
1190,16399641,進め！きぺお隊長,"2026-07-06 06:36:11",790.0,2,"kawasakiniko,kipeo22,minamimori,souakkk"
1191,16376964,taiyoooo,"2026-07-12 07:18:25",789.6,2,"nezumil,taiyoooo"
1192,16492309,MAC,"2026-07-22 11:14:06",789.4,2,"ryui68925,uki706"
1193,16408078,shibushun,"2026-07-19 12:14:16",789.4,2,shibushun
1194,16379108,あぴょぴょ,"2026-06-24 03:24:14",789.4,2,apyopyo
1195,16400084,Galza98,"2026-06-21 03:19:40",789.3,2,galza98
1196,16373031,takataok_42,"2026-07-21 12:44:24",789.3,2,takataok42
1197,16494955,NU,"2026-07-21 12:24:38",789.3,2,"txkimura,yakkim"
1198,16387084,Takuma_Tsuji,"2026-07-22 10:14:50",789.2,2,takumatsujigatai
1199,16539856,"Alejandro Gómez","2026-07-20 18:22:39",789.2,2,alejandrogomez1
1200,16430670,SJY321,"2026-07-07 00:52:46",789.2,2,sjy321
1201,16382118,V0!dR0^2t,"2026-07-21 09:32:13",789.1,2,"hirata0522,hirotoisogai,naniwazu,v0dr02t,yoichidoi"
1202,16381505,ryoya,"2026-07-12 15:59:08",789.1,2,ryoya1122
1203,16394280,kglctf,"2026-07-07 10:01:34",789.0,2,kglctf
1204,16376731,rakumo,"2026-07-14 00:43:57",789.0,1,sirakumo
1205,16412530,mw,"2026-07-15 11:05:08",789.0,2,motokazuw
1206,16424460,NaviCE,"2026-07-22 13:24:28",788.9,2,navice
1207,16464006,"Riko Hirano","2026-07-11 06:46:39",788.9,2,rikohirano
1208,16372457,colt,"2026-06-30 00:40:39",788.7,2,xiaomaguo
1209,16402694,"TOMOYA Tsunakawa","2026-06-21 06:06:28",788.7,2,tomoyatsunakawa
1210,16569543,OKA,"2026-07-21 02:08:22",788.6,2,secshuoka
1211,16382710,魔法少女ノ魔女裁判,"2026-06-19 07:59:52",788.4,2,hayaseneruvt
1212,16386743,pinoko,"2026-06-19 11:53:27",788.2,2,shojimoriya
1213,16460144,Haru,"2026-07-06 14:38:55",788.0,2,quadpartisan
1214,16385442,ShiumAI,"2026-07-13 17:26:48",787.9,2,ito428
1215,16389563,"Hamadryas Baboon","2026-07-22 09:27:31",787.9,2,"ank0115,koboring,rira1020,sen469,yuta091005"
1216,16418019,渡邉瑛貴,"2026-06-29 00:47:08",787.8,2,eeeeiki
1217,16471923,"Mikhail Breikin","2026-07-08 05:48:51",787.8,2,mikhailbreikin
1218,16395606,suis101,"2026-06-19 16:23:36",787.8,1,suis101
1219,16426834,"Masahiro Tanaka","2026-06-25 11:44:32",787.7,2,ninben5361
1220,16411168,Botamochi,"2026-07-21 22:28:36",787.7,2,amanokawa
1221,16424758,Skyraider,"2026-07-22 09:30:27",787.6,2,drpatrickchan
1222,16513393,"Tian hao Qing Nano7ko","2026-07-21 14:57:10",787.6,2,tianhaoqingnano7ko
1223,16427821,@🤞@,"2026-07-06 14:15:27",787.4,2,anglolodorf
1224,16431972,ykhnkf,"2026-07-22 09:41:01",787.2,2,ykhnkf
1225,16376831,harappa,"2026-07-07 17:19:58",787.1,2,kazuki80
1226,16386095,ryusei,"2026-07-21 08:50:34",787.0,2,bakugaryusei
1227,16512218,"shota nishiyama","2026-07-10 05:17:01",786.9,2,shotanishiyama
1228,16416965,"Nghia Tran","2026-07-21 07:42:41",786.9,2,tcnghia
1229,16375931,"Kaito Fukami","2026-07-22 05:19:37",786.7,2,kaitofukami
1230,16490632,ninini,"2026-07-11 15:24:20",786.7,2,ninininninnin
1231,16377544,srikalyan,"2026-07-11 05:15:20",786.6,2,srikalyan
1232,16407883,"MASAYU KOBAYASHI","2026-07-21 23:48:42",786.6,2,masayukobayashi
1233,16376939,Unicorn,"2026-07-13 02:16:15",786.6,2,scutxuanyu
1234,16378217,andayougui,"2026-07-16 04:42:05",786.5,2,"andayougui,rayokui,rohiomayameka,uedakani"
1235,16417340,senseiphone,"2026-07-06 16:40:35",786.5,2,nagahamanil
1236,16378592,k66,"2026-07-13 09:07:49",786.4,2,k66ninja
1237,16376168,ぶれめか,"2026-07-21 06:11:58",786.4,2,blaymaker
1238,16375653,nobker,"2026-07-11 03:36:15",786.4,2,nobker
1239,16577011,"ömer kiraz","2026-07-22 07:00:44",786.3,2,merkiraz
1240,16514656,Lixin73,"2026-07-16 15:07:05",786.1,2,lixin73
1241,16440616,"Ramesh Arvind","2026-07-14 15:05:41",786.1,2,rameshln
1242,16430499,"Pokemon Catchers","2026-07-02 06:35:09",786.0,2,"del=d09ea3e2fd3da510,hanifnoerrofiq"
1243,16373114,"Junichiro Morita","2026-07-21 21:58:02",785.9,2,junichiromorita
1244,16394988,yuto16,"2026-07-18 22:40:04",785.8,2,yuto16
1245,16391856,"Koba Empire","2026-07-17 03:05:48",785.8,2,"m10i1986,ochisamu,tomokobayashi"
1246,16418377,"H & Z","2026-07-22 11:58:17",785.7,2,"hyh273279,zejunfool"
1247,16448997,WinsYan,"2026-07-22 08:36:14",785.6,2,winsyan
1248,16377066,俺達何え?チームcudgk,"2026-07-01 11:42:10",785.5,2,nipasama
1249,16374843,あなまか,"2026-07-22 11:01:22",785.5,2,arakish
1250,16510510,LG,"2026-07-20 07:25:37",785.4,2,"lokeshjasrotia,vengatagirig"
1251,16374302,Will,"2026-07-22 06:44:04",785.4,2,wguesdon
1252,16510040,"Jonathan Simone","2026-07-21 07:07:08",785.4,2,jonathansimone
1253,16500531,nonono3,"2026-07-13 11:03:31",785.4,2,nonono3
1254,16393651,kyoumonemui,"2026-06-28 03:45:56",785.4,2,kyoumonemui
1255,16375221,PokeBotty,"2026-06-17 20:53:54",785.2,2,pokebotty
1256,16398940,hikahika,"2026-07-21 13:02:16",785.2,2,naganohikaru
1257,16386340,"A M","2026-07-22 13:17:41",785.1,2,mystakhs
1258,16430550,Ant,"2026-07-14 19:22:31",785.1,2,anthonytrevino
1259,16377577,ryuki1101,"2026-07-08 06:32:32",785.1,2,ryuki1101
1260,16408973,らすはる,"2026-07-17 11:37:01",785.1,2,yamashita
1261,16377039,"Ricky Yuen","2026-06-30 19:22:59",784.9,2,yuenricky
1262,16382130,Yuk!,"2026-07-03 14:02:09",784.8,2,mitsuyukiokamura
1263,16378628,satory074,"2026-07-19 18:29:50",784.8,2,satory074
1264,16373276,"MS-05 ざこ","2026-07-07 06:13:37",784.5,2,royalacecat
1265,16394705,AmiciDelPo,"2026-07-13 16:14:43",784.4,2,gabrielebeltramo
1266,16492376,kozzy,"2026-07-22 07:50:25",784.4,2,kozzy0919
1267,16372329,"Team D","2026-07-16 21:50:15",784.3,2,"ikedatsutom,kmy327"
1268,16401576,t.eno,"2026-07-12 09:43:15",784.3,2,iinotomoki
1269,16415946,"Leonardo Boria","2026-07-10 12:02:32",784.0,1,leonardoboria
1270,16393418,"Takahide Seki","2026-07-18 21:57:59",783.9,2,takahideseki
1271,16442526,tai,"2026-06-27 10:19:30",783.8,1,nemutai64
1272,16382849,水間,"2026-07-22 10:42:25",783.8,2,mijuuu
1273,16445578,tks,"2026-07-03 02:07:05",783.8,2,etks3141
1274,16404502,Davide,"2026-07-19 22:58:25",783.6,2,dcallega
1275,16464804,shawnYiB,"2026-07-22 06:20:13",783.6,2,shawnyib
1276,16491994,Casey,"2026-07-12 23:35:07",783.5,2,yangtzeflowing
1277,16387043,monnu,"2026-07-14 13:05:02",783.4,2,fuumin621
1278,16441739,keteru,"2026-07-20 03:30:22",783.4,2,keteru12
1279,16377470,"Pranesh Jayasundar","2026-06-18 03:50:29",783.4,2,praneshjayasundar
1280,16391926,so-ta,"2026-07-22 13:46:27",783.3,2,soutaozaki
1281,16578099,三天,"2026-07-21 02:37:46",783.2,2,gggggggxy
1282,16582785,"d b","2026-07-22 06:25:37",783.1,2,darkartitry
1283,16484375,Fernando,"2026-07-04 06:58:43",783.0,2,fer8fer8
1284,16414542,あーとらぼ,"2026-07-21 22:53:05",782.9,2,akartlab
1285,16402617,bohemian3657,"2026-06-28 02:15:49",782.7,2,bohemian3657
1286,16533858,Ray,"2026-07-12 04:39:22",782.6,2,ruihaokaggle
1287,16557053,YoshiBrightside,"2026-07-22 07:02:22",782.6,2,joshuapedrero
1288,16438512,"very kaggle","2026-07-19 02:22:50",782.6,2,verykaggle
1289,16396223,gibbonhugs,"2026-06-25 19:38:06",782.6,2,gibbonhugs
1290,16381363,"Liviu Alexandru Bobocu","2026-07-14 10:19:16",782.4,2,liviualexandrubobocu
1291,16561197,U023,"2026-07-22 01:30:00",782.1,2,ryutek
1292,16397268,"jarrett blumenschein","2026-06-27 16:28:06",782.0,2,jarrettblumenschein
1293,16444894,LowEffort,"2026-07-03 14:39:05",782.0,2,loweffort
1294,16531050,"Ishraq Tanvir","2026-07-15 21:22:30",781.9,1,ishraqtanvir
1295,16391481,"Blake Mosley","2026-07-13 23:37:27",781.9,2,blakemosley
1296,16395386,akiyamage,"2026-06-29 16:14:07",781.9,2,maurice49
1297,16378264,saxsir,"2026-07-22 09:23:28",781.5,2,saxsir
1298,16395361,milix,"2026-06-19 15:55:31",781.5,1,milixm
1299,16376942,ulaph4,"2026-07-15 10:16:43",781.4,2,ulaph4
1300,16417811,小松崎　大世,"2026-07-01 08:17:20",781.4,2,shintaisei
1301,16417305,Teteapod,"2026-07-01 04:55:49",781.3,2,tetrapod
1302,16430358,koumiyata,"2026-07-21 22:47:33",781.1,2,koumiyata
1303,16376710,"HIROYA KIKUCHI","2026-07-09 06:03:02",781.1,2,hiroyakikuchi
1304,16386714,Kyogre,"2026-07-02 12:08:52",781.0,2,"anvel913,ikejun,leek0113,tokoten0926"
1305,16401381,nkenji,"2026-06-20 11:19:32",781.0,2,kenjinakayamankenji
1306,16376022,pes_magic,"2026-07-14 11:19:40",780.9,2,fumiyasuto
1307,16398805,macaron,"2026-07-11 07:35:27",780.8,2,hayatotech
1308,16412698,たけまる,"2026-07-22 07:39:35",780.8,2,otake1006
1309,16539956,"DaoHe Liu","2026-07-13 15:21:16",780.8,1,daoheliu
1310,16406031,snowsapphire,"2026-06-29 13:17:41",780.6,2,snowsapphire
1311,16494133,"KAIWALYA RAUT","2026-07-21 11:25:45",780.5,2,kaiwalyaatulraut
1312,16443591,TTKeHH,"2026-06-28 05:20:01",780.4,2,ttkehh
1313,16420923,lingyundev,"2026-07-17 02:35:46",780.4,2,lingyundev
1314,16389000,Challengestone,"2026-07-22 07:26:33",780.4,2,"fitzypkm,tavinmatiszik,timinzitari"
1315,16481988,5386,"2026-07-19 15:16:11",780.3,2,"ismktkaggle,rairai314,satosis"
1316,16412933,"Hongbin Guokaggle","2026-07-12 10:49:21",780.3,2,hongbinguokaggle
1317,16379626,TomTom,"2026-07-21 05:08:01",780.2,2,"emuasg,supermame"
1318,16384611,"Karolina Kafel","2026-06-26 12:41:04",780.0,2,tandaradie
1319,16375089,romthpt,"2026-07-02 13:16:42",779.9,2,"romthpt,thomashussenet"
1320,16388849,tonghuicheng,"2026-06-27 04:47:15",779.8,2,tonghuicheng
1321,16475339,plato,"2026-07-16 05:03:22",779.7,2,rbmich
1322,16372595,"Yousef Turk","2026-07-09 14:12:38",779.7,2,yousefturk
1323,16382262,"Alessandro Campolo","2026-07-12 14:30:15",779.7,2,alessandrocampolo610
1324,16537606,LeeVvin,"2026-07-20 11:29:57",779.6,2,leevvin
1325,16373781,Hamu.py,"2026-07-10 10:28:26",779.5,2,hamupy
1326,16385084,"Harigane Ippei","2026-06-25 10:12:47",779.5,2,hariganeippei
1327,16376133,viss,"2026-06-27 03:49:46",779.5,2,vissdonn
1328,16514878,"Hancang Mi","2026-07-22 01:47:45",779.4,2,hancangmi
1329,16382539,"Katsuhito Muroi","2026-07-01 08:54:07",779.2,2,katsuhitomuroi
1330,16377729,jeruman,"2026-07-22 08:31:47",779.1,2,jeruman
1331,16432462,"ne Artem Savchenko","2026-07-12 18:11:14",779.1,2,neartemsavchenko
1332,16386847,QAQA,"2026-07-13 13:51:59",779.1,2,kenty719
1333,16456906,Venture2525?,"2026-07-09 00:36:18",779.0,2,venture2525
1334,16426585,Genki,"2026-07-06 05:06:21",778.9,2,genkiwatanabe
1335,16376337,"Sukjae Cho","2026-07-20 15:43:21",778.9,2,jandjenter
1336,16415361,"Akira Imae","2026-07-22 07:17:36",778.8,2,imaeakira
1337,16448074,xiaocidontrun,"2026-07-21 09:14:40",778.6,2,"limbogliu,xiaocidontrun,yanchengpan1"
1338,16388864,テツノバスタ,"2026-06-18 14:43:45",778.6,1,"ayaponzu2525,calcifer2525,himachine"
1339,16493870,stargazer,"2026-07-21 07:06:04",778.4,2,sakraa
1340,16388902,"Hikaru Umeyama","2026-07-04 17:17:03",778.4,2,umetaiyaki
1341,16388299,CodeAmansa,"2026-07-16 18:16:11",778.4,2,bcollazo
1342,16394786,Taimo,"2026-07-22 09:19:42",778.3,2,taikimori
1343,16388193,"Astandri K","2026-07-21 05:03:05",778.2,2,astandrik
1344,16469075,"Filip Strzałka","2026-07-22 10:16:33",778.1,2,snufkin77
1345,16380136,jongyoon,"2026-07-03 03:13:15",777.9,2,codebricks
1346,16460855,"Philipp Thoss","2026-07-14 09:44:12",777.9,2,pjt222
1347,16483760,Matt,"2026-07-07 05:47:07",777.8,2,mattvonrohr
1348,16377827,神奈川大学は国立大学,"2026-07-20 00:54:14",777.6,2,"aruzenweed,mizyu0501,shimpeimatuda"
1349,16473207,match051,"2026-07-22 12:39:28",777.5,2,match051
1350,16450813,dreamtear,"2026-07-19 04:01:29",777.5,2,mohanzeng
1351,16399700,JmpM,"2026-07-22 13:06:44",777.5,2,jmaru0707
1352,16379106,Agent,"2026-07-22 11:19:03",777.5,2,maulikgajera
1353,16411108,Neubor,"2026-07-03 10:09:35",777.4,2,neubor
1354,16418542,"It takes Kyurem","2026-07-21 16:33:39",777.4,2,"augustthem,earthlifter"
1355,16432072,YuhiVT,"2026-06-27 13:27:44",776.9,1,yuhivt
1356,16393005,r0ki3day,"2026-06-19 10:24:47",776.8,2,r0ki3day
1357,16567342,rs517,"2026-07-20 07:25:40",776.6,2,ryota517
1358,16435830,"Ra'uf Fauzan Rambe","2026-07-01 07:51:27",776.5,2,rauffauzanrambe
1359,16482984,"Zen dovid","2026-07-11 15:33:44",776.5,2,zendovid
1360,16557815,"Haotian lv","2026-07-17 05:26:20",776.4,1,lightovo
1361,16376460,"Takeshi Tanno","2026-07-22 10:52:55",776.2,2,takeshitanno
1362,16389168,bakata,"2026-06-19 16:34:15",776.2,2,bakata
1363,16396460,Oniku,"2026-06-30 18:06:38",776.1,2,ryutaroueda
1364,16478048,TomJ286991,"2026-07-05 02:48:55",776.0,2,tomj286991
1365,16510632,shibuyaboy,"2026-07-10 09:10:07",775.9,2,kanarienet
1366,16470303,Colin19,"2026-07-20 02:07:20",775.8,2,colin19
1367,16395686,"Clark Kitchen","2026-07-18 00:00:57",775.8,2,clarkkitchen
1368,16380808,festivallead,"2026-06-18 12:00:00",775.8,2,festivallead
1369,16385268,sekken,"2026-07-19 15:32:29",775.7,2,marksix
1370,16393415,rsuet61,"2026-06-27 14:42:45",775.6,2,rsuet61
1371,16557850,"Yqqxyy ","2026-07-22 04:28:41",775.5,2,yqqxyy
1372,16389772,Capitaalgain,"2026-07-22 13:05:22",775.5,2,capitaalgain
1373,16392761,kosian8128,"2026-06-24 05:00:26",775.5,2,kosian8128
1374,16508746,"Hassaan Ibrahim","2026-07-21 11:05:52",775.4,2,hassaanibrahim
1375,16451106,を,"2026-07-05 03:36:12",775.4,2,"h4nuri,wotakumak,yopokemontcg"
1376,16371755,yuki,"2026-07-19 11:16:47",775.4,2,yururoi
1377,16385285,Nora,"2026-07-21 02:41:02",775.3,2,toshiharuyabe
1378,16485217,"Roy Lo TW","2026-07-21 07:53:53",775.2,2,roylotw
1379,16372064,"Yoshinori Sato","2026-07-21 15:18:25",774.9,2,yosynory
1380,16402961,PokéPoké,"2026-07-19 17:49:39",774.8,2,"marwanashref,rahmamohamedsayd,shiru2"
1381,16375430,nanannan,"2026-07-19 23:50:13",774.7,2,minamiminami
1382,16380956,"taiga honda","2026-07-09 14:33:40",774.5,2,hondataiga
1383,16418791,"kenta matsumoto","2026-07-21 03:14:32",774.4,2,genryu0210
1384,16449291,四月一日,"2026-06-29 06:07:07",774.4,1,watanukiforkaggle
1385,16432975,AyushmanKumar819,"2026-07-03 06:45:56",774.4,1,ayushmankumar819
1386,16397939,"Joe Chapa","2026-07-21 02:11:59",774.2,2,joechapa
1387,16378759,Matsuda040708,"2026-06-17 07:19:38",774.1,1,matsuda040708
1388,16568723,"Ivan Vorfolomeev","2026-07-22 12:44:41",774.0,2,ivanvorfolomeev
1389,16372553,A.T.,"2026-07-21 10:44:12",774.0,2,t6ccc2
1390,16568836,"Jenny Ryu","2026-07-19 07:33:22",773.9,2,jennyryu
1391,16386546,Masaruto,"2026-07-21 15:32:45",773.8,2,"abcsakana,masaruto"
1392,16487957,ZassyA,"2026-07-09 05:57:19",773.8,1,zassya
1393,16468469,"Lukas Simokaitis","2026-07-10 15:58:45",773.8,2,lukassimokaitis
1394,16376937,"Jeki Wan Taufik","2026-07-06 06:42:53",773.7,2,jek1wantaufik
1395,16383107,CardPilotLab,"2026-07-22 09:11:49",773.6,2,EldieEnfiel
1396,16460151,"Tri Nguyen","2026-07-14 01:48:09",773.6,2,"caydenhutcheson,tringuyen2007"
1397,16440629,"Albert Wang","2026-06-26 22:50:51",773.6,1,mianwang1024
1398,16374893,"Brian Altan","2026-06-25 07:50:26",773.6,2,brianaltan
1399,16389169,kuma_jp,"2026-07-13 22:46:18",773.5,2,kumajp
1400,16436076,"Seungmin Ha","2026-07-13 01:34:50",773.3,2,seungmin2987
1401,16428601,Birusupi,"2026-07-13 05:22:56",773.3,2,s3tnnyvpgr
1402,16479624,Syljun0717,"2026-07-07 12:17:06",773.2,2,aguilajunya
1403,16377120,"Boiled Nail","2026-07-14 14:25:40",773.1,2,"boilednail,toroihamokuba"
1404,16413536,BOOM,"2026-07-17 09:07:11",773.0,2,boomchenxy
1405,16447284,Ye,"2026-06-28 15:57:30",773.0,2,gimgoon
1406,16404901,codebeforework,"2026-07-22 12:22:31",772.8,2,codebeforework
1407,16376002,suk1yak1,"2026-07-22 01:46:39",772.8,2,suk1yak1
1408,16382980,夯,"2026-07-21 09:48:23",772.6,2,superwmh
1409,16409208,"Sky kun","2026-07-14 03:05:06",772.5,2,skykun
1410,16372033,"Kazuhiro O","2026-06-19 12:41:53",772.5,1,kazuhiroo
1411,16371475,sitne,"2026-06-23 13:35:32",772.5,2,sitne40
1412,16514259,"Pioneer 2","2026-07-17 19:43:34",772.2,2,sigint
1413,16407737,Nine1Eight,"2026-07-20 00:23:02",772.2,2,wethepeople918
1414,16392214,Chloe,"2026-07-19 14:34:00",772.1,2,baytree1238
1415,16384179,"shinichiro uno3","2026-06-19 00:15:46",772.0,2,shinichirouno3
1416,16377475,souta927,"2026-07-21 23:34:48",771.9,2,souta927
1417,16506473,sleeper,"2026-07-18 14:00:45",771.8,2,anachronorm
1418,16376802,Metamor,"2026-06-27 16:16:36",771.8,2,metamormc
1419,16407283,mgoto51004,"2026-07-05 08:44:05",771.7,2,mgoto51004
1420,16371509,Ayodeji,"2026-07-22 03:55:13",771.6,2,ayodejiibrahimlateef
1421,16394373,Kinf11,"2026-07-10 14:52:39",771.6,2,kinf11
1422,16397943,AibePC,"2026-07-04 03:36:09",771.4,2,xsmaxpc
1423,16497516,"Alex Gorica","2026-07-20 13:12:49",771.4,2,alexgorica
1424,16376729,"G Pokemon","2026-07-12 22:46:30",771.2,2,gboparai
1425,16387665,"Seikan Suzuki","2026-06-29 02:39:45",771.2,2,seikansuzuki
1426,16516982,"Shubham Sahu2003","2026-07-17 04:58:39",771.2,2,shubhamsahu2003
1427,16407647,VK,"2026-06-23 08:25:59",771.0,1,venkatkumar001
1428,16419260,hoodrichpirobo,"2026-07-02 06:44:00",770.8,2,hoodrichpirobo
1429,16385629,taka548,"2026-06-18 02:41:06",770.8,1,taka548
1430,16375115,KenLatte,"2026-06-20 20:39:25",770.8,2,kenkudo
1431,16501411,Arun,"2026-07-11 06:20:33",770.7,2,wasbornlazy
1432,16377175,kiyu,"2026-07-12 14:23:52",770.6,2,caimiac
1433,16414130,"Team 阿頼耶識","2026-07-08 15:45:13",770.6,2,"gendaijin,shimky"
1434,16380018,"Sohshi Nakamura","2026-07-17 00:06:25",770.6,2,sohshinakamura
1435,16416332,Ohashi,"2026-07-08 15:53:49",770.6,2,jumpeiohashi
1436,16389042,Noma34x6773,"2026-07-20 12:39:42",770.5,2,noma126843
1437,16414079,"Aman Sharma","2026-06-24 15:02:51",770.4,2,aman5153684
1438,16421191,"JJ Bean","2026-07-22 01:17:24",770.3,2,"billtennant,jjt0716"
1439,16517552,"Phạm Vương","2026-07-21 14:27:56",770.3,2,vuongphamqq
1440,16404421,Pascal,"2026-07-22 02:36:50",770.3,2,pascalledesma
1441,16372132,"Masahiro Nagasawa","2026-07-13 15:29:52",770.1,2,masahironagasawaa
1442,16400870,victorvv,"2026-07-05 03:49:47",770.0,2,whs66666666666
1443,16394550,TomBombadyl,"2026-07-21 15:30:10",770.0,2,tobin1dr
1444,16379915,"SHUBHOJIT NASKAR","2026-06-17 09:27:15",770.0,2,shubhojitnaskar
1445,16400684,Shizupoke,"2026-07-16 14:19:34",769.9,2,"flat1017,kazzzaspala,pokenushi"
1446,16401848,Daksh_Malhotra_Kaggle,"2026-06-20 14:43:31",769.9,2,dakshmalhotrakaggle
1447,16377150,StrixM,"2026-07-22 10:52:19",769.8,2,strixm
1448,16552964,"k hori ","2026-07-22 00:05:13",769.7,2,khori7
1449,16489223,yzx22442255,"2026-07-15 05:08:35",769.5,2,yzx22442255
1450,16496161,"Ewart ML","2026-07-06 16:39:22",769.4,1,sirstewart
1451,16395219,"takahiro k0bayashi","2026-06-21 06:51:23",769.4,2,takahirok0bayashi
1452,16387018,"Артём Свинобоев","2026-07-10 18:40:15",769.4,2,ssstelmah
1453,16382021,yamamon,"2026-07-12 05:25:59",769.4,2,yamamon
1454,16442457,shu-piplup,"2026-07-13 15:39:39",769.3,2,shupiplup
1455,16487880,mumumu_no_mu,"2026-07-05 14:21:21",769.3,2,"gurukun41,jotarowasa,mumumunomu"
1456,16416886,YangAoTian,"2026-07-06 21:19:02",769.3,2,yangaotian
1457,16372521,john,"2026-06-30 08:29:04",769.1,2,jaejohn
1458,16405068,PNGN,"2026-07-22 04:52:09",769.1,2,milipngn
1459,16426003,江东,"2026-07-05 14:40:37",769.0,1,niubi666
1460,16400854,"zumi zumi","2026-07-02 04:36:00",769.0,2,zumillion
1461,16393388,sk1012,"2026-07-19 22:48:09",768.9,2,kaitoterasaki
1462,16385287,"Junichi Saigou","2026-07-22 14:04:16",768.8,2,junichisaigou
1463,16405091,"Jake L and Kevin L","2026-06-22 06:20:39",768.8,2,kevinleenyc
1464,16387569,GoodMorning,"2026-06-26 14:39:02",768.8,2,zhaochenhao2003
1465,16392389,ShinjiroKuroda,"2026-07-08 14:32:46",768.6,2,shinjirokuroda
1466,16412967,ZhouActor,"2026-07-19 11:59:17",768.6,2,"liuqiang1218,xsnhahaha,zhouactor"
1467,16501393,"Jason Lau","2026-07-15 01:11:21",768.5,2,jasonlau219
1468,16385984,mono_ogu,"2026-07-21 04:07:28",768.4,2,monoogu
1469,16406277,"Bianco Chiu","2026-06-25 13:35:40",768.4,1,biancochiu
1470,16570532,lingheng,"2026-07-20 10:30:34",768.2,2,"lingheng,xianhaolin6077"
1471,16393859,"Jesús Martín Fernández","2026-06-19 10:58:03",768.1,1,jessmartnfernndez
1472,16488067,"Jayden Jeswin Raj","2026-07-16 03:05:58",767.9,2,richardmaddox
1473,16400562,Imamu,"2026-06-21 16:43:47",767.8,2,chizzm
1474,16583625,Coolinlai,"2026-07-22 04:32:07",767.8,2,coolinlai
1475,16374763,"Ryo Ochi","2026-07-20 06:42:36",767.5,2,ryoochi
1476,16381874,Blacklions.,"2026-07-22 11:46:02",767.3,2,blacklions
1477,16373910,nakashima723,"2026-06-21 06:39:31",767.2,2,nakashima723
1478,16426023,sqrt4kaido,"2026-07-18 23:09:33",767.2,2,nomorevotch
1479,16413938,"Yasuharu Hirado","2026-07-16 01:12:14",767.0,2,superyasuharu
1480,16497953,"Alvin Li","2026-07-07 03:38:48",766.9,1,alvinli0412
1481,16380824,orikage,"2026-07-04 00:59:58",766.9,2,orikage
1482,16375987,quwon_000,"2026-07-17 10:23:31",766.9,2,quwon000
1483,16373713,Dakuma,"2026-06-19 07:38:54",766.9,2,"daiwakun,kumanotani,tenceiling"
1484,16381250,masat,"2026-06-23 15:02:52",766.8,2,masatttt
1485,16384059,ankounabe114,"2026-07-21 15:05:42",766.7,2,ankounabe114
1486,16405184,MBOOK,"2026-07-22 08:50:24",766.7,2,johnlemon3
1487,16377471,shiiin9,"2026-07-08 01:42:46",766.3,2,shiiin9
1488,16381633,Tardigrades,"2026-07-21 16:38:43",766.1,2,rxd1218
1489,16405170,stale2000,"2026-06-24 19:45:27",766.1,2,bryanwade
1490,16559610,PieForever,"2026-07-20 01:05:46",766.1,2,pieforever
1491,16394010,Naoshin,"2026-07-22 04:07:49",766.1,2,naoshin
1492,16393904,InkCartridge,"2026-07-18 14:35:09",766.1,2,inkcartridge
1493,16381675,pokAmon,"2026-07-22 12:00:40",766.0,2,amonkizawa
1494,16372411,"Yoshimura Soichiro","2026-07-17 03:53:38",766.0,2,yoshimurasoichiro
1495,16408188,Shuzo,"2026-06-22 23:42:59",765.6,2,shuzo66
1496,16379314,"David Tan","2026-07-09 02:16:27",765.6,2,davidtangoogle
1497,16517131,July,"2026-07-19 05:44:06",765.6,2,julyzseven
1498,16508038,"Vivaan Satija","2026-07-21 15:13:39",765.5,2,vivaansatija
1499,16561227,"Benjamin P","2026-07-21 18:42:02",765.4,2,benjaminpo
1500,16424835,"Ming Fong","2026-06-24 03:02:33",765.4,1,evilpegasus
1501,16535078,Impala16,"2026-07-20 09:08:31",765.3,1,impala16
1502,16405743,PokePoke-777,"2026-07-20 13:27:53",765.2,2,pokepoke777
1503,16374024,ipruning,"2026-06-18 10:58:49",765.2,2,ipruning
1504,16405138,Yser,"2026-07-22 01:26:32",765.0,2,"inoueyuji,ryoheihara"
1505,16462645,ElvisSikora,"2026-07-08 20:54:54",764.9,2,elvissik
1506,16393396,nifuramu,"2026-06-27 09:09:29",764.9,1,nifuramu
1507,16439716,"Koki _1231","2026-07-17 11:35:42",764.8,2,koki1231
1508,16375072,"[ODS] waniz","2026-06-25 13:08:14",764.8,2,wanizz
1509,16388144,TA,"2026-07-22 12:30:16",764.8,2,takutoinoue
1510,16372467,Kuuma5,"2026-07-02 16:03:49",764.5,2,kuuma5
1511,16381063,aca-ta,"2026-07-20 14:50:02",764.5,2,seljydef
1512,16573899,"suhzh zjjzh","2026-07-22 12:43:43",764.5,2,suhzhzjjzh
1513,16400977,dungeon-master,"2026-06-28 13:12:56",764.3,2,anonymousgod108
1514,16462384,"CHAEHYUN LIM2","2026-07-03 00:00:55",764.3,2,chaehyunlim2
1515,16379818,TMMT,"2026-07-22 13:56:18",764.2,2,yukimatsumori
1516,16387626,"Geumhwan Hwang","2026-07-21 05:38:51",764.1,2,a20215213
1517,16385654,Shachify,"2026-06-21 23:13:18",764.0,2,shachify
1518,16375449,"THE A TEAM","2026-06-18 15:50:37",763.9,2,stevefloresswwwq
1519,16508871,増殖するG,"2026-07-21 00:27:57",763.8,2,victorhorn
1520,16454463,"Jack Yeung","2026-07-21 23:17:54",763.7,2,"redoctopusk,youngjack123"
1521,16477882,"Jim Eastburn","2026-07-21 22:05:02",763.7,2,jimeastburn
1522,16380517,fufufufufuko,"2026-06-26 14:21:39",763.6,2,iiimas00
1523,16558247,nakano_kano_shimai,"2026-07-22 09:11:28",763.5,2,"kodaimano,nakanokanoshimai,soracoco"
1524,16388551,monicrew,"2026-07-19 09:17:11",763.5,2,"erikatakada,itaosan,kentatakeo"
1525,16478064,mgn,"2026-07-05 15:03:31",763.4,2,mugentk
1526,16375769,没落者,"2026-07-21 11:45:11",763.4,2,needless090
1527,16378153,"Anjana mohan","2026-07-17 23:40:27",763.4,2,anjanamohan13
1528,16393064,"Editor Jugnu AI","2026-07-18 11:10:47",763.3,2,editorjugnuai
1529,16373297,"Ars Noveau","2026-07-21 01:18:24",763.2,2,"belati,nicholasarditirta,philbertmayer,vanitasss,winotohasyim"
1530,16499726,mitsukuni,"2026-07-22 05:32:18",763.1,2,mitsukun1
1531,16388156,We1chnon,"2026-07-09 10:49:32",763.1,2,we1chnon
1532,16511145,liujiani,"2026-07-17 11:34:35",762.9,2,liujiani0605
1533,16371696,"Mathieu W","2026-07-21 16:54:56",762.8,2,mathieuw
1534,16382620,"Kazato Takahashi","2026-06-26 12:59:47",762.7,2,kazatotakahashi
1535,16379582,sereinless,"2026-07-20 16:09:55",762.7,2,sereinless
1536,16376061,Shoto,"2026-07-21 15:36:39",762.5,2,bloodymonday
1537,16385016,"Kyoungwon Jeong","2026-07-22 13:35:46",762.4,2,kyoungwonjeong
1538,16393745,ShumpeiNomura,"2026-07-22 07:31:56",762.3,2,shumpeinomura
1539,16388953,xyz600,"2026-07-22 09:46:17",762.3,2,"ku6262,tooruinamori,xyz600,ymks7397"
1540,16387028,daiki_pyonkichi,"2026-07-21 03:10:12",762.3,2,himejipyonkichi
1541,16417494,"Tommy Mancino","2026-07-20 20:33:43",762.3,2,tommymancino
1542,16374579,uuji-qvp,"2026-07-21 19:27:40",762.2,2,uujiqvp
1543,16551627,"LiFeng Wen","2026-07-17 16:41:17",762.2,2,lifengwen
1544,16496195,"ZQ Wen","2026-07-06 16:46:04",761.9,1,mindfreak2
1545,16406623,keith,"2026-06-24 13:25:56",761.8,2,kamatt
1546,16388806,yue13,"2026-06-18 13:13:32",761.8,1,yue813
1547,16561758,"Vijaya Ganesh","2026-07-21 09:21:24",761.8,2,vijayaganesh
1548,16488282,"Yamin Hossain","2026-07-06 10:39:42",761.7,2,yaminh
1549,16397598,HayatoFujihara,"2026-07-13 23:16:46",761.7,2,hayatofujihara
1550,16372608,cm391,"2026-07-21 23:53:21",761.5,2,mccocoful
1551,16421871,hotpotbro,"2026-07-21 15:16:42",761.5,2,hotpotbro
1552,16385200,"Sam Branham","2026-07-21 22:12:53",761.5,2,sambranham
1553,16376652,樹神,"2026-07-06 13:53:15",761.4,2,takanorikotama
1554,16379941,"R. Yamada","2026-06-29 08:14:50",761.3,2,reijiyamada
1555,16372065,"Chekhlov Dmitrii","2026-07-21 16:37:34",761.3,2,zoli800
1556,16373076,gemelom,"2026-07-22 02:16:54",761.2,2,"gemelom,zrrwww"
1557,16383215,holyholy,"2026-07-22 10:51:27",761.2,2,holy5contents
1558,16371937,"Ryuto Yoda","2026-06-24 04:15:12",761.1,2,ryutoyoda
1559,16381274,MCH,"2026-07-22 12:48:25",761.1,2,"gamesenmu,henonun,tarumikei"
1560,16382833,Anemone,"2026-06-20 11:13:40",761.0,2,maple0u0
1561,16513249,"Paris Baguette","2026-07-19 22:31:31",760.9,2,rickobliviate
1562,16394957,hideMonkey,"2026-07-21 18:13:40",760.9,2,hidemonkey
1563,16394589,Pokemon001,"2026-07-21 23:40:21",760.8,2,"brunoescalhao,guilhermepedroso"
1564,16424691,cshara,"2026-07-20 07:04:02",760.7,2,cshara
1565,16517395,yuta,"2026-07-17 02:12:17",760.5,2,enjooooy
1566,16516683,"kazuki morikawa","2026-07-20 08:42:20",760.4,2,kazukimorikawa
1567,16379340,hibikisato0413,"2026-07-21 02:36:59",760.2,2,hibikisato0413
1568,16449303,stars_w,"2026-06-30 10:55:25",760.2,1,starsw
1569,16391687,Momotaro1226,"2026-07-20 12:01:15",760.2,2,momotaro1226
1570,16378344,yuki16,"2026-07-06 03:37:36",760.1,2,yuki16
1571,16481865,ぴかぴ＠ポケカ,"2026-07-17 09:52:04",760.1,2,pikapi3104
1572,16569359,"Jiangdan Sun","2026-07-19 09:38:06",760.0,1,jiangdansun
1573,16371320,"(ノ◡ <)","2026-07-21 04:50:54",759.9,2,nawfeelrahman1124444
1574,16377843,Mindnightdestroy,"2026-06-29 07:00:27",759.7,2,mindnightdestroy
1575,16554679,feles99,"2026-07-19 09:45:37",759.5,2,feles99
1576,16373853,Pokkén,"2026-07-20 16:47:02",759.5,2,"denpa92,tcgengine,viewlagoon"
1577,16397254,"Jake Palanca","2026-06-28 02:32:13",759.5,2,jakepalanca1
1578,16408276,wattanx,"2026-07-13 10:58:42",758.9,2,wattanx
1579,16420764,enim,"2026-07-20 23:12:11",758.9,2,kaenim
1580,16535928,g-taniguchi,"2026-07-21 00:52:09",758.8,2,gtaniguchi
1581,16494579,MingYue,"2026-07-06 14:44:48",758.8,1,tohog9325
1582,16389841,"iwata hiroki","2026-07-21 23:14:17",758.6,2,iwatahiroki
1583,16576436,"Luon may Man","2026-07-22 08:07:56",758.4,2,luonmayman
1584,16444000,Sophie,"2026-07-12 09:18:44",758.4,2,morty3500
1585,16410956,"Adi Kumar","2026-07-20 16:18:10",758.2,2,adikumar312
1586,16383136,mushikera,"2026-07-20 12:57:03",758.1,2,ys1005
1587,16381952,trow126,"2026-07-06 02:03:12",758.0,2,trow126
1588,16539622,LinZihanAdam,"2026-07-14 04:41:45",757.8,2,linzihanadam
1589,16470869,ITF_Esys_Kasu,"2026-07-22 11:36:30",757.8,2,"roshirif,wabisabiwasabi,zumizumi0625"
1590,16380989,"Prema Ananda","2026-07-18 05:52:45",757.7,2,premaananda108
1591,16435980,"Kanata Iriyama","2026-06-26 04:05:24",757.7,1,kanatairiyama
1592,16471006,BabyCows,"2026-07-09 22:44:38",757.7,2,"anthonyrispoli,p0kedude"
1593,16401542,Jackylw,"2026-07-21 05:11:12",757.6,2,jackylw
1594,16507074,"haonan zhengh","2026-07-22 12:12:17",757.6,2,haonanzhengh
1595,16387428,sasaki,"2026-07-13 00:34:27",757.3,2,rsasaki
1596,16403812,Aditya,"2026-06-22 13:16:44",757.3,2,adphx13
1597,16378249,GENGARDEV,"2026-06-22 00:52:52",757.3,2,gengardev
1598,16501495,T.Kawahara,"2026-07-22 09:32:01",757.1,2,kawaharataishi
1599,16378682,"Shih Hua Chou","2026-06-28 06:50:47",757.1,2,shihhuachou
1600,16414784,EunchaeSong,"2026-07-11 12:43:53",756.9,2,eunchaesong
1601,16416135,"Aditya Sharma","2026-06-26 06:16:26",756.6,2,adityasharma01
1602,16385007,otani_ai_memo,"2026-07-06 05:06:21",756.6,2,otaniaimemo
1603,16421075,teetru,"2026-07-08 14:02:47",756.5,2,teetru
1604,16373275,TY0912,"2026-07-21 15:12:29",756.5,2,samejimatink0
1605,16375721,natsu,"2026-07-20 15:58:27",756.5,2,okamotonatsuo
1606,16381336,adakoda,"2026-07-20 05:19:45",756.5,2,adakoda
1607,16442780,mikke9747,"2026-06-27 11:55:05",756.5,1,mikke9747
1608,16388998,fp563yu,"2026-06-20 06:03:36",756.5,2,fp563yu
1609,16433241,Pikachu,"2026-07-21 15:07:11",756.3,2,anirudhkumaraheer
1610,16383513,cmoney,"2026-07-16 01:40:30",756.3,2,chrisspears
1611,16377187,"Horikita Saku","2026-07-22 07:50:43",756.3,2,horikitasaku
1612,16488476,T.Suzuki,"2026-07-22 07:15:42",756.2,2,tsuzukichousei
1613,16376037,石sion,"2026-06-30 07:21:03",756.2,2,herat0034
1614,16441962,"Pedro Ruschel","2026-07-12 20:35:08",756.0,2,pedrohruschel
1615,16372554,"[RU] Nikita Kuznetsov","2026-06-19 15:06:15",755.8,2,nikitakuznetsof
1616,16381504,かすみさんち,"2026-07-21 14:58:11",755.8,2,fummaeda
1617,16402154,"lxh unbound","2026-06-29 04:04:19",755.8,2,lxhunbound
1618,16576916,"HARSHIT SHARMA","2026-07-21 02:28:09",755.8,2,"harshitxdev,pernavjain"
1619,16410581,f.a.nina,"2026-07-06 03:26:01",755.7,2,nina2025
1620,16382252,suwat513,"2026-07-22 12:35:55",755.6,2,suwat513
1621,16390497,"James Christian","2026-07-13 17:41:46",755.6,2,kenkaocwl
1622,16508321,Charmander,"2026-07-09 09:26:10",755.5,2,edantoledokaggle
1623,16374538,"Aaron Fletcher","2026-07-07 00:43:20",755.5,2,aaronfletcher
1624,16372041,Takutsu,"2026-07-15 12:37:08",755.4,2,"keitanakamura50,komeshun,nocchan"
1625,16532607,"Rensei K","2026-07-19 11:33:37",755.3,2,renseikazuhama
1626,16418422,guohaowen,"2026-06-23 16:43:33",755.2,2,guohaowen1910
1627,16395614,WAKIYA,"2026-07-16 04:19:37",755.1,2,chouchoulabo
1628,16392409,ysowkx,"2026-07-21 06:56:12",755.0,2,ysowkx
1629,16512293,AURORA,"2026-07-22 07:19:13",754.9,2,dongsusin
1630,16387977,Gakupide,"2026-07-22 10:50:31",754.9,2,gakupide
1631,16486089,charlotte,"2026-07-15 15:08:36",754.7,2,zongzishuang
1632,16388923,y.shimada,"2026-06-18 23:15:06",754.7,2,shimaday
1633,16378235,SuperNorman,"2026-06-25 02:46:34",754.6,2,supernorman
1634,16381604,kaiw,"2026-07-15 19:14:51",754.6,2,kaiwdev
1635,16411175,たいたん,"2026-07-16 18:36:30",754.5,2,"foxtorch,peten234,titandayo,zenorhye"
1636,16425631,"qianbao hou","2026-06-29 04:59:37",754.3,2,qianbaohou
1637,16391190,keidroid,"2026-07-22 12:38:10",754.2,2,keidroid
1638,16442856,higaki,"2026-07-22 09:58:10",753.8,2,higaki
1639,16376016,"Parker Morgan","2026-06-19 04:28:34",753.7,2,parkermorgan123
1640,16392658,"Ajito Nelson","2026-07-22 08:49:51",753.6,2,ajito89
1641,16446187,ODOP0315,"2026-07-03 01:21:52",753.5,2,odop0315
1642,16414753,"Yuya Fujiwara","2026-07-09 02:51:59",753.1,2,yuyafujiwara139
1643,16375080,"Adrian Dubois","2026-06-16 21:58:44",753.0,1,adriandubois
1644,16382318,junXD5,"2026-07-20 17:22:23",753.0,2,junxd5
1645,16430136,Metanoon,"2026-07-16 16:18:25",753.0,2,metanoon
1646,16433861,deepika.ss,"2026-06-25 15:42:24",752.8,1,deepikass011
1647,16500571,iaai,"2026-07-13 14:41:58",752.8,2,iaai21047
1648,16371442,"Egor Tkachenko","2026-07-20 21:26:22",752.6,2,egortkachenko
1649,16392777,和田竜一,"2026-06-19 07:01:02",752.6,2,atrwada
1650,16394732,"Akito Maruo","2026-06-20 04:10:53",752.6,2,akitomaruo
1651,16417271,"Vicky Maan","2026-06-27 19:30:23",752.5,2,vickymaan
1652,16485580,Light_uts,"2026-07-22 12:27:26",752.4,2,lightuts
1653,16456332,"Juan Lavieri Goiri","2026-07-01 17:16:09",752.3,2,juanlavierigoiri
1654,16419702,AlphaKarpZero,"2026-07-22 10:51:37",752.2,2,"davidebaschieri,giorgioottoboni,sirleeplepp"
1655,16418232,"Masataka Sato","2026-06-24 03:02:09",751.8,2,masatakasato
1656,16388587,mouriman,"2026-07-21 15:31:40",751.7,2,mouriman
1657,16375229,ことこと,"2026-07-19 06:26:39",751.7,2,koto821
1658,16373858,strayuru,"2026-06-18 12:23:02",751.6,2,strayuru
1659,16460352,shallowfieldagon,"2026-07-19 09:59:48",751.4,2,shallowfieldagon
1660,16375790,"Matthew Potteiger","2026-06-17 00:55:21",751.4,1,matthewpotteiger
1661,16387162,radozaprazny,"2026-07-09 19:20:13",751.4,2,radozaprazny
1662,16514414,born,"2026-07-17 16:08:26",751.3,2,codyborn
1663,16372793,"Kazuyoshi SUZUKI","2026-06-16 14:29:00",751.2,2,kazuyoshisuzuki
1664,16440711,Satokenize,"2026-07-04 13:31:49",751.1,2,satokenize
1665,16372267,Kendamarron,"2026-07-22 03:04:06",751.1,2,kazuhirokuriyama
1666,16464511,"Loss Volos","2026-07-19 12:32:40",751.0,2,bryxosmmm
1667,16382420,Yuiki,"2026-06-26 13:15:01",751.0,2,yuikijp
1668,16419757,"sidney niu","2026-06-25 08:28:19",751.0,2,sidneyniu
1669,16372449,"Big Deck Energy","2026-07-19 15:49:25",750.9,2,nihilisticneuralnet
1670,16373133,"takuya noto","2026-06-24 07:55:33",750.9,2,takuyanoto
1671,16499820,Leonardo03,"2026-07-13 09:28:42",750.7,2,leonardo03
1672,16388778,"Team kuma","2026-06-24 17:47:04",750.6,2,iwanamishoya
1673,16376866,Tang,"2026-06-28 01:45:10",750.6,2,hirotetsu
1674,16393774,"Chen Ken","2026-07-21 05:04:41",750.6,2,nutastray
1675,16374710,Hiryu,"2026-06-27 12:55:39",750.5,2,kusurizuke
1676,16386173,Hiroyasu123,"2026-07-15 00:12:32",750.4,2,hiroyasu123
1677,16385034,monaou,"2026-07-05 14:52:10",750.4,2,monaou
1678,16465127,gakki,"2026-07-07 06:30:11",750.3,2,sdeagggg
1679,16387389,DaiPh,"2026-07-22 09:21:59",750.3,2,"jumpingdaidai,phoebe0511"
1680,16438242,FinlaMor,"2026-07-19 09:15:14",749.8,2,finlamor
1681,16409101,bokukaraijo,"2026-06-21 16:09:10",749.7,1,bokukaraijo
1682,16540111,Irabala,"2026-07-20 08:04:44",749.6,2,irabala1
1683,16506020,"Ash Kecap","2026-07-22 09:07:00",749.6,2,zaoooo29
1684,16408307,NoOneAhead,"2026-06-21 14:28:41",749.4,2,jerrlu
1685,16421188,hanagumo,"2026-07-19 03:07:14",749.4,2,hanagumo
1686,16384587,hikimay,"2026-06-29 01:29:17",749.4,2,hikimay
1687,16581323,AndyLiuHz,"2026-07-21 15:28:27",749.2,2,andyliuhz
1688,16405001,"airMac 778","2026-07-17 15:12:30",749.2,2,airmac778
1689,16506501,x1angM,"2026-07-19 12:21:09",749.2,2,x1angm
1690,16454280,qb,"2026-07-21 00:47:43",749.2,2,quangvanbui
1691,16421007,yshinok,"2026-07-20 14:49:01",749.1,2,yukishinohara0114
1692,16411951,Ryutogrrr,"2026-07-20 04:52:08",749.1,2,ryutogrrr
1693,16473693,K.Piro,"2026-07-22 09:31:14",749.1,2,agares02
1694,16448195,Climber513,"2026-07-20 14:14:20",749.1,2,climber513
1695,16533668,probability,"2026-07-20 16:05:53",749.0,2,probabilitywavepeak
1696,16418589,"tk #2","2026-07-03 06:26:42",748.9,2,tatsuokaniwa
1697,16373035,akiakane,"2026-07-20 15:19:27",748.9,2,"aohebi7,hideohideo"
1698,16579092,"Rayder Zero","2026-07-21 14:17:45",748.9,2,rayderzero
1699,16552637,hexisteme,"2026-07-21 14:42:07",748.8,2,hexisteme
1700,16372261,rikakei_no_otaku,"2026-07-08 00:19:34",748.7,2,whitelily
1701,16379177,Aevion-Labs,"2026-07-15 15:33:56",748.6,2,aevionlabs
1702,16381884,"Kazuya Hirose","2026-06-20 16:51:01",748.6,2,kazuyahirose
1703,16376111,venom,"2026-07-12 13:27:15",748.4,2,venomcreations
1704,16403381,"HIDEYO CHIBA","2026-07-22 06:54:20",748.3,2,hideyochiba
1705,16430749,uesi,"2026-07-19 14:40:50",748.3,2,uemura687
1706,16474082,Sho,"2026-07-14 13:43:48",748.1,2,shosugise
1707,16373720,MooDerEchte,"2026-07-20 00:04:26",748.1,2,davidralf
1708,16382215,"Tatsuya Goto","2026-07-20 06:32:13",748.0,2,tatsuyagoto
1709,16376384,YOYOPIpo,"2026-06-29 06:05:21",748.0,2,yoyopipo
1710,16559322,KentaTanaka,"2026-07-19 17:16:04",747.9,2,kentatanaka1data
1711,16415048,"Just a gorilla","2026-07-21 07:56:45",747.9,2,"mashuuuooo,nactmax,toshimitsuyuki"
1712,16401552,むにちゃちゃ,"2026-07-08 11:33:21",747.7,2,munichacha
1713,16385884,"Twin Energy","2026-07-14 10:12:49",747.6,2,jcxliv
1714,16386405,soqbcwndhtmsnj,"2026-07-16 07:17:05",747.6,1,soqbcwndhtmsnj
1715,16532096,haodou092,"2026-07-15 15:15:01",747.6,2,haodou092
1716,16399924,"Empty Hand","2026-06-20 07:20:56",747.6,1,milanpeelman
1717,16383098,"YU YAUCHI","2026-07-08 15:21:22",747.6,2,yuyauchi
1718,16508103,Myaano,"2026-07-09 00:31:47",747.3,1,myaano
1719,16532696,Robson,"2026-07-21 13:23:57",747.3,2,robsonsan
1720,16425040,omoch1...?,"2026-07-19 16:15:36",747.2,2,agecom
1721,16403218,"Chong Xuan Ng","2026-06-28 14:29:30",747.1,2,chongxuanng
1722,16400063,"Robo Games","2026-07-17 08:41:53",747.1,2,robogames
1723,16417006,tennogh,"2026-06-22 22:40:38",747.0,1,tennogh
1724,16381114,松原柚月,"2026-06-21 02:37:11",747.0,2,diayudu26
1725,16373161,"Night March","2026-07-21 15:59:20",747.0,2,"kkuroda2606,pachuru"
1726,16493533,Ron506,"2026-07-06 15:21:46",746.9,2,ron506
1727,16571811,"PRASHANT SHUKLA91","2026-07-20 00:41:28",746.8,2,prashantshukla91
1728,16512901,joongyong,"2026-07-18 05:37:07",746.8,2,joongyong
1729,16394955,シャカパチロボ,"2026-07-20 13:25:44",746.6,2,teppei0120
1730,16384377,"Benjamin Zhao3927","2026-06-20 12:20:53",746.5,2,benjaminzhao3927
1731,16445642,momoon,"2026-07-20 23:39:26",746.5,2,nomuraryota
1732,16372636,いせえび,"2026-06-23 06:37:16",746.4,2,iseeebi
1733,16380867,ろう39,"2026-07-21 18:23:38",746.4,2,kuronekorou39
1734,16381577,suzutanuki,"2026-06-21 05:34:27",746.4,2,suzutanuki
1735,16509978,yuuyo-arobet,"2026-07-18 04:08:04",746.3,2,reckonyuyo
1736,16428718,zerotwo002,"2026-07-02 20:39:25",746.2,2,"unicorn526,wangmahua0301"
1737,16382526,高山龍馬,"2026-06-26 16:11:37",746.0,2,ryomaryoma777
1738,16377247,"P.J Leek","2026-07-22 03:44:31",746.0,2,pjleek
1739,16394395,l2658183739,"2026-07-09 13:35:10",745.9,2,l2658183739
1740,16431061,SCU_12600883,"2026-06-26 08:20:25",745.8,2,mavenyechankim
1741,16468703,"Nishanth Rajan","2026-07-19 23:24:27",745.7,2,nishanthrajandev
1742,16396502,TheDigitalCK,"2026-07-22 11:50:26",745.5,2,thedigitalck
1743,16481896,"Willetta Dettore","2026-07-11 02:56:33",745.4,2,willettadettore
1744,16382518,Team,"2026-07-21 23:45:58",745.3,2,"conormacamhlaoibh,kenyeungtech"
1745,16396501,"Fahim Faisal","2026-06-20 19:46:31",745.1,2,fah1mfa1sal
1746,16434408,"Vavilkin Alexander","2026-06-30 20:05:24",745.1,1,vavalex
1747,16422439,discoverybytes,"2026-07-21 15:34:12",745.1,2,johnproudfoot
1748,16373386,wongsakorn.rat,"2026-07-02 16:34:56",744.8,1,wongsakornrat
1749,16386310,sakaitt,"2026-07-21 07:05:00",744.7,2,sakaitt
1750,16508139,"Minchul Shin","2026-07-21 14:51:14",744.4,2,nashory
1751,16405171,DON,"2026-07-22 11:52:32",744.3,2,shutosagawa
1752,16384544,"Phu Hung Dang","2026-07-01 11:27:39",744.3,2,phuhungdang
1753,16385079,Colin,"2026-07-11 09:58:06",744.2,1,umcolin
1754,16435285,"Benji Bromberg","2026-07-07 14:25:53",744.1,2,benjibromberg
1755,16406294,N.Y,"2026-07-17 11:48:03",744.1,2,unisttt2
1756,16393739,"Nguyễn Giáp","2026-06-20 09:37:09",744.0,2,nguyngip
1757,16379776,tochiri,"2026-06-18 14:32:17",744.0,1,tochiri
1758,16482398,"Jessica Hsu","2026-07-19 03:06:40",743.7,2,jessicahsu
1759,16397070,can_cam,"2026-07-22 13:05:29",743.6,2,nougatatam
1760,16513092,"Gabe Mccrea","2026-07-14 14:43:26",743.6,2,gabemccrea
1761,16433277,"Mai Kevin","2026-07-17 06:41:37",743.5,2,maikevin
1762,16372582,"Nur Srijan","2026-07-22 08:10:26",743.4,2,nursrijan
1763,16371575,"Kentaro Hirose","2026-07-09 07:39:04",743.4,2,kentarohirose
1764,16516666,Zyy7390,"2026-07-21 22:59:59",743.3,2,zyy7390
1765,16392927,"Mark Cooper","2026-07-21 20:15:09",743.2,2,markjcooper
1766,16399437,"Masatoshi Taniguchi","2026-07-22 11:07:47",743.2,2,masatoshitaniguchi
1767,16390808,"THE TORQUE WRENCHES","2026-07-22 07:53:13",743.2,2,"akicolor,lutramasaki,mameta"
1768,16436580,IntelligentApe,"2026-07-02 08:50:24",743.2,2,"hazmannaim,mira97ge,yungsin"
1769,16378091,prod1gy,"2026-07-15 02:55:34",743.2,2,"alexliang817,borealis27"
1770,16387881,konaito,"2026-07-05 17:01:20",743.1,2,konaito
1771,16389109,マクリル（マクリル）,"2026-06-18 15:58:08",743.0,2,mark0124
1772,16371976,"Been Seo","2026-06-17 23:14:56",742.8,2,beenseo
1773,16430210,IamDiganta.7,"2026-06-30 17:57:06",742.6,2,iamdiganta7
1774,16414718,Sophinator,"2026-07-21 20:14:24",742.6,2,sophinator
1775,16385941,nakanoData,"2026-06-22 22:04:05",742.5,2,nakanodata
1776,16536897,"Anh-Vu Mai-Nguyen","2026-07-19 07:26:14",742.5,2,mainguyenanhvu
1777,16424788,princehur,"2026-07-05 10:22:08",742.5,2,princehur
1778,16394796,pp25,"2026-06-25 13:57:57",742.2,2,personal
1779,16372263,"André Fernandes","2026-07-22 13:25:05",742.2,2,zerocool21
1780,16434060,"Sorachi KATAYAMA","2026-07-22 02:40:31",742.1,2,sorachi125
1781,16382751,kutty1119,"2026-07-13 16:52:34",742.0,2,kutty1119
1782,16376803,Kelvin,"2026-06-21 03:08:50",742.0,2,xyzdivergence
1783,16386749,史永刚,"2026-06-30 00:26:22",741.9,2,shizehao
1784,16385932,"Takauchi Suguru","2026-07-16 04:10:13",741.7,2,gurusut
1785,16435763,kinotako,"2026-07-17 13:55:12",741.7,2,kinotako
1786,16432647,pcxxxxxx,"2026-07-13 07:54:10",741.6,2,pcxxxxxx
1787,16388060,TakazawaMasato,"2026-06-24 03:13:02",741.6,2,takazawamasato
1788,16375681,dnish,"2026-06-18 17:16:44",741.6,2,dnishio
1789,16510127,"Đức Nguyễn Minh","2026-07-14 09:28:55",741.6,2,ducnm030303
1790,16388101,doctorw,"2026-07-20 07:56:01",741.5,2,wrq295
1791,16560356,greatestFrog,"2026-07-20 14:08:28",741.5,2,greatestfrog
1792,16471446,ebrownel,"2026-07-22 05:06:51",741.3,2,ebrownel
1793,16394562,"Wataya Iga","2026-07-22 03:32:11",741.2,2,watayaiga
1794,16380964,supermelon,"2026-07-12 03:36:13",741.0,2,supermelon
1795,16375835,yoshimasak,"2026-06-23 13:51:51",740.9,1,yoshimasak
1796,16375522,"Toshiki Shinju","2026-06-17 20:42:27",740.8,1,toshikishinju
1797,16372425,tsukammo,"2026-07-15 15:59:26",740.6,2,tsukammo
1798,16382603,Eriya,"2026-07-08 17:02:01",740.6,2,haaaal
1799,16373351,"Andrew Harlen","2026-07-22 12:08:23",740.6,2,harlenka
1800,16481635,"Tanaka Chiromo","2026-07-12 15:29:40",740.5,2,tanakachiromo
1801,16541898,zyc777689,"2026-07-14 03:45:53",740.4,1,zyc777689
1802,16377757,kq5y,"2026-07-22 12:26:43",740.3,2,kq5yyy
1803,16558575,"Mikhail Karchevskiy","2026-07-17 13:26:11",740.2,2,suvalex
1804,16498859,"Changyi Zhou","2026-07-19 11:17:36",740.2,2,changyizhou
1805,16509879,"Li Mingyang","2026-07-08 22:20:52",740.2,1,limityoung
1806,16372540,A.Ishibashi,"2026-06-21 10:36:32",740.1,2,akihiroishibashi
1807,16395861,Togo,"2026-07-14 08:23:35",740.1,2,"matsudai,togoiwasaki"
1808,16552781,"Breno Brito","2026-07-16 20:23:19",740.0,2,brenorb
1809,16377429,askbox,"2026-07-05 08:54:44",739.8,2,askboxnet
1810,16378696,Soshosai-Live!,"2026-07-17 17:42:39",739.8,2,"novice1248,sshow14,usami0611,yamazakiharuto"
1811,16371792,"Shunsuke Kurita","2026-06-17 05:26:19",739.7,2,shunsukekurita
1812,16481928,rumbling_b,"2026-07-10 21:40:48",739.7,2,rumblingb
1813,16386344,好吃的台灣拉麵,"2026-06-24 11:01:28",739.6,2,ramensoup5269
1814,16382888,"Joey Mckee","2026-06-23 18:31:54",739.6,2,joeymckee
1815,16386761,kamonabe,"2026-06-22 17:37:38",739.6,1,kamonabeyy
1816,16500156,"Adrian Acala","2026-07-14 04:34:37",739.5,2,pirho3141
1817,16414465,pingtian,"2026-07-04 06:11:18",739.5,2,pingtianth
1818,16384334,"William Humphrey","2026-07-15 22:02:12",739.4,2,williamhumphreyyy
1819,16378735,PTCG_CN,"2026-06-22 09:18:57",739.4,2,"gostaryu,kawaiiselphine,sharpca,xiajin7"
1820,16376501,Virtute,"2026-07-21 16:40:57",739.2,2,nameless001
1821,16419060,ISSEI,"2026-07-16 14:26:58",739.1,2,iiss51keygen
1822,16554457,NNMax,"2026-07-16 09:42:39",738.9,1,ashok205
1823,16400682,Poshiri,"2026-07-01 06:59:51",738.7,2,poshiri
1824,16388992,Akamatsu,"2026-06-18 17:25:26",738.7,2,amaou44
1825,16372426,auaua159,"2026-07-18 05:09:20",738.7,2,auaua159
1826,16375424,Miguel-jp,"2026-07-03 04:00:06",738.6,2,migueljp
1827,16380444,menace369,"2026-07-15 23:40:34",738.6,2,menace369
1828,16382516,"Eamonn Kashyap","2026-07-03 16:08:08",738.6,2,eamonnkashyap
1829,16399116,"Brendan Gho","2026-07-03 19:10:55",738.5,2,brendangho
1830,16398218,"wao zhang","2026-07-20 04:41:12",738.2,2,waozhang
1831,16493592,"Prudhvi Sairam Chundru","2026-07-07 06:58:51",738.2,2,prudhvi19
1832,16392333,ichigotosakura,"2026-06-19 10:33:02",738.2,2,ichigotosakura
1833,16451511,Yuki_h,"2026-07-22 13:00:53",738.1,2,hosikusa
1834,16382098,TooaimiKa,"2026-06-17 13:49:41",738.0,1,tooaimika
1835,16376936,"Tak Jim","2026-06-17 13:07:21",738.0,2,tak3jim
1836,16377610,prime,"2026-06-26 05:11:17",738.0,2,masaakitakane
1837,16382138,"eiji noguchi","2026-06-23 05:58:02",737.8,2,eijinoguchi
1838,16377801,shige,"2026-07-03 04:59:58",737.6,2,shigechan
1839,16401588,"zhang et al.","2026-07-19 17:04:56",737.5,2,"alancai27,mger10,stepheneshundanquah,thtennant,tomiwaakingbade"
1840,16509509,성태훈SonTaehoon,"2026-07-14 14:41:27",737.4,2,sontaehoon
1841,16423855,"Marek Nurzynski","2026-06-23 21:00:37",736.9,1,marek3000
1842,16576813,"Inder Puneet Singh","2026-07-21 15:22:15",736.9,1,inderpuneetsingh
1843,16453868,Retlinac,"2026-07-22 14:00:14",736.8,2,johninan
1844,16373095,"Toshiki Tsuchiya","2026-06-22 16:25:34",736.7,2,toshikitsuchiya
1845,16408770,"Nori Miya","2026-07-10 00:51:32",736.6,2,norimiya
1846,16452464,失忆的海_,"2026-07-22 05:32:04",736.3,2,shiyidehai
1847,16400126,kouki__k_4869,"2026-07-20 06:32:49",736.2,2,koukik4869
1848,16404939,GeniusYY,"2026-07-21 11:45:39",736.2,2,alexyy
1849,16373842,"Anirudh K","2026-07-10 17:36:47",736.0,2,anirudhk
1850,16425903,"Rintaro Moriwaki","2026-07-22 03:58:33",736.0,2,rintaromoriwaki
1851,16414748,"Ryoga Naito","2026-06-24 13:49:23",736.0,1,ryoganaito
1852,16395622,Shibungi,"2026-07-14 07:24:30",735.9,2,shibungi
1853,16411657,Borrun,"2026-07-05 10:54:44",735.8,2,borrun
1854,16402097,"Kengo Yoko","2026-07-11 06:08:44",735.7,2,kengoyoko
1855,16569661,BlurreA,"2026-07-21 16:40:08",735.6,2,blurrea
1856,16407946,Jotaro,"2026-06-29 16:45:56",735.6,2,jotaro
1857,16531245,"carpe diemviva","2026-07-14 11:41:28",735.5,2,carpediemviva
1858,16496112,"Haru Yo","2026-07-06 16:37:43",735.4,1,yoshharu
1859,16376869,lingyu07,"2026-07-19 14:25:52",735.3,2,lingyu07
1860,16412229,Ni123456&,"2026-07-08 07:04:04",735.3,2,bingdongni
1861,16392968,Syhhhhhhhhhhhh,"2026-06-25 11:22:46",735.2,2,syhhhhhhhhhhhh
1862,16417391,"Alex G","2026-06-23 01:50:20",735.2,2,alexlozadag
1863,16399265,yashilinnnnnn0216,"2026-07-21 14:18:39",735.1,2,"shioyas,yamada102336,yashilinnnnnn0216"
1864,16386438,ゆんぼぼ,"2026-06-19 01:48:02",735.1,1,yunboboo
1865,16433332,"Amedeo Biolatti","2026-06-29 19:11:06",734.9,2,abiolatti
1866,16382892,なるなる,"2026-06-18 16:49:53",734.8,2,suzunaru
1867,16431283,PokeBot,"2026-07-22 10:21:40",734.7,2,sergeifironov
1868,16384859,"japan nobu","2026-07-10 01:46:42",734.4,2,japannobu
1869,16394764,"Mountain peak","2026-07-19 10:03:35",734.4,2,moumouaa
1870,16420357,"Pratham Jain","2026-06-23 10:42:32",734.3,1,"aadigupta1601,kindasomethin"
1871,16414196,Yam,"2026-07-21 13:47:40",734.3,2,minyam
1872,16386680,"Ilham Sadewa","2026-06-25 02:45:30",734.1,2,ilhamsadewa
1873,16403777,shogo1229,"2026-06-24 14:21:05",733.9,2,sheqel
1874,16432519,"Shuang Ranse","2026-07-09 01:06:02",733.6,2,shuangranse
1875,16499758,"Mohit Rao","2026-07-15 06:48:23",733.6,2,vmohitrao
1876,16498293,"Patrick Bard","2026-07-07 18:52:55",733.6,2,patrickbard
1877,16432459,"Nozomi Maki","2026-07-09 20:49:07",733.6,2,millak
1878,16388670,kakuteki,"2026-06-21 15:22:48",733.5,2,kakuteki
1879,16488401,Affan,"2026-07-22 09:46:02",733.3,2,mhmdaffan
1880,16431917,kyuuuuro,"2026-07-18 06:22:05",733.3,2,"haru426,kotakota914,kuromaru4869,yamajin,yu834194"
1881,16377415,"Sugano Yuta","2026-06-20 10:46:04",732.8,2,itokichi2000
1882,16385078,H.Ito,"2026-07-17 23:25:47",732.7,2,henriquetakahiroito
1883,16426843,InformaBook2,"2026-07-21 15:57:25",732.7,2,informabook2
1884,16553980,Akasamai,"2026-07-22 05:34:50",732.7,2,akasamai
1885,16379593,"Mathurin Ache","2026-07-14 21:37:21",732.6,2,mathurinache
1886,16393296,SkySell,"2026-06-23 07:36:00",732.5,2,shin1shiba
1887,16474590,ハットにゃん,"2026-07-13 12:48:32",732.3,2,k3mtmr
1888,16392590,"KINOKO MIURA","2026-06-20 02:59:01",732.3,2,kinokomiura
1889,16501564,Goalydumbdumb,"2026-07-22 02:26:05",732.3,2,goalydumbdumb
1890,16385382,KentoKuri,"2026-07-22 13:50:55",732.2,2,kentokuribayashi
1891,16377705,Aidle,"2026-07-22 09:47:43",732.0,2,shunta0225
1892,16388604,"Luck is not a strategy","2026-07-02 09:50:39",731.8,2,"austinhoasianboy,zxlai77"
1893,16388921,Hexylab,"2026-07-18 03:04:27",731.7,2,hexylab
1894,16397283,"Yuto Uesugi","2026-06-22 15:57:07",731.6,2,yutouesugi
1895,16373109,michaeloblak,"2026-07-08 23:29:28",731.6,2,michaeloblak
1896,16505286,Forrest,"2026-07-18 10:23:52",731.6,2,yinxiaogang
1897,16374972,hirune924,"2026-07-22 03:05:40",731.5,2,hirune924
1898,16435372,OTkm_tn,"2026-07-20 06:36:52",731.4,2,otkmtn
1899,16376735,"Riku Suzuki","2026-07-09 15:43:20",731.0,2,r1cky7
1900,16380448,fumishiki,"2026-06-17 22:37:25",730.9,2,fumishiki
1901,16562797,"Algorithm Supernova","2026-07-22 10:43:23",730.9,2,riochiang
1902,16372343,sawasawasawa,"2026-07-13 11:57:29",730.8,2,yukisawamura
1903,16375384,"Alfonso Sánchez","2026-07-13 06:27:11",730.8,2,alfonso1799
1904,16552654,"Hong Dae Kim","2026-07-18 01:41:58",730.7,2,hongdaekim
1905,16395202,mayukistarry,"2026-07-17 17:20:33",730.5,2,mayukistarry
1906,16516906,田上勇誠,"2026-07-21 13:18:36",730.4,2,tyusei
1907,16405152,"Ketchum Alt","2026-07-22 08:40:39",730.3,2,tientrum
1908,16408418,"Niko Kristanto","2026-07-12 12:35:49",730.2,2,nikok6
1909,16372176,"Quan Nguyen","2026-06-17 12:11:20",730.2,2,quannguyn12
1910,16484845,"Linda Brown","2026-07-18 05:47:57",730.1,2,profilekaggle
1911,16380100,Bancho,"2026-07-22 03:38:55",730.1,2,harunaf
1912,16514109,"James Cann","2026-07-19 00:01:13",729.8,2,jamescann
1913,16413375,"Shanmoshibo Heng","2026-06-25 01:22:16",729.8,2,shanmoshiboheng
1914,16455575,TaiNingLiao,"2026-07-20 02:37:34",729.8,2,tainingliao
1915,16451640,hondoo,"2026-07-21 16:57:07",729.7,2,hondoo
1916,16396406,"Yuki Suwa","2026-06-19 20:08:01",729.7,1,yukisuwa
1917,16483171,"RJ Jarecki","2026-07-20 01:14:24",729.6,2,rjjarecki
1918,16395904,ruce015555,"2026-06-24 18:33:35",729.6,2,ruce015555
1919,16376040,GluePickel,"2026-06-24 06:36:45",729.5,2,gluepickel
1920,16375697,ryus1234,"2026-07-16 05:01:09",729.4,2,ryus1234
1921,16378268,atayanZ123,"2026-06-21 08:03:10",729.3,2,atayanz123
1922,16388614,安藤駿介,"2026-07-21 15:02:58",729.3,2,andoshunsuke
1923,16442976,betmobeton,"2026-07-22 13:22:16",729.3,2,betmobeton
1924,16389234,lark1115,"2026-07-05 10:39:35",729.3,2,lark1115
1925,16426948,"Mayu Takagi","2026-07-06 06:25:39",729.2,2,mayutakagi
1926,16373435,"Ben Desprets","2026-06-18 00:17:36",729.2,2,benjamindesprets
1927,16382731,impaja,"2026-06-21 09:40:47",728.9,2,impaja
1928,16392313,tuannm3812,"2026-07-06 10:50:55",728.5,2,tuannm3812
1929,16541050,SeraphicPY,"2026-07-15 15:18:16",728.5,2,seraphicpy
1930,16373068,shyGnome3,"2026-06-16 15:39:58",728.5,2,shygnome
1931,16443942,balikin,"2026-07-08 08:25:04",728.4,2,balikin
1932,16403589,blackseashark@gcvt,"2026-06-25 09:33:35",728.3,2,"aryansomanna,blackseasharkgcvt,trushti"
1933,16501039,"AI AI","2026-07-21 04:51:31",728.2,2,aiaiyk
1934,16381378,SUGI,"2026-06-25 18:27:25",728.2,2,sugi777
1935,16475651,"Rare Candy Lab 🍬","2026-07-21 23:20:49",728.1,2,daviner
1936,16573421,Shinchan,"2026-07-21 20:40:25",728.0,1,shinae0123
1937,16383440,primal,"2026-06-20 00:17:04",727.9,2,primalhost
1938,16373284,ktyoku,"2026-06-17 18:47:50",727.9,2,ktyoku
1939,16393544,そうめん,"2026-07-22 01:44:34",727.6,2,soumen2026
1940,16378788,Ksterx,"2026-07-03 14:34:33",727.6,2,ksterx
1941,16409242,nasubii,"2026-07-22 05:27:30",727.5,2,nasubii1109
1942,16530924,hanhan761,"2026-07-13 01:52:14",727.4,2,hanhan761
1943,16434592,"Collatz conjecture","2026-07-20 18:24:13",727.4,2,testloc
1944,16508709,"Team Pierogachu","2026-07-22 13:14:51",727.3,2,"falkhan,przybyszadrian"
1945,16494614,Trii,"2026-07-07 11:32:57",727.3,2,triikb
1946,16415460,MoongladeAI,"2026-07-22 11:05:26",727.2,2,moongladeai
1947,16443927,"Suyash Verma","2026-07-22 12:57:35",726.9,2,"rajveersrajput080,suyashdiamond1"
1948,16445382,"Team BlackBox","2026-07-21 05:58:15",726.9,2,koushikrudra
1949,16574077,Meghana284,"2026-07-21 21:27:52",726.8,2,meghana284
1950,16428200,tsuvo,"2026-06-29 03:51:04",726.8,2,shotarootsubo
1951,16487290,Noor,"2026-07-20 12:59:39",726.6,2,tahammulnoor
1952,16388592,Articuno0144,"2026-07-21 10:36:35",726.6,2,articuno0144
1953,16387714,mizu.ii,"2026-06-18 09:45:40",726.5,1,mizuii
1954,16504778,TakahiroHon,"2026-07-21 00:15:19",726.4,2,takahirohon
1955,16377439,pattikamo,"2026-06-23 06:07:20",726.4,2,pattikamo
1956,16488485,"田中太郎 #2","2026-07-20 16:30:16",726.1,2,ozi3ozi3
1957,16388442,sugayuki_993,"2026-06-19 14:37:24",726.0,1,sugayuki993
1958,16375843,"Ben Malaga","2026-06-17 14:54:00",725.9,2,benmalaga
1959,16382499,sakama,"2026-06-23 09:48:56",725.8,2,sakama45
1960,16372460,"Samyakraj Bayar","2026-07-21 13:54:56",725.8,2,samyakrajbayar
1961,16373535,"yuji y","2026-06-20 04:31:50",725.7,2,yujiyyy
1962,16492829,山上海賊団,"2026-07-21 04:35:26",725.6,2,"fukuzawahayato,kagoshiki,satoasahiro,ultimatehara"
1963,16397644,"Mao Nishino (mao1756)","2026-06-21 23:33:39",725.5,2,maonishinomao1756
1964,16376487,CoreyJamesLevinson,"2026-06-25 15:20:57",725.2,2,returnofsputnik
1965,16375780,CurveCowboy,"2026-07-15 14:05:09",725.1,2,curvecowboy
1966,16410464,TG_Aetheryx,"2026-07-10 13:15:19",725.1,2,"ririan,subzerin"
1967,16373348,dmiyabe,"2026-07-12 03:15:04",725.1,2,dmiyabe
1968,16411511,hyonu0620,"2026-07-22 04:02:21",725.1,2,hyonu0620
1969,16446132,neibyr,"2026-07-13 01:08:57",724.9,2,neibyr
1970,16384920,EF,"2026-06-22 06:01:22",724.9,2,ethanfast
1971,16582521,Johay,"2026-07-22 10:08:04",724.7,2,joohayon
1972,16392519,tonpeeee_pokemon,"2026-07-13 08:09:15",724.6,2,"berrytea,smeargle31415,yamakaggler"
1973,16488905,yamasaKit,"2026-07-21 14:20:05",724.5,2,yamasakit
1974,16386171,MEP,"2026-06-19 14:51:44",724.5,2,reishmnia
1975,16380981,IIDA,"2026-07-05 08:08:43",724.1,2,shunyaiida
1976,16447760,"Sholto Armstrong","2026-07-21 08:01:47",723.7,2,sholtoarmstrong
1977,16375854,神～卍ぴくるすうどん卍～最強「ミラティブ配信中」,"2026-06-18 21:23:47",723.6,2,kominamiyoutube
1978,16381477,"Shawn Sullen","2026-07-10 16:28:46",723.6,2,shawnsullen
1979,16371328,"Syed Saad Hasan Emad","2026-06-26 15:50:32",723.5,2,syedsaadhasanemad
1980,16408826,nakazu,"2026-07-19 06:42:31",723.3,2,nakazu
1981,16392042,Ville,"2026-06-26 14:46:23",723.1,2,"kmp355,rayanshrestha"
1982,16565691,minoneru,"2026-07-22 12:16:33",723.1,2,kotaminoshima
1983,16445005,"Sou Hano","2026-07-21 15:05:07",722.9,2,souhano
1984,16427363,"shunsuke,nashiki","2026-07-21 18:00:03",722.8,2,shunsukenashiki
1985,16377116,"Team HAL","2026-06-25 00:42:23",722.7,2,familyhattori
1986,16385373,"Yuta Watanabe","2026-07-01 04:48:16",722.6,2,nkbkyumaru2303
1987,16380465,tomworks,"2026-06-18 06:36:29",722.3,2,tomworks
1988,16440747,"Ghulam Ahmad","2026-06-28 00:00:44",722.3,2,ghulamjs
1989,16463890,fanmili,"2026-07-08 06:42:07",722.2,2,fanmili
1990,16395945,suzuna0831,"2026-07-19 16:20:02",722.0,2,naohs01
1991,16375983,TsuMakoto,"2026-07-22 13:50:06",722.0,2,tsumkt
1992,16413741,"Sung Heo","2026-07-19 15:54:19",722.0,2,kmmmvs
1993,16534632,auouer,"2026-07-12 18:01:30",721.8,2,auouer
1994,16443633,Vibrava,"2026-07-19 21:24:27",721.6,2,"cogepan,usermina"
1995,16385593,n=1,"2026-06-23 16:13:29",721.5,2,photodoc
1996,16374581,AM,"2026-06-17 21:03:00",721.5,2,adammekky
1997,16411534,TGMATH,"2026-07-11 06:10:23",721.5,2,tgmath
1998,16382565,Jerryssk31,"2026-07-22 01:55:31",721.5,2,jerryssk31
1999,16382497,Fayche,"2026-07-04 18:46:10",721.5,2,fayche
2000,16395832,"Beginner's luck","2026-06-19 16:44:36",721.4,2,"ruinnnnnn,sakurabamomiji"
2001,16491110,Raki,"2026-07-19 10:47:45",721.3,2,raki21
2002,16431522,"Tsuyoshi Masubuchi","2026-07-15 02:48:57",721.2,2,tsuyoshimasubuchi
2003,16403330,Hiyato,"2026-06-20 16:13:59",721.0,2,hiyato
2004,16389582,AGNT.gg,"2026-07-07 08:47:08",721.0,2,nathanwilbanks1
2005,16392251,"dev yankawa","2026-06-28 16:51:32",720.9,2,devyankawa
2006,16392356,shintaro2026,"2026-06-21 07:47:45",720.9,2,shintaro2026
2007,16376576,"Manan Gupta","2026-07-21 16:27:10",720.9,2,obirdy
2008,16375493,"Roman Rozen","2026-07-22 12:37:20",720.8,2,romanrozen
2009,16372465,ykuroka,"2026-07-21 23:35:51",720.8,2,ykuroka
2010,16372971,richwomanbtc,"2026-06-24 00:03:19",720.6,2,richwomanbtc
2011,16557150,cornwall,"2026-07-18 00:51:36",720.6,2,cornwall
2012,16388603,Albert,"2026-07-15 12:54:56",720.6,2,albertanthony
2013,16376085,y.saito,"2026-07-05 06:24:01",720.5,2,johntronik
2014,16415235,surugawannoebi,"2026-07-07 18:49:21",720.4,2,surugawannoebi
2015,16427901,RyotaNakanishi,"2026-07-16 07:56:35",720.3,2,ryotanize
2016,16496039,"Theo Venturian","2026-07-21 19:21:06",720.3,2,theodorraulventurian
2017,16405524,kmn,"2026-07-22 11:53:05",720.3,2,kmatsu01
2018,16482906,JiaXi94,"2026-07-16 01:54:46",720.1,2,jiaxi94
2019,16554136,Xinzex,"2026-07-21 05:58:30",719.9,2,xinzex
2020,16373268,"Yoshiki Okayama","2026-07-05 09:40:39",719.8,2,yoshikiokayama
2021,16435396,RMensinck,"2026-07-21 11:55:09",719.8,2,rmensinck
2022,16537085,KKasai,"2026-07-22 01:04:15",719.7,2,kkasai
2023,16488514,"Rihito Nagamatsu","2026-07-22 02:13:08",719.6,2,rihitonagamatsu
2024,16372357,yu_w,"2026-07-22 13:32:30",719.5,2,yuw000
2025,16382451,Libra,"2026-07-08 13:46:05",719.4,2,libra2924
2026,16505652,Mahog,"2026-07-20 01:14:52",719.2,2,mahoganybuttstrings
2027,16386820,tellurium_rrr,"2026-07-20 01:22:04",719.2,2,telluriumrrr
2028,16450716,Confusion,"2026-07-18 13:11:22",719.2,2,hearttt
2029,16460715,"Jett Huang","2026-07-17 07:08:35",719.0,2,jetthuang
2030,16422410,"Vamshi Krishna Emmadi","2026-07-16 22:02:24",718.7,2,vamshikrishnaemmadi
2031,16377675,"Darren Koh","2026-06-21 06:15:01",718.7,2,darrenkoh
2032,16512568,JackGong,"2026-07-22 13:54:06",718.3,1,jackgong
2033,16468204,venks,"2026-07-22 11:54:15",718.3,2,vterli
2034,16373511,"Got That Weedle?","2026-07-02 00:13:29",718.3,2,robboyd
2035,16377073,"Shinichiro Yoshida","2026-07-21 09:48:06",718.2,2,sysd00
2036,16376745,paistieco,"2026-07-16 22:35:49",718.1,2,gregorypoist
2037,16389980,yawara,"2026-06-19 02:23:23",718.1,2,yawara
2038,16385204,ひげだるま(inovie株式会社),"2026-07-01 10:02:06",718.1,2,inovie
2039,16397394,Noppo,"2026-06-20 11:07:42",718.1,2,noppok
2040,16385555,"Maher el Ouahabi","2026-07-22 07:46:50",718.0,2,maherelouahabi
2041,16391756,"MAKOTO MATUDA","2026-07-16 01:47:23",717.5,2,makotomatuda
2042,16444705,mmath2,"2026-07-04 06:15:47",717.3,1,mmath2
2043,16380685,ShoDryu,"2026-06-26 20:43:01",717.2,2,shodryu
2044,16376395,"Alan Scott Encinas","2026-07-11 06:05:12",717.0,2,encinas88
2045,16408484,ko_fusion_JPN,"2026-07-21 11:27:37",716.9,2,kofusionjpn
2046,16552322,"Malyshev Danil","2026-07-22 13:31:11",716.6,2,malyshevdanil
2047,16388382,aigood,"2026-06-18 11:36:50",716.5,2,aigood
2048,16374277,Y.Kaisei,"2026-07-20 14:29:05",716.5,2,ykaisei
2049,16388699,oct_path,"2026-06-22 20:31:14",716.5,2,octpath0302
2050,16375394,NOISEFALLACY,"2026-06-23 05:22:34",716.5,2,noisefallacy
2051,16375487,sakimyto,"2026-07-18 23:54:41",716.5,2,sakimyto
2052,16425459,Eli_Zohar_BIU,"2026-07-22 08:40:46",716.4,2,"elikazum,zoharmashiah"
2053,16384916,"Du Dinh","2026-06-26 07:43:41",716.3,2,dudinh
2054,16404077,"Michael Pershin","2026-07-07 12:04:41",716.3,2,michaelpershin
2055,16539799,"Chippy Mary Cleetus","2026-07-22 11:13:26",716.1,2,chippymarycleetus
2056,16376188,catttttttttt,"2026-07-21 07:55:36",715.9,2,toyger10
2057,16375312,"Anthony Ellis ","2026-06-19 00:42:51",715.9,2,chinoki346
2058,16377725,"Komil Parmar","2026-07-14 05:00:48",715.8,2,komilparmar
2059,16384819,shota,"2026-07-18 06:27:19",715.7,2,shotay
2060,16375817,MizoTake,"2026-07-21 22:21:44",715.7,2,mizotake
2061,16531302,EricYang03,"2026-07-12 11:07:56",715.5,2,ericyang03
2062,16379073,"Wisdom Dogah","2026-06-22 05:33:41",715.1,2,wisdomdogah
2063,16554677,"Konstantin Zhar","2026-07-18 15:59:15",715.1,2,zharkd
2064,16392933,"Joseph Laurienzo","2026-07-15 07:23:36",715.1,2,josephlaurienzo
2065,16445128,Isao,"2026-07-12 01:58:10",715.0,2,utm529fg
2066,16432932,"HOUSEI Inc.","2026-07-19 01:14:54",715.0,2,"feluck,harutok,hidema,sonhoutei,wujinyi5"
2067,16516416,"Gojo, Toji, Sukuna","2026-07-22 03:57:11",714.8,2,"hemanthraju311,praveensahukari,vatsalkshah"
2068,16392175,fishymints,"2026-06-20 02:22:35",714.8,1,ayinfly
2069,16378484,"AKIYA NAKASATO","2026-06-17 22:09:53",714.6,2,akiyanakasato
2070,16431675,Syuta,"2026-06-29 02:47:00",714.6,2,nakamurasyuta
2071,16391723,Satoluca,"2026-06-21 07:37:28",714.6,2,satoluca
2072,16397773,SuicuneGS,"2026-06-30 09:26:09",714.5,2,suicunegs
2073,16385214,pontamaru,"2026-07-22 09:06:42",714.5,2,pontamaru
2074,16385242,Kana,"2026-07-04 07:57:12",714.4,2,kanarusugimoto
2075,16481498,"Saurabh Kumar","2026-07-18 03:56:31",714.4,2,sk25oct
2076,16382268,lolnazo,"2026-06-19 11:40:30",714.3,2,lolnazo
2077,16379316,yumizu,"2026-07-21 00:35:13",714.2,2,yumizzzz
2078,16372994,Marron22246,"2026-06-19 09:40:19",714.1,2,marron22246
2079,16377703,AlterEgoProject,"2026-07-16 03:10:52",714.1,2,alteregoproject
2080,16396009,YuyaSuzuki,"2026-07-04 11:30:28",714.1,2,yututapp
2081,16380051,NayuNayu,"2026-07-22 10:38:43",714.0,2,"nayunayu1005,nayuta0430"
2082,16576933,"ADITYA NARAYAN SHARMA","2026-07-21 21:27:22",714.0,2,adityans211721
2083,16485117,ubunbun18,"2026-07-07 23:22:10",714.0,2,ubunbun18
2084,16377599,BRIJITH,"2026-06-19 13:57:27",713.9,2,bmp300706
2085,16582537,Calix_lin,"2026-07-22 01:53:30",713.8,2,calixlin
2086,16378089,nanocloudx,"2026-07-19 17:49:04",713.7,2,nanocloudx
2087,16380628,taku_sid,"2026-07-15 11:32:17",713.7,2,takusid
2088,16431644,dranblade,"2026-07-22 02:32:37",713.4,2,dranblade
2089,16462952,"Abdul Rauf","2026-07-04 15:48:03",713.4,2,abdulraufnarejo
2090,16436117,TOM@love,"2026-07-13 01:02:12",713.3,2,tomlvoe
2091,16490251,Mr_Ralphie,"2026-07-15 13:38:55",713.3,2,mrralphie
2092,16378278,keitaro_nakashima,"2026-06-23 08:58:25",713.3,2,keitaronakashima
2093,16444208,"Akshay Punjabi","2026-07-10 21:07:08",713.2,2,theakshay
2094,16391383,"Raymond Brunell","2026-06-28 20:17:03",713.2,2,raymondbrunell
2095,16483966,vivaleee,"2026-07-17 00:25:01",713.1,2,vivaleee
2096,16386110,"Jonathan Coletti","2026-06-24 03:31:29",713.0,2,jonathanncoletti
2097,16391624,Kan,"2026-06-21 09:56:31",712.7,2,teppeisakai
2098,16394818,Arrtaa,"2026-07-13 13:33:20",712.6,2,arrtaa
2099,16414814,"Kan #2","2026-07-07 13:07:08",712.5,2,kantamotohashi
2100,16413074,Poemcourt,"2026-06-22 08:40:31",712.5,1,poemcourt
2101,16375685,しろしろ,"2026-07-05 11:19:44",712.4,2,siro1216
2102,16379894,"MORIOKA Tsuoi","2026-07-21 19:57:38",712.4,2,"iiinada,koshin953,moriokatsuoi,shogonagashima"
2103,16530676,jaehwan02,"2026-07-21 14:25:26",712.3,2,jaehwan02
2104,16388753,"門司 匡広","2026-06-20 14:42:44",712.3,2,monjofight
2105,16372893,"Marcus Vinicius","2026-07-02 07:32:25",712.1,2,marcux777
2106,16551432,"Ryan #2","2026-07-19 16:03:56",712.0,2,"bhtqjlcly,ryan051212"
2107,16373352,kenn,"2026-07-21 12:55:31",711.9,2,ikasumi
2108,16535099,Ri2-115,"2026-07-18 10:08:10",711.9,2,ri2115
2109,16381335,hannahepta,"2026-07-09 22:24:11",711.8,2,hannaheptapodt
2110,16568603,daizedoskoi,"2026-07-19 08:51:40",711.7,2,daizedoskoi
2111,16392966,taaaaaaaaaa,"2026-07-22 05:03:42",711.6,2,taaaaaaaaaa
2112,16460544,mato,"2026-07-13 12:02:43",711.4,2,matthqnts
2113,16395187,FMBRO,"2026-07-20 17:35:51",711.4,2,"dansawazaki,tanakayoshihito"
2114,16423927,Pichazu,"2026-06-24 12:56:06",711.3,2,pichazu
2115,16455191,anngle,"2026-07-22 10:42:10",711.3,2,anngle
2116,16382393,Tia_Stella,"2026-07-05 09:09:02",711.0,2,tiastella
2117,16389186,Ry_Sa,"2026-06-21 11:30:53",710.8,2,ryqsaq
2118,16371393,"Tahsin Arafat","2026-07-16 06:48:40",710.6,2,tahsinarafat
2119,16385538,CyberGhost2077,"2026-07-12 04:11:39",710.6,2,cyberghost2077
2120,16373856,shun_otoko,"2026-06-23 07:14:19",710.1,2,shunotoko
2121,16411858,"Sirui Zeng","2026-06-23 07:42:16",710.1,2,siruizeng
2122,16416553,"Will Rowse","2026-07-18 22:56:26",709.6,1,willrowse
2123,16373218,Enoki,"2026-07-21 22:26:14",709.5,2,tsubakinatsu
2124,16395018,キーウィ,"2026-07-22 09:36:32",709.4,2,specialkiwi
2125,16389834,"Thái Văn Tài","2026-07-22 03:36:07",709.3,2,thivnti
2126,16417740,chuchumon0411,"2026-06-25 01:15:21",709.3,2,chuchumon0411
2127,16389103,"Neko #2","2026-07-22 13:50:39",709.3,2,ootake
2128,16428300,titanascended,"2026-07-07 12:01:06",709.2,2,itsyuvrajsharma
2129,16404956,msas111,"2026-06-21 13:09:42",709.1,2,msas111
2130,16435770,suirindo,"2026-07-07 02:50:14",708.8,2,suirindo
2131,16373931,"Yaroslav kholmirzayev","2026-06-30 09:04:24",708.8,2,yaroslavkholmirzayev
2132,16372215,Toboggan,"2026-06-20 19:59:05",708.7,1,shimaw28
2133,16485491,Ikeda0516,"2026-07-21 03:24:56",708.6,2,ikeda0516
2134,16378990,Bakuney,"2026-06-21 06:06:19",708.6,2,kunipoke
2135,16376912,Gyoukou,"2026-07-22 10:18:56",708.6,2,"hiroyashimono,itsukudayoooo,noriyukimori,wagasode,yufuin"
2136,16385871,"James Foxall","2026-07-21 16:55:02",708.5,2,jamesfoxall
2137,16403572,Takuya0911,"2026-07-11 16:10:13",708.4,2,takuya0911
2138,16388257,20241206_yujinkim,"2026-07-22 08:28:19",708.4,2,kimheliotrope
2139,16402947,"Thomas Cook","2026-07-06 21:01:11",708.2,2,curiouskoala
2140,16435632,shushu,"2026-07-20 15:22:35",708.2,2,shushu8
2141,16388334,nekokaeru,"2026-07-22 03:39:53",708.1,2,nekokaeru
2142,16479585,miyabi315,"2026-07-22 07:01:02",707.7,2,miyabi315
2143,16391117,moeuuu,"2026-06-26 23:33:10",707.3,2,moeuuu
2144,16445392,Ryu310_bnb,"2026-07-05 06:06:59",707.2,2,ryu310bnb
2145,16408249,"Ryosuke SHIMIZU","2026-07-06 19:42:45",707.2,2,tttgazerttt
2146,16387239,ゆづいぶ,"2026-07-22 13:53:19",707.0,2,yuzuibu
2147,16398539,Hamachi,"2026-07-22 11:55:56",707.0,2,hamatz
2148,16485281,helenkwok,"2026-07-13 13:58:11",707.0,2,helenkwok
2149,16383061,塩尻祐大,"2026-06-20 18:29:43",706.9,2,yudaivstar
2150,16387847,harmo-miu,"2026-07-04 00:25:59",706.9,2,harmomiu
2151,16385358,kura54,"2026-06-19 10:08:38",706.8,1,kurapuchi
2152,16392412,hhku,"2026-06-19 07:37:19",706.8,2,hhkmcd
2153,16372154,"Wilson Mugabo","2026-06-28 16:09:27",706.5,2,wmugabo
2154,16398621,yottan0304,"2026-07-16 03:07:31",706.5,2,yottan0304
2155,16402482,"professor oak","2026-07-14 20:55:34",706.4,2,"rister101,stharundhatri"
2156,16388236,tetsu31,"2026-07-10 02:17:31",706.4,2,tetsu31
2157,16389781,"TLM13 LABS","2026-06-22 20:52:25",706.4,2,accuratetlm13
2158,16378099,AlphaPoké,"2026-07-02 09:42:26",706.4,2,mmummmm
2159,16376360,Hack2Publish,"2026-06-24 13:59:23",706.3,2,"hosen42,tarekrahman82"
2160,16392551,takentake,"2026-07-11 04:56:14",706.2,2,takentake
2161,16406338,amamori-041226,"2026-07-18 06:35:04",706.1,2,amamori041226
2162,16375377,Mymonaka,"2026-06-19 19:12:09",706.1,2,icemonaka
2163,16377819,oisho,"2026-06-20 12:41:33",706.0,2,oishoes
2164,16569336,"Bulan Mei","2026-07-19 09:31:16",705.8,1,drbrownm
2165,16444868,Soma,"2026-07-18 13:30:45",705.7,2,s0umaaa
2166,16560391,cher112,"2026-07-22 01:42:06",705.4,2,cher112
2167,16372849,Pech1,"2026-07-21 14:24:07",705.4,2,pechi998244353
2168,16372838,Kmart0112,"2026-07-21 04:16:59",705.4,2,kmart0112
2169,16386998,"Clawdia Sakamoto","2026-06-25 11:11:58",705.4,2,clawdiasakamoto
2170,16585249,"Pikachu Algorithm","2026-07-22 11:56:02",705.3,2,shuangxue
2171,16392278,nisimu197,"2026-06-19 16:07:15",705.1,2,nisimu197
2172,16376001,昊天宗乱披风九九归一,"2026-06-27 02:51:53",705.1,2,kagamikoakatsuki
2173,16447469,"Andrey Kulakov","2026-06-28 16:04:54",705.0,1,jex398
2174,16385575,Charon,"2026-07-22 14:00:13",705.0,2,charon9
2175,16384845,L1LI4N,"2026-06-18 15:21:08",705.0,1,l1li4n
2176,16377292,nogu,"2026-07-03 08:17:38",704.7,2,yutanoguchi
2177,16372229,goncharo,"2026-07-08 13:59:51",704.5,1,goncharo
2178,16570948,KazukiNagahama,"2026-07-21 14:42:45",704.4,2,kazukinagahama
2179,16459993,"Shengyuan Yin","2026-07-22 12:56:25",704.2,2,flaming0
2180,16381495,shanpu,"2026-06-18 23:35:31",704.0,2,shanpu
2181,16424396,PICNIC,"2026-07-08 01:27:27",703.9,2,picnicaday
2182,16514331,SarsaShen,"2026-07-12 17:01:54",703.8,2,sarsashen
2183,16393945,razona,"2026-07-01 16:01:25",703.6,2,razonadesign
2184,16377411,yakiniku.nagoya,"2026-07-10 02:23:44",703.5,2,mshdhy1010
2185,16533269,AKhan02,"2026-07-14 23:17:39",703.5,2,akhan02
2186,16380605,Lapra5,"2026-06-24 11:22:26",703.5,2,lapra5
2187,16446266,"Ali Haydar Özdağ","2026-06-28 16:12:09",703.3,1,ahoirg
2188,16487720,KirillKlem,"2026-07-21 10:48:55",703.3,2,kirillklem
2189,16372698,"Samuel Verneri Ojala","2026-06-16 18:40:33",703.2,2,samuelverneriojala
2190,16486249,elfiaa,"2026-07-20 02:22:19",703.1,2,elfiaa
2191,16382842,ABfry0620,"2026-07-02 15:29:05",702.9,2,abfry0620
2192,16380102,まーやん,"2026-06-19 12:37:10",702.6,2,m3588naa
2193,16384288,"Gumi Bera","2026-07-02 21:21:16",702.5,2,gumibera
2194,16485609,Vaibhav_486,"2026-07-18 11:14:09",702.5,2,vaibhav486
2195,16418877,shintacs,"2026-07-22 09:54:52",702.5,2,"shintacs,ueharariki"
2196,16451965,DarkLayer,"2026-07-21 11:19:02",702.4,2,nnpaopao
2197,16372378,Kuroneko,"2026-07-07 12:34:29",702.3,2,kuronekoryu
2198,16421262,"HongXin Su","2026-07-13 13:05:55",702.0,2,hongxinsu
2199,16385513,"SB Kaggle","2026-07-07 02:50:37",702.0,2,"moratoryvan,totallynew"
2200,16514216,"Sheehan Brothers","2026-07-15 08:57:00",702.0,2,"ethansheehan,trevorsheehan"
2201,16378656,kurikuri54,"2026-07-15 01:39:48",701.8,2,kurikuri54
2202,16406002,河村直樹,"2026-07-04 08:52:57",701.5,2,yuzsoda
2203,16419675,waiwai0121,"2026-07-15 19:37:39",701.5,2,waiwai0121
2204,16374634,yukinoka,"2026-06-27 18:44:42",701.4,2,yukiinokaa
2205,16378428,uta_ccc,"2026-06-20 20:13:00",701.4,2,utaccc
2206,16382408,YusukeKatoPremium,"2026-06-22 13:03:39",701.2,1,yusukekatopremium
2207,16566110,DebbyOne,"2026-07-22 09:54:26",701.0,2,wxgisspider
2208,16404091,OSZ8,"2026-06-22 03:28:52",700.8,2,oscarz8
2209,16411853,"ZEC Keita","2026-07-17 11:17:57",700.8,2,zeckeita
2210,16498869,smokyjp,"2026-07-20 06:41:50",700.7,2,smokyjp
2211,16376072,"Jed Mijares","2026-07-12 04:14:18",700.5,2,gerardmijares
2212,16381308,KollekTCG,"2026-07-13 19:21:52",700.5,2,"franckattaix,grssystems,nathangaltie"
2213,16383381,Mereci,"2026-06-26 17:49:44",700.5,2,mereci
2214,16375591,dafujii,"2026-06-19 07:58:45",700.5,2,daikifujii
2215,16384030,ZephyrRising,"2026-07-04 23:13:29",700.4,2,zephyrrising
2216,16578169,rekhasri,"2026-07-21 05:15:18",700.3,2,rekhasri
2217,16395231,lyee,"2026-07-22 02:18:34",700.2,2,lyee919
2218,16380494,ryupoke,"2026-07-12 12:28:18",700.2,2,ryupoke
2219,16382628,hiro_fumiko,"2026-06-18 08:33:36",700.1,2,tushiro
2220,16382600,"Emanuel Perez","2026-06-27 04:25:25",700.0,2,emanperez28
2221,16400770,LeonArdoV.,"2026-07-16 05:59:17",699.9,2,lzsecurity
2222,16472469,TanmayxD,"2026-07-05 16:48:15",699.8,2,tanmayxd
2223,16415173,Solid_Sea,"2026-07-16 10:03:10",699.7,2,solidsea
2224,16568465,ChrisYU2021,"2026-07-22 13:03:02",699.7,2,chrisyu2021
2225,16383843,Civitas,"2026-07-22 08:27:13",699.6,2,godhand
2226,16377739,"Anna Wood","2026-06-19 01:53:23",699.6,2,annawood1
2227,16376592,"Koki Kawamura","2026-06-23 15:14:40",699.4,2,kiuko22
2228,16388824,norizuca,"2026-06-20 15:16:23",699.4,1,norizuca
2229,16403627,kiyo,"2026-07-19 04:39:56",699.4,2,kiyohiro
2230,16404677,S3R3Bii,"2026-07-21 02:59:55",699.4,2,jamesjeaniv
2231,16385904,"Kenst Ligu","2026-06-23 11:11:45",699.4,2,liguria228
2232,16565629,耶✌,"2026-07-20 18:01:26",699.4,2,qifeihhh666
2233,16455011,mojyaP,"2026-07-21 15:02:38",699.2,2,mojyap
2234,16387582,majigori,"2026-07-04 10:47:45",699.1,2,majigori
2235,16436678,Mikhail,"2026-07-20 08:38:10",699.1,2,mikhailz
2236,16541394,"Jason Zheng","2026-07-15 03:29:00",699.0,1,jasonzhengopenai
2237,16395897,YanXiaohan666,"2026-06-22 16:40:59",699.0,2,yanxiaohan666
2238,16435737,MoriTeruto,"2026-07-04 04:46:35",698.7,2,moriteruto
2239,16377639,"nick gault","2026-06-20 21:51:44",698.7,2,nicholasgg
2240,16375729,NangJP,"2026-07-05 01:41:43",698.6,2,nangjp
2241,16498588,Harusayshi,"2026-07-14 02:25:13",698.6,2,sinhuahua
2242,16393158,Takupon,"2026-06-20 14:36:32",698.4,2,takubro
2243,16402915,leocrivels,"2026-06-26 12:56:30",698.4,2,leocrivels
2244,16390283,pipperv,"2026-07-06 01:46:22",698.3,2,pipperv
2245,16426753,"Michał Łapiński","2026-07-21 20:11:55",698.2,2,michaapiski
2246,16388406,K3nsho,"2026-06-21 17:18:57",698.1,2,kenshomiyasaka
2247,16380918,tadashikato,"2026-06-26 00:26:03",698.1,2,tadashikato
2248,16381982,HOMEWORK_L,"2026-06-22 11:07:11",698.0,2,homeworkl
2249,16436632,"wen murohy","2026-06-26 07:20:08",698.0,1,wenmurohy
2250,16376488,Danny,"2026-07-22 05:03:55",698.0,2,dannybc
2251,16414174,tarako,"2026-06-23 09:19:48",698.0,2,haruto2001
2252,16375478,Herrmannw,"2026-06-17 19:54:35",697.7,2,herrmannw
2253,16472651,aym283,"2026-07-02 08:30:12",697.6,1,aym283
2254,16567117,cttdrm,"2026-07-21 17:19:40",697.5,2,cttdrm
2255,16386193,ebisu_ya,"2026-07-22 02:40:42",697.5,2,ebisuya
2256,16401131,hiroshun,"2026-07-04 05:20:35",697.2,2,hiroshun
2257,16392910,kami,"2026-07-21 17:33:26",697.1,2,"darrrma,hamham1234,kami634,takahashikeiji"
2258,16383962,sola_vrc,"2026-07-20 20:44:25",697.0,2,solavrc
2259,16373130,"Jeffrey Pike","2026-07-21 21:21:14",696.9,2,jeffreypikeai
2260,16433927,Bennett_Y,"2026-06-30 04:24:03",696.8,2,bennetty
2261,16377588,uninc2000,"2026-06-21 10:04:57",696.5,2,uninc2000
2262,16383960,宝糕手,"2026-07-22 00:42:12",696.5,2,tommycyd
2263,16381040,thunder_ftg,"2026-06-27 03:19:54",696.4,2,thunderftg
2264,16388607,"Rivals Duo","2026-07-06 13:45:39",696.4,2,"ccafioncool,jashsurendra"
2265,16390262,osugi-1,"2026-06-22 02:08:28",696.3,2,osugi1
2266,16571978,"Evgeniy Prilutskiy","2026-07-21 18:10:38",696.2,2,krulsaidme0w
2267,16490498,"AbdulHannan Siddiqui","2026-07-19 12:11:06",695.9,2,abdulhannansiddiqui
2268,16385247,h_jun,"2026-06-24 02:54:29",695.8,2,lhjoon77
2269,16377830,"Otsuka Naotsugu","2026-07-15 04:48:13",695.8,2,otsukanaotsugu
2270,16386266,"Ryosuke Aihara","2026-06-18 05:57:09",695.8,2,ryosuke804
2271,16399480,"zhan renyi","2026-07-22 08:15:25",695.7,2,zhanrenyi
2272,16530851,adomot,"2026-07-13 14:45:18",695.4,2,adomot7
2273,16371761,Chikuwabu,"2026-07-05 05:53:13",695.1,2,prgckwb
2274,16379869,kekekk,"2026-06-17 09:52:56",694.9,2,kekekk
2275,16371632,結束バンド,"2026-07-21 02:06:54",694.8,2,"asmuchas,cocoaai"
2276,16395067,kenfuku,"2026-06-24 06:47:24",694.7,2,kenfuku
2277,16506718,"Pokemon Analysis","2026-07-22 01:40:33",694.7,2,pokemonanalysis
2278,16436127,Pocha_chachacha,"2026-07-03 08:12:45",694.6,2,pocha0818
2279,16375609,taka,"2026-07-21 22:55:35",694.6,2,takaakiishi
2280,16387832,salmon2nd,"2026-07-22 12:13:26",694.4,2,salmonjiro
2281,16539091,kosei1701,"2026-07-22 05:27:02",694.3,2,kosei1701
2282,16548036,"Ryan Wood","2026-07-19 00:36:49",694.3,1,rlwphd
2283,16445954,yukiyuti,"2026-07-21 19:02:38",694.3,2,yukiyuti
2284,16378819,molmot,"2026-06-20 07:58:51",694.2,2,harukatoyoda
2285,16507405,junhyeokFP,"2026-07-13 08:14:36",694.1,2,junhyeokfp
2286,16537147,Ninym06,"2026-07-22 01:40:52",694.1,2,ninym06
2287,16454909,RicardoLópez,"2026-07-22 04:14:10",694.1,2,richi2489
2288,16385323,Y2Dex,"2026-06-29 09:24:19",694.0,2,christopherlortiz
2289,16381360,1++++++++,"2026-06-25 23:00:12",693.6,2,datathinker1
2290,16372604,kusui26,"2026-07-21 14:55:02",693.6,2,kusui26
2291,16384858,dolphin,"2026-06-22 04:40:18",693.6,2,jbradburn
2292,16375865,Bigree,"2026-07-22 13:38:26",693.5,2,jmrbx767
2293,16400218,radian0523,"2026-06-25 02:24:59",693.5,2,oonishidaichi
2294,16448569,Bowowen,"2026-07-13 02:00:45",693.4,2,bowowen
2295,16372325,Pokésonic,"2026-07-22 05:55:25",693.3,2,"kkalcove0511,sotakasai,sumo888,uentsz,yuyutech"
2296,16385371,"Shoya Kurokawa","2026-06-19 22:17:31",693.3,2,shoyakurokawa
2297,16547968,"Kityu Gin","2026-07-17 17:13:15",693.1,2,kityugin
2298,16375535,Ryon,"2026-06-27 23:02:02",693.1,2,ryonzhang36
2299,16436612,NeXT.MeTA,"2026-07-16 06:35:38",693.0,2,nextmeta
2300,16392835,TeamSCSQ(チームスクスク),"2026-07-21 18:12:44",692.9,2,"hiroyukifuse,komage,kosukehibino,yobinoritakumi,zenichiro0419"
2301,16432396,Ethereal49,"2026-07-22 11:11:29",692.9,2,ethereal49
2302,16408448,h_noson,"2026-07-03 10:57:48",692.8,2,hnoson
2303,16385009,soju,"2026-06-25 19:55:10",692.7,2,rwqiowro
2304,16380510,kazu107,"2026-06-28 04:09:00",692.5,2,kazu107
2305,16382073,R.I,"2026-07-22 09:07:43",692.4,2,rinichikawa
2306,16376176,Kakeru,"2026-07-09 06:46:50",692.3,2,kakeruyoshinaga
2307,16510758,Narukos,"2026-07-17 04:14:09",692.3,2,narukos
2308,16395265,"Mibbles' Lab","2026-07-22 00:00:16",692.1,2,mibbles
2309,16423313,balake235,"2026-06-29 17:03:18",692.0,2,balake235
2310,16380112,kenkoooo,"2026-07-22 10:36:48",692.0,2,kenkoooo
2311,16375954,yu_gotou,"2026-06-29 00:58:51",692.0,2,yugotou
2312,16385646,BlueBuild4,"2026-07-01 13:13:14",691.9,2,bluebuild4
2313,16393433,Master-Zero1,"2026-07-15 16:31:55",691.8,2,masterzero1
2314,16388648,arutoria,"2026-06-30 14:28:36",691.7,2,arutori0ebi
2315,16385873,HaogeBob,"2026-06-22 03:37:26",691.6,1,haogebob
2316,16374525,okg,"2026-07-13 05:56:23",691.6,2,okgggg
2317,16395460,"Ioannis M","2026-06-19 15:35:42",691.2,1,imeintanis
2318,16375814,"DiT PTCG AK","2026-07-21 13:08:57",691.1,2,"hs876ak,nukuitakayuki"
2319,16584348,"Zeina Shaltout","2026-07-22 12:45:04",691.1,1,zeinashaltout
2320,16388521,cha7ura,"2026-07-04 05:23:13",690.8,2,cha7ura
2321,16373375,denden,"2026-07-11 15:13:28",690.7,2,norichtorich
2322,16377090,ODers,"2026-07-16 17:36:18",690.6,2,"chengyuliou,jameshunggg,kekevin,tonypai"
2323,16404846,Dmitriy,"2026-06-21 11:34:38",690.5,2,dmitriybty
2324,16486439,"Sven Natterer","2026-07-22 11:10:32",690.5,2,svennatterer
2325,16493834,浅田浩一,"2026-07-15 23:48:42",690.4,2,asadakouichi
2326,16377326,iruka4444,"2026-06-17 05:07:54",690.4,1,iruka4444
2327,16431351,motemen,"2026-07-19 04:44:09",690.3,2,motemen
2328,16373683,ini,"2026-07-10 23:38:53",690.3,2,inui0702
2329,16383299,Twil3akine,"2026-06-21 01:55:16",690.3,2,twileakine
2330,16500067,AlJan,"2026-07-22 05:57:28",690.3,2,aljannico
2331,16475086,tamoko,"2026-07-19 08:49:26",690.2,2,tamoko
2332,16382300,"Paras Sharma","2026-06-26 01:01:21",690.2,2,blazeofchi
2333,16500797,akasatana0401,"2026-07-11 02:22:16",690.1,2,akasatana0401
2334,16447882,"Galactic Adminz","2026-07-06 23:01:21",690.0,2,"hydreigon,jpgeib,naqibahmedkadri,sidharthkumarpradhan"
2335,16544667,CaMaLabs,"2026-07-21 16:51:09",689.7,2,camalabs
2336,16381937,加藤連太郎,"2026-07-12 03:09:21",689.7,2,rentarokato
2337,16373347,"Tatsuya Ariga","2026-07-18 09:51:23",689.6,2,tatsuyaariga
2338,16388413,Fomo,"2026-07-02 13:25:57",689.6,2,ppxiaomo
2339,16372664,S.Aoki,"2026-07-22 11:06:29",689.4,2,soyaoki
2340,16384331,sury,"2026-06-30 00:06:17",689.2,2,suryii
2341,16380730,hashimu,"2026-06-28 06:47:20",689.2,2,hashimu
2342,16376419,VAAAANG,"2026-06-19 16:57:42",689.1,2,vaaaang
2343,16377518,"Jagannath Athmaraman","2026-06-18 00:59:17",688.9,2,jagannathathmaraman
2344,16404079,"ryan panda","2026-07-16 18:00:35",688.8,2,hollowpurple
2345,16585035,"Eric Han Wang","2026-07-22 14:00:25",688.7,2,ericwang03
2346,16402005,masaume,"2026-07-21 14:26:23",688.7,2,umekawa
2347,16376065,泣きむしサメチャン,"2026-07-22 12:10:35",688.5,2,gengen1012
2348,16375793,nyoomp,"2026-06-18 03:37:04",688.4,2,paul374
2349,16387153,Hahnter,"2026-07-21 09:39:39",688.4,2,zachhahn
2350,16442033,"Kei Yamashita","2026-07-15 11:52:55",688.3,2,potatohead37
2351,16415941,"Robert Bach","2026-07-20 19:04:26",688.2,1,baobach
2352,16376531,miruto,"2026-06-24 01:05:05",688.0,2,toshiyukiotake
2353,16383648,idk,"2026-06-26 07:21:28",687.9,2,erraticum
2354,16382491,piyomaru,"2026-06-21 02:20:19",687.9,2,pyoyusiko
2355,16377948,"Naoki Maeda","2026-06-26 21:47:41",687.6,2,naokimaeda
2356,16378569,YT,"2026-07-14 12:35:39",687.6,2,yutatkd
2357,16401241,chy345,"2026-07-22 01:15:40",687.1,2,chy345
2358,16387408,ko_kuramoto6,"2026-07-14 15:41:53",687.1,2,kokuramoto6
2359,16459757,naranja1223,"2026-06-30 14:18:54",687.0,3,"naoyafujishiro,naranja1223"
2360,16473929,ChenHe-Hung,"2026-07-19 08:55:31",687.0,2,chenhehung
2361,16374059,nowan,"2026-06-18 10:55:38",686.9,2,anderswillardleo
2362,16384985,"TAKESHI KANEKO","2026-07-14 08:14:10",686.9,2,canecco
2363,16511582,BULBUL2DAO,"2026-07-22 09:27:14",686.8,2,kimsubbae113
2364,16442334,Akikukeo1,"2026-07-05 11:47:19",686.7,1,akikukeo1
2365,16463836,daiki_H,"2026-07-21 02:03:11",686.3,2,daikih
2366,16376326,Pacomin,"2026-06-17 05:43:38",686.2,2,pcmn1000
2367,16412064,illunome,"2026-07-17 14:55:27",686.1,2,tergelmunkhbat
2368,16391515,"Collin Christensen","2026-06-19 05:38:09",686.1,1,cchristens
2369,16419887,shikibu9419,"2026-06-29 13:02:56",686.1,2,shikibu9419
2370,16383163,yamato498,"2026-06-17 16:05:52",686.0,1,yamato498
2371,16400950,nekomanma,"2026-07-20 03:46:57",686.0,2,"kanatakon,nekomanma"
2372,16392402,FJMT,"2026-07-22 00:26:18",685.8,2,masatoshifujimoto
2373,16472765,y.k.,"2026-07-22 09:11:16",685.7,2,yuki0416ui
2374,16402072,長野秀俊,"2026-06-25 02:35:52",685.5,2,hidetoshi602
2375,16385218,terassyi,"2026-07-03 07:46:01",685.4,2,terassyi
2376,16371547,AZ,"2026-07-22 12:32:48",685.1,2,woosungyoon
2377,16399820,Kagura_UT,"2026-07-22 10:12:15",684.8,2,tatsuhikou
2378,16401205,kmiya61212,"2026-06-21 11:23:26",684.6,2,kmiya61212
2379,16410431,"Alina Chuang","2026-07-08 15:40:57",684.4,2,"alinachuang,juvechankasemporn,shmartinchow,zdavis94"
2380,16377823,おやつパンダ,"2026-06-26 15:41:32",684.4,2,yoichi0839
2381,16377792,ASAGAO,"2026-07-03 09:11:14",684.4,2,shunsukenaito
2382,16395413,cocosu3434,"2026-07-22 13:43:44",684.3,2,cocosu3434
2383,16375028,"Zero Mexico","2026-06-21 22:06:26",684.2,2,"shootzjmr,zeromexico,ztichna"
2384,16475995,marc_town,"2026-07-20 02:35:49",684.0,2,marctown
2385,16394740,G_AGA,"2026-07-12 13:53:04",683.9,2,agatsssssma
2386,16481855,"Gao Wenjiang","2026-07-22 05:05:32",683.9,2,gaowenjiang
2387,16376775,"TrustHub hiroingk","2026-06-18 08:20:23",683.8,2,hiroingk
2388,16381447,"Yukari Kotoha","2026-07-14 08:14:00",683.8,2,yukarikotoha
2389,16406178,inbalkiv,"2026-06-29 19:54:56",683.8,2,inbalkiv
2390,16387911,"Woohyun Nahm","2026-07-20 10:55:26",683.6,2,woohyunnahm
2391,16395599,Gowtham,"2026-07-21 12:07:09",683.5,2,gowtham66866
2392,16390807,"Luca Guerra","2026-06-24 19:02:27",683.4,2,lucague
2393,16371791,MeMu,"2026-07-12 12:34:40",683.3,2,memutsuki
2394,16380205,Bugis,"2026-07-22 11:18:09",683.3,2,haoyu36220
2395,16388379,EPHEMORIA,"2026-06-19 17:56:12",683.3,2,ephemoria
2396,16381435,N,"2026-07-22 12:29:46",682.6,2,"masakiaota,norikmb,occccn,shichi,sidett"
2397,16375502,Robotron,"2026-07-02 14:47:43",682.5,2,wyattmchalffey
2398,16551932,"Iclal Cetin","2026-07-17 17:39:10",682.5,2,claletin
2399,16460538,"Baby-Doll Eyes","2026-07-20 19:39:47",682.4,2,"elliotcmh,jonathansin,szehonyin"
2400,16379784,ima_AI123,"2026-07-22 03:47:39",682.3,2,imaai123
2401,16565575,AICON_Shibata,"2026-07-22 03:52:12",682.3,2,a1273352
2402,16450711,"Shivam Gupta","2026-07-04 12:55:44",682.2,2,pg541425
2403,16539209,"Shiv Satyam","2026-07-22 07:29:27",682.1,2,shivsatyam
2404,16470813,Banger_,"2026-07-10 00:33:18",682.1,2,banger93
2405,16406814,溶岩,"2026-06-23 13:02:12",682.0,2,yoganmagin
2406,16382090,tachyon_c2,"2026-07-12 20:13:02",682.0,2,tachyonc2
2407,16400975,Kristian,"2026-07-19 15:43:02",681.8,2,aldisued
2408,16378895,sieru-copan,"2026-07-11 06:39:06",681.8,2,sierucopan
2409,16417040,"Luke Blommesteyn","2026-07-22 05:44:03",681.7,2,"liubaysee,lukeblommesteyn"
2410,16381017,stevenleehans,"2026-07-06 13:08:18",681.4,2,stevenleehans
2411,16584403,sajarin,"2026-07-22 06:11:40",681.4,1,sajarin
2412,16416048,pop-ketle,"2026-07-20 10:44:15",681.3,2,popketle
2413,16386043,skorry,"2026-06-21 08:52:44",681.3,2,skorry
2414,16380229,"Kaiba Corporation","2026-07-12 04:11:32",681.2,2,mkesen
2415,16392674,"Keita Yanome","2026-06-25 02:42:10",681.0,2,yanomekeita
2416,16379631,mhiro2,"2026-07-22 04:06:26",680.9,2,mhiro2
2417,16376293,"The Rocket Science","2026-07-10 14:44:41",680.7,2,"caryan,minnymouse,yutotkg"
2418,16395000,"tomo48""","2026-06-29 13:11:01",680.7,2,tomo48
2419,16438909,TaSuy,"2026-07-01 08:47:13",680.7,2,taikiyoneyama
2420,16511624,芦澤　潤,"2026-07-09 08:11:32",680.5,1,aszwjn
2421,16388571,Mikio,"2026-07-01 11:05:29",680.5,2,mikiokobayashi
2422,16413249,cherry_luvly,"2026-07-22 11:03:21",680.4,2,cherryluvly
2423,16372062,Hiro0811,"2026-06-21 20:55:14",680.2,2,hiro0811
2424,16463400,guglilac,"2026-07-14 07:25:50",680.2,2,guglilac
2425,16372843,trisector,"2026-06-17 02:06:41",680.1,2,trisector
2426,16382642,pokecard_kaggle,"2026-07-20 14:31:51",680.1,2,pokecardkaggle
2427,16391352,Shiva,"2026-06-18 22:07:55",679.9,1,shivasai77
2428,16428291,kojimari,"2026-07-19 03:36:42",679.4,2,kojimari1029
2429,16430278,miyakokonbu,"2026-07-18 10:19:17",679.3,2,miyakokonbu
2430,16385615,sukesuke012,"2026-07-21 06:20:04",679.2,2,sukesuke012
2431,16379206,"qiao jinxia07","2026-07-03 20:06:13",679.1,2,qiaojinxia07
2432,16394697,Magikarp0916,"2026-06-20 11:10:18",679.0,2,magikarp0916
2433,16385539,MoMy,"2026-06-20 15:42:55",678.7,2,ysasaki
2434,16379345,0xWhalet,"2026-06-18 09:00:39",678.7,2,whalet
2435,16383236,Vishwa,"2026-07-22 08:41:16",678.5,2,rv1922
2436,16414343,"Kazuya Shiroshita","2026-06-29 13:13:23",678.5,2,kazuyashiroshita
2437,16375766,"Ten Uchikawa","2026-06-29 11:23:18",678.5,2,tenuchikawa
2438,16394353,KojiKRSE,"2026-07-05 04:22:59",678.4,2,kojikrse
2439,16384416,ohnuma,"2026-06-17 20:20:05",678.3,1,ohnuma00
2440,16394860,YugoHamada,"2026-06-19 13:56:07",678.2,1,yugohamada
2441,16385383,hatata,"2026-07-22 01:07:20",678.1,2,hatata3737
2442,16485125,simmons1025,"2026-07-20 11:13:23",678.0,2,simmons1025
2443,16371969,Latitu,"2026-06-18 00:39:32",677.9,2,latitu
2444,16371806,hida1211,"2026-07-17 11:58:08",677.9,2,hida1211
2445,16378723,CYLIM87,"2026-07-04 16:30:50",677.7,2,cylim87
2446,16410955,protoAgent,"2026-07-05 00:16:37",677.7,2,protolabsstudio
2447,16375124,openrasmus,"2026-06-19 18:04:54",677.4,2,openrasmus
2448,16392711,"Tomohiro Kawamoto","2026-06-22 10:56:57",677.3,2,tomohirokawamoto
2449,16376655,"Takuto Nishimine","2026-07-16 05:43:04",677.3,2,takutonishimine
2450,16511869,lingexiong,"2026-07-09 09:24:12",677.2,1,bicolgx
2451,16444030,"Yuru Kōdā","2026-07-18 11:07:45",677.0,1,thekihalaya
2452,16372123,Takusato,"2026-06-19 17:47:11",677.0,2,shogoyamamoto16
2453,16446351,gakutomo,"2026-07-19 12:11:26",676.9,2,gakutomo
2454,16404909,"Edward Lue Chee Lip","2026-07-11 04:43:31",676.8,2,edwardluecheelip
2455,16381027,Yusukey12,"2026-07-03 08:00:30",676.8,2,yusukey12
2456,16372356,maximoming,"2026-07-21 16:36:36",676.6,2,maximoming
2457,16372988,ken4500,"2026-07-04 15:52:56",676.5,2,ken4500
2458,16386056,iwatsushi,"2026-07-20 23:27:12",676.5,2,iwatsushi
2459,16380518,reika555,"2026-07-05 13:58:47",676.3,2,reika555
2460,16376208,"Jonathan Effect","2026-07-21 04:31:03",676.1,2,jonathaneffect
2461,16400957,"AKIRA TAKADA","2026-06-24 16:02:03",675.8,2,akiratakada
2462,16400050,pocky34,"2026-06-24 12:55:55",675.7,2,pocky34
2463,16389144,draven,"2026-07-08 10:53:48",675.5,2,ustchx
2464,16387499,"Sérgio Almeida","2026-07-20 08:54:00",675.5,2,serg1oa
2465,16381280,nao_370,"2026-06-21 06:16:02",675.4,2,nao370
2466,16434090,Steven66886688,"2026-07-01 04:52:49",675.3,2,steven66886688
2467,16425251,amashigure,"2026-07-20 04:27:55",675.3,2,amashigure
2468,16488544,"Hikaru Yamamoto","2026-07-22 13:50:24",675.3,2,yamamotostudio
2469,16374742,"Gotta Prompt ’Em All","2026-07-02 13:55:45",675.3,2,mik123456
2470,16378176,"hosaka kodai","2026-07-09 01:55:59",675.2,2,hosakakodai
2471,16437103,Taishoh,"2026-07-22 07:04:31",675.0,2,taishoh
2472,16384139,"keito k4","2026-06-18 14:09:26",674.9,2,keitok4
2473,16396707,"HAL TCG Dojo","2026-07-22 07:25:05",674.8,2,"kafein,oscarvdorantes,psyrax012"
2474,16400348,kekuru,"2026-07-21 14:25:41",674.8,2,soyaishihara
2475,16398692,dhue123,"2026-07-12 15:15:13",674.7,2,dhue123
2476,16372632,YukihiroMaeda,"2026-06-27 07:18:56",674.5,2,yukihiromaeda
2477,16395692,toiru1999,"2026-07-05 15:55:48",674.5,2,toiru1999
2478,16374194,"GO HIROSHIMA 2","2026-07-22 11:27:51",674.3,2,gohiroshima2
2479,16497982,joinus,"2026-07-22 13:25:06",674.2,2,joinus2003
2480,16385092,"AI Agent By TYMU","2026-06-18 00:47:01",674.2,2,aiagentbytymu
2481,16535964,"Mehul Mathodia","2026-07-13 13:10:07",673.8,2,mehulmathodia
2482,16385594,daigakupotato,"2026-07-21 16:01:45",673.8,2,kiyopote
2483,16389930,"xiang li122","2026-07-20 03:06:04",673.8,2,xiangli122
2484,16408160,tsuzuk1,"2026-07-21 15:16:04",673.7,2,"soreiru,tsuzuk1"
2485,16372161,SmithyAlan,"2026-06-19 16:39:38",673.7,2,smithyalan
2486,16508565,"Lucas Bruzzone","2026-07-09 16:24:21",673.6,2,lucasbruzzone
2487,16416507,"Huttonion Inc","2026-06-23 18:30:24",673.5,2,huttonioninc
2488,16381002,"[Deleted] a61d24f8-61c6-4d78-8adc-5e0e8a502481","2026-07-01 22:31:18",673.3,2,del=ae1097d2e7663f7b
2489,16380063,"Leopard Jaguar","2026-06-18 03:19:54",673.3,2,hirotototo
2490,16375401,Ruhex,"2026-07-07 04:01:11",672.9,2,ruhex9258
2491,16532629,LastPrice,"2026-07-22 10:50:00",672.7,2,lastprice
2492,16557485,"Alan Tsui","2026-07-22 07:18:10",672.3,2,atsui1120
2493,16467439,"Luca Torre","2026-07-20 14:58:06",672.3,2,lucatorre
2494,16378118,WEcoS,"2026-07-22 08:40:35",672.2,2,aungkhainghtun
2495,16425315,georgexue666,"2026-07-19 05:03:43",672.2,2,georgexue666
2496,16382322,yanakatsu,"2026-06-26 15:42:19",672.0,2,yanakatsu
2497,16380796,GarlicToday,"2026-07-13 04:22:36",672.0,2,garlictoday
2498,16381254,"Shingo Kotake","2026-06-22 02:20:20",671.9,2,shingokotake
2499,16390273,"the mudkips","2026-07-04 03:45:41",671.9,2,dominicserrano
2500,16391315,"Teddy McBride","2026-06-22 02:00:37",671.8,2,tedcr100
2501,16372539,Takibi,"2026-06-24 23:57:19",671.8,2,takibi
2502,16436284,mochikiichigo,"2026-07-21 23:20:18",671.8,2,mochikiichigo
2503,16386210,DoAI,"2026-07-22 02:21:24",671.8,2,kyoheid
2504,16388938,osam,"2026-06-23 14:44:21",671.8,2,mitsuya2635
2505,16443789,"Felix P","2026-07-13 14:39:49",671.8,2,felixp21
2506,16563291,"Guan fenghua","2026-07-20 13:58:39",671.7,2,guanfenghua
2507,16439233,sharkself,"2026-06-26 16:41:02",671.4,1,sharkself
2508,16516023,"Kyle Bean","2026-07-14 18:30:11",671.0,2,kbean413
2509,16406311,"kaito ide 31","2026-07-22 11:09:20",671.0,2,kaitoide31
2510,16383858,"Cheshire Cat","2026-06-18 18:55:53",670.8,2,ytaka23
2511,16530426,kohei222,"2026-07-18 05:45:36",670.8,2,kohei222
2512,16425929,sqdhnt,"2026-07-21 04:50:38",670.8,2,sqdhnt
2513,16382738,joshuachoo,"2026-06-30 13:56:57",670.7,2,joshuaachoo
2514,16464688,soranaki0404,"2026-07-01 14:35:16",670.6,2,naki0404
2515,16380120,yu24march,"2026-06-20 10:18:57",670.6,2,yu2403
2516,16495066,Nirgenre,"2026-07-09 15:34:39",670.5,2,"fahimzafri,niazmohaimanabtahi,nirgenre"
2517,16442679,"Lam Mo Kit ","2026-07-22 11:30:49",670.5,2,lammokit
2518,16395207,"Abeeb Adesina","2026-07-16 04:57:53",670.4,2,adesinaabeeb
2519,16381395,selylime,"2026-07-14 07:25:21",670.0,2,selylime
2520,16378122,"Norihide Endo","2026-07-05 06:26:56",670.0,2,endoit
2521,16371898,platypus2000jp,"2026-06-18 03:02:44",669.8,2,platypus2000jp
2522,16392629,Leundai,"2026-06-23 02:19:33",669.8,2,leundai
2523,16382112,"Shuri Ikeno","2026-07-20 15:27:08",669.7,2,shuriikeno
2524,16392439,xo_oblz,"2026-06-24 00:08:35",669.7,2,xooblz
2525,16384779,LLLJ,"2026-06-26 07:24:52",669.5,2,tli004
2526,16373889,toruneko,"2026-06-28 00:27:23",669.4,2,toruneko
2527,16486234,"Tatsuya Kayama","2026-07-22 07:34:05",669.4,2,tatsuyakayama
2528,16379100,"So Mukaichi","2026-06-29 09:51:39",669.1,2,somukaichi
2529,16534257,yamashuuu,"2026-07-13 00:03:54",669.0,2,yamashuuu
2530,16373986,"Maxim Simakov","2026-07-22 06:52:04",668.9,2,maxsim73
2531,16558774,"Togawa Sakiko","2026-07-22 03:05:36",668.6,2,neowehgi
2532,16385824,"[Deleted] 0e0ece22-59bf-4783-a38a-548ae01e7bea","2026-06-18 21:44:00",668.4,2,del=11a4fcd604048af3
2533,16543826,"Naoki Yamada","2026-07-20 03:43:17",668.4,2,naokiyamada1106
2534,16391873,tk.mit0127,"2026-07-22 13:50:16",668.3,2,tkmit0127
2535,16372541,"Evex Developers","2026-07-01 07:14:04",668.1,2,"del=5942c8061baf72a5,edamamex"
2536,16485091,imaima,"2026-07-21 13:07:38",668.0,2,imaimakaggle
2537,16371746,HIrora10,"2026-06-30 23:15:40",667.9,2,hirora10
2538,16395810,Oddball45000,"2026-07-12 16:52:59",667.8,2,oddball45000
2539,16553389,"Theo Neilson","2026-07-22 05:10:55",667.8,2,theoneilson
2540,16380316,Konichiwa,"2026-07-16 13:48:36",667.6,2,"hamadataigen,yoshitakakumagae"
2541,16375828,fujihara,"2026-07-19 01:36:27",667.6,2,fujihara
2542,16376477,IwaKri,"2026-07-21 13:49:41",667.6,2,iwakri
2543,16372551,テライFACC,"2026-07-22 13:48:06",667.4,2,keyholderterai
2544,16386006,Xxbozohead,"2026-07-22 11:17:21",667.3,2,ryanongwx
2545,16390961,shop_0761,"2026-07-13 04:58:03",667.1,2,shop0761
2546,16387127,mori0520mori,"2026-06-22 02:21:32",667.0,1,mori0520mori
2547,16383407,yoshi,"2026-06-27 20:27:37",667.0,2,yoshikisatoh
2548,16373908,"Rin'z Uznir","2026-07-15 14:11:43",666.9,2,rinzuznir
2549,16563824,"Orion Forge","2026-07-22 11:40:45",666.9,2,ljs2546
2550,16405002,satofi,"2026-07-14 12:27:43",666.7,2,satofi
2551,16411665,morux2,"2026-07-22 13:54:46",666.6,2,morux2
2552,16486814,yhgg1,"2026-07-05 15:02:04",666.5,1,yuheih
2553,16386294,"SOUTA Sakurai","2026-07-16 15:02:56",666.3,2,soutasakurai
2554,16426607,"Andrin @ Tufa Labs","2026-07-21 07:39:39",666.1,2,andrinrehmann
2555,16396272,"Terminal 7","2026-07-03 00:30:29",666.0,2,mry539
2556,16440525,"hamza khokhar890","2026-07-04 21:36:55",665.8,2,hamzakhokhar890
2557,16380545,aki,"2026-07-22 00:24:27",665.8,2,akihiroogaya
2558,16422470,Bensonli7777,"2026-07-05 14:27:30",665.7,2,"bensonli7777,sengami"
2559,16537444,NSTS04,"2026-07-21 13:41:30",665.6,2,satoshinakamura04
2560,16371895,"DD Adai","2026-06-27 08:34:00",665.5,2,ddadai
2561,16548242,"Too Young Too simple","2026-07-15 12:35:33",665.4,2,yuezhuo0544
2562,16531462,"Andrew Chistyakov","2026-07-14 08:18:05",665.3,2,andrewchist
2563,16427793,nnc,"2026-06-27 06:57:31",665.2,2,daimarusui3
2564,16398334,pupipupi5,"2026-06-20 08:11:53",665.1,2,"asakatsutsui,tominarit"
2565,16381805,"Iwakiri Takuya","2026-06-18 13:15:04",665.0,1,iwaktaku
2566,16400433,hoshimori,"2026-06-24 15:00:56",665.0,2,hoshimori
2567,16371530,"sora ukita","2026-07-21 21:10:54",665.0,2,soraukita
2568,16385630,きれいナビ,"2026-07-09 10:27:16",664.7,2,kireinavi
2569,16381294,"Junliang Ye","2026-07-01 09:40:47",664.6,2,junliangye
2570,16388956,micchy,"2026-07-09 12:22:57",664.4,2,micchy326
2571,16402290,tamanegi1111,"2026-06-22 13:08:04",664.4,1,tamanegi1111
2572,16377185,Y-Kitaro,"2026-07-21 13:39:50",664.4,2,yhataktaro
2573,16433945,Leifson1337,"2026-07-05 21:34:06",664.4,2,leifson1337
2574,16472830,weimean,"2026-07-20 06:29:54",664.3,2,gtwm98
2575,16550928,"Vignesh Reddy Julakanti","2026-07-18 21:17:17",664.2,1,vigneshreddyju
2576,16374021,（かえる）,"2026-07-22 13:22:19",664.1,2,kaeru039
2577,16402840,greengreenpurple,"2026-06-21 06:44:33",664.1,2,greengreenpurple
2578,16531344,Tyooughtul,"2026-07-22 12:53:06",664.0,2,yooughtul
2579,16381878,DaisukeFukuda6636,"2026-06-18 13:00:52",664.0,2,daisukefukuda6636
2580,16386877,"[Deleted] b62b5e0a-0771-47bf-93b0-1d6d0c94542f","2026-06-29 02:05:29",664.0,2,del=60666b9afa732c84
2581,16393228,sryo,"2026-06-24 13:55:43",663.9,2,sryo188558
2582,16501044,"Songyot P","2026-07-22 07:54:01",663.7,2,songyotpi
2583,16404193,"Shubham Choudhary","2026-06-21 09:31:16",663.6,2,shubhch32
2584,16394075,PLAYERshi,"2026-06-28 16:40:55",663.6,2,playershi
2585,16389573,"Shu Kato","2026-07-18 10:14:41",663.5,2,"kamasho,shukato"
2586,16512470,"Tomoki Tanzawa","2026-07-11 02:30:17",663.4,2,tomokitanzawa
2587,16377252,BioMath,"2026-07-21 16:20:32",663.4,2,"columbia2131,renahayashi,shuichikudo"
2588,16495706,ZZDirty,"2026-07-21 23:51:02",663.2,2,zzdirty
2589,16388358,yskt_min,"2026-06-19 11:44:00",663.1,1,ysktmin
2590,16398204,"Kaung Htet San","2026-06-24 05:38:29",662.8,2,kaunghtetsan275
2591,16429048,"Sean Jones","2026-07-18 17:51:57",662.8,2,seanjones444
2592,16394931,MichiFuna,"2026-07-20 04:44:41",662.7,2,michifuna
2593,16392512,"Yujiro Seki","2026-07-12 12:39:08",662.5,2,"shunnosukeseki,yujiroseki"
2594,16377065,CleAAAAAA,"2026-07-21 22:56:21",662.4,2,"kirvk013,sunning11"
2595,16373221,Ohnishiiii,"2026-06-26 07:54:32",662.4,2,keisukeonishi
2596,16373644,yankoGPT,"2026-06-26 03:12:30",662.2,2,"machi70,sota365,yamamoto908"
2597,16373956,tsumuit,"2026-06-17 01:09:44",661.9,2,tsumuit
2598,16385790,Leocthl,"2026-07-13 18:36:26",661.7,2,"leocthl,marcus999"
2599,16371460,てうぽけ,"2026-07-18 12:11:02",661.6,2,"c0a24013,siitake667"
2600,16374256,Hayauchiwasabi,"2026-06-18 00:17:05",661.6,2,kaiikeda
2601,16384229,"Mitudru Dutta","2026-06-22 16:28:16",661.5,2,mitudru
2602,16514274,"Bastian Schmidt2026","2026-07-21 04:03:13",661.4,2,bastianschmidt2026
2603,16403668,Substitute99,"2026-07-22 12:31:30",661.4,2,"siontama,substitute99"
2604,16408470,RiJ,"2026-07-17 01:42:08",661.3,2,junichirokawano
2605,16389547,SAKU,"2026-06-23 04:20:25",661.3,2,yuutasakurada
2606,16441579,"kosuke uematsu","2026-07-06 04:27:31",661.2,2,kosukeuematsu
2607,16373215,Reinhard,"2026-07-21 18:09:38",661.1,2,trainhard
2608,16517412,Neelima,"2026-07-10 16:47:13",661.0,1,neelima0405
2609,16382908,kimkimkirn,"2026-06-27 05:35:20",660.7,2,kimkimkirn
2610,16387818,"Hi Im Ryo","2026-07-21 14:44:24",660.6,2,loto610
2611,16389795,"Naziba Tasnim","2026-06-18 16:15:33",660.5,1,nazcet
2612,16376818,StockMagikarp,"2026-07-22 03:09:20",660.5,2,"rareone0602,tommytang0122,yawei1234"
2613,16374286,Shanghai,"2026-06-17 14:21:36",660.5,2,kaiyamurakami
2614,16372543,pokesom,"2026-07-21 16:08:49",660.4,2,pokeso
2615,16394762,"Y M","2026-07-10 15:48:44",660.1,2,ym0207
2616,16421245,"Hiroshi U","2026-07-03 00:15:00",660.0,2,hiro0921
2617,16407696,"Yusuf Murtaza","2026-06-24 07:55:29",660.0,2,yusufmurtaza01
2618,16410656,"Dustin L","2026-07-04 18:59:45",659.9,2,lidstone
2619,16431074,iketatsu,"2026-06-25 06:35:48",659.9,1,iketatsu
2620,16425996,宮武輝弥,"2026-07-08 04:36:37",659.8,1,carat10
2621,16372118,"Nao Komura","2026-07-08 07:20:22",659.7,2,naokomura
2622,16392238,Jouta_123,"2026-06-19 02:38:12",659.6,2,jouta123
2623,16431830,"kaneko takafumi","2026-07-22 07:01:03",659.6,2,kanekotakafumi
2624,16382683,katsuya-pokeca,"2026-06-27 14:20:54",659.6,2,katsuyapokeca
2625,16371945,conan1024hao,"2026-07-22 07:51:05",659.3,2,"conan1024,edagram,expertsplasher,masaishi,wangliangji"
2626,16378321,"Arda Karakaş","2026-06-18 12:00:08",659.3,2,ardakarakas
2627,16373222,monzblog,"2026-07-12 15:03:16",659.1,2,monzblog
2628,16380569,natz,"2026-06-17 11:12:36",659.1,2,natz01
2629,16377668,Miyama,"2026-07-17 02:35:38",659.0,2,miyama9314
2630,16470631,DapperOctopus,"2026-07-20 18:46:33",659.0,2,jamesfiacco
2631,16448593,pkm-agent,"2026-07-21 07:35:53",659.0,2,"eddyqiyangliu,feny6313,heyteartt,pagejuju"
2632,16376399,kashort,"2026-07-02 08:03:45",658.9,2,kashort
2633,16396019,wmore8,"2026-07-01 10:28:01",658.9,2,wmore8
2634,16549721,Mearyl,"2026-07-21 00:55:08",658.8,1,mearyl
2635,16385500,"Takao Mizuno","2026-06-23 13:38:34",658.7,2,mzntaka0
2636,16544358,"Kyuhwan Cho","2026-07-20 09:07:36",658.7,2,octoarden
2637,16392430,HoooosE,"2026-06-19 05:39:53",658.4,1,hoooose
2638,16376518,Kyota,"2026-07-14 14:54:09",658.4,2,kyotaroizumi
2639,16430069,"Antonino Zumbo","2026-07-16 22:19:04",658.3,2,olliz92
2640,16380738,jalp,"2026-06-29 11:22:41",658.0,2,jpanvel
2641,16378130,kinakomochi,"2026-06-18 06:03:37",657.9,2,kinakomochi
2642,16454014,Kaii,"2026-07-04 05:30:24",657.9,2,kaiikaggle
2643,16371981,shikisoukan,"2026-07-12 14:25:06",657.7,2,shikisoukan
2644,16382415,"Kawee Lekmuenwai","2026-06-28 23:33:42",657.3,2,kaweelekmuenwai
2645,16394523,TwinTV,"2026-07-04 20:24:40",657.3,2,"tinautran,yelloweevee"
2646,16390165,"LIn Lin","2026-07-12 10:50:05",657.3,2,"andyyou,linbao2001"
2647,16377931,"Oleg Yaroshevskiy","2026-07-14 04:52:33",657.2,1,yaroshevskiy
2648,16380700,KK_1999,"2026-06-17 11:31:32",657.2,2,thebigfundamental
2649,16378672,yamamekko,"2026-06-23 05:52:44",657.1,2,yamamekko
2650,16375468,m333studio,"2026-07-08 09:22:23",657.1,2,kengomukai
2651,16382592,humita,"2026-07-21 15:49:19",657.0,2,hum1ta
2652,16465251,"tsing hua","2026-07-03 16:10:00",657.0,2,tsinghua666
2653,16397215,SKMAAX,"2026-07-15 11:50:12",656.7,2,s06120takuma
2654,16496887,bkrumms,"2026-07-22 11:42:15",656.7,2,bkrumms
2655,16430376,yoikoarmor,"2026-07-16 06:25:28",656.7,2,yoikoarmor
2656,16388107,pipi14ramu,"2026-07-21 04:23:26",656.7,2,pipi14ramu
2657,16379522,hibi,"2026-06-17 18:31:41",656.5,2,hibi2571
2658,16403422,"Isabella Wu","2026-06-20 20:44:05",656.4,1,isabellawoo01
2659,16381425,"Eli C. Lowry","2026-07-03 15:59:48",656.3,2,eliclowry
2660,16375572,Itton_knight,"2026-07-22 00:33:03",656.2,2,ittonknight
2661,16391863,cannotflypig,"2026-06-24 04:34:02",656.2,2,cannotflypig
2662,16399463,OgawaraMakoto(Noah),"2026-06-21 14:19:41",656.2,2,ogawaramakoto
2663,16474241,kisamaki0815,"2026-07-22 12:32:51",656.2,2,kisamaki0815
2664,16446325,NaoKato,"2026-06-28 10:53:43",656.1,1,naokato
2665,16385586,"Ehimen Nathaniel","2026-06-18 02:34:23",656.1,1,ehimennathan
2666,16382067,ベイズVMAX,"2026-07-22 03:42:35",656.0,2,syaron10
2667,16389425,"Aisen Lopez-Ramos","2026-07-14 05:27:17",655.9,2,adl5423
2668,16382679,ちょはん,"2026-06-20 15:25:04",655.9,2,tyohan
2669,16430712,"MD. Nazmus Sakib Anik","2026-07-16 19:11:57",655.9,2,beyondlogic
2670,16418277,"Sahasra Kondapalli","2026-07-07 04:05:55",655.9,1,sahasrakondapalli
2671,16371893,fredpk,"2026-07-22 11:23:17",655.8,2,fredpk
2672,16372832,"Dian Deng","2026-07-05 02:54:37",655.7,2,diandeng
2673,16376682,larry54321zhao,"2026-07-05 10:37:34",655.7,2,larry54321zhao
2674,16512154,佐藤滉太,"2026-07-10 07:46:21",655.7,2,s1300200
2675,16409184,sageintelli,"2026-07-21 16:30:00",655.6,2,sageintelli
2676,16392353,"Ryusei Nishide","2026-07-22 07:29:01",655.5,2,nishidedev
2677,16373314,"Ryoya Tsuruoka","2026-07-16 14:56:46",655.4,2,irohasorange
2678,16385289,"yuichiro miyamae","2026-06-18 02:27:32",655.3,2,yuichiromiyamae
2679,16377605,makimakiver,"2026-06-27 09:04:32",655.3,2,yutakashibata
2680,16371601,"Hayato AIDA","2026-06-22 15:23:18",655.2,2,h4eida
2681,16537303,"Bùi Đức Anh","2026-07-13 16:20:08",655.2,2,danhyoyo
2682,16412815,"Prashant Kikani","2026-06-22 07:36:52",655.0,1,prashantkikani
2683,16383220,"Roma Tikhonov","2026-06-21 21:36:35",655.0,2,tikhonovroma
2684,16424883,"salty bear","2026-06-24 05:07:44",654.9,1,shiomunny
2685,16419115,"Wejdan Al-Ahmadi","2026-06-29 10:04:09",654.9,1,wejdanalahmadi
2686,16585784,ZJUwlm,"2026-07-22 13:50:53",654.8,2,zjuwlm
2687,16442693,"David Goldrajch","2026-07-22 05:48:13",654.8,2,elie2003
2688,16509524,"Pelayo Puerta","2026-07-12 08:33:19",654.7,2,pelayopuerta
2689,16373867,tomoki225255,"2026-07-21 13:01:06",654.6,2,tomoki225255
2690,16556869,"Nikita Romanenko","2026-07-21 21:26:21",654.5,2,juniorromanenko
2691,16382528,あれすくん,"2026-06-26 01:29:43",654.4,2,areskunsan
2692,16399504,gon_fox,"2026-06-28 06:57:02",654.3,2,gonfox67
2693,16379777,KiChang.Kim,"2026-07-22 03:31:45",654.3,2,kichangkim
2694,16376736,redm,"2026-06-23 02:34:40",654.3,2,michaelmilstead
2695,16379613,Yotsuba_4848,"2026-06-21 16:00:03",653.9,2,yotsuba4848
2696,16411462,m-murao,"2026-07-01 01:21:55",653.9,2,mmurao
2697,16393835,TorNoz,"2026-07-22 11:42:28",653.8,2,torigoenozomi
2698,16377404,Kokoro0711,"2026-06-18 13:14:46",653.7,2,kokoro0711
2699,16390204,1000PARTY,"2026-07-08 23:10:57",653.7,2,"osadayuiki,sisfelia"
2700,16394906,KentoHako,"2026-07-20 16:16:40",653.5,2,"kentohako,ypar0329"
2701,16380917,Kai_zuta,"2026-07-22 11:50:15",653.5,2,kaizuta
2702,16504095,たかゆき,"2026-07-12 08:43:30",653.4,2,takayuki0127
2703,16580748,nao.kwmr,"2026-07-22 12:59:14",653.3,2,naokwmr
2704,16441071,blanca985,"2026-07-22 03:44:31",653.3,2,blanca085
2705,16482038,team-N24,"2026-07-05 13:46:25",653.1,2,"hiroyukitanaka50s,kentaroono,nekot0"
2706,16375680,pensukesan,"2026-06-19 09:17:00",653.1,2,pensukesan
2707,16560274,"kumi cho","2026-07-21 23:29:54",653.0,2,kumicho
2708,16377042,nao2002_,"2026-07-19 16:45:23",653.0,2,naonano
2709,16488958,"Matsumoto Takeru","2026-07-21 14:21:28",652.9,2,matsumototakeru
2710,16483324,ykk,"2026-07-19 19:45:57",652.9,2,pongetsome
2711,16374974,Shiri,"2026-06-25 10:57:44",652.8,2,kennethbryan13
2712,16393574,zk,"2026-06-27 05:54:18",652.5,2,zkk0401
2713,16485489,"shogo yoshioka","2026-07-18 23:35:06",652.4,2,shogoyoshioka
2714,16391830,"Flood Beast","2026-07-16 14:06:31",652.4,2,floodbeast
2715,16382598,Aiagate,"2026-06-21 04:30:30",652.3,2,aiagate
2716,16381197,SoPro,"2026-06-19 00:44:34",652.2,2,"ddrtraveler,fuzorizumu,meshigakari"
2717,16380893,"Kimiaki Nakamura","2026-06-25 10:15:29",652.0,2,kimiakinakamura
2718,16381745,datawizardd,"2026-07-18 03:46:26",651.9,2,jheung
2719,16431659,jannchie,"2026-07-18 17:58:41",651.7,2,jannchie
2720,16384856,"illness fubuki","2026-07-10 01:03:08",651.7,2,morimorifubuki
2721,16398826,"Kevin Ramirez","2026-07-22 02:47:30",651.6,2,alfarojo
2722,16375482,takerusQ,"2026-06-18 15:05:44",651.5,2,takerusq
2723,16380385,"Yoshinari Fujinuma","2026-06-24 18:43:59",651.4,2,yoshinarifujinuma
2724,16387980,H.Y,"2026-07-22 13:21:37",651.3,2,"hiroyokomizo,keisukeitou"
2725,16406450,Hei_shao,"2026-07-21 19:16:03",651.0,1,heishao
2726,16373157,"Yuma Takeuchi","2026-06-21 17:35:44",650.9,2,yumatakeuchi
2727,16420862,カエル同好会,"2026-07-09 14:07:26",650.9,3,"ikaikasama,nagiya,takumifujinami"
2728,16372620,"Ankith Savio","2026-07-20 20:23:06",650.8,2,weedoo
2729,16397625,"Matin Urdu","2026-06-30 10:18:20",650.6,2,"arianurdu,benediktschink,matinurdu,rahulappapogu,sethkarten"
2730,16373998,yusuke0723,"2026-06-18 09:02:09",650.5,2,yusuke0723
2731,16393604,yoiki,"2026-06-26 04:29:38",650.3,2,yoshiakiishihara
2732,16428020,Zak88511,"2026-07-09 12:26:42",650.3,2,zak88511
2733,16418253,ToGaChan,"2026-07-21 09:52:56",650.1,2,togachan
2734,16373993,"Kohei #2","2026-06-17 16:29:51",649.6,2,koheiterashita
2735,16407703,"Cybolt Solutions","2026-07-20 13:25:57",649.6,2,troycallahan
2736,16375648,"Natsuki Kasubata","2026-06-23 00:00:51",649.4,2,natsukikasubata
2737,16373843,okayu777,"2026-06-20 16:29:47",649.4,2,okayu777
2738,16404889,"Shion Fukuzawa","2026-06-21 21:51:14",649.2,1,shifubear
2739,16403464,Ontamasan85,"2026-06-20 16:46:49",649.2,1,ontamasan85
2740,16440704,"Fidèle José kOUAGOU","2026-06-26 23:54:49",649.2,1,fidlejoskouagou
2741,16510481,"MEWTWO CANT WIN","2026-07-13 07:04:26",648.9,2,mewtwocantwin
2742,16417302,hbchao,"2026-06-23 00:48:14",648.8,1,hbchao
2743,16485736,"Gaurav Goswami","2026-07-21 07:19:26",648.8,2,gauravgs1007
2744,16373491,"hiroki ogata","2026-06-18 15:03:34",648.6,1,hirokiogata0825
2745,16484471,isLawliet,"2026-07-22 04:30:09",648.6,2,islawliet
2746,16408071,"Ricardo Nakadomari","2026-07-22 13:29:28",648.6,2,ricardonakadomari
2747,16392523,sea_mountain,"2026-07-05 13:19:33",648.3,2,seamountain
2748,16382865,"Kazuki Shiraishi","2026-07-20 03:22:57",648.2,2,shirapon24
2749,16378281,"PRINCE KUMAR YADAV","2026-07-12 10:52:32",648.1,2,prince0yadav
2750,16379518,nishiyamadaiki,"2026-06-22 11:34:23",648.0,1,nishiyamadaiki
2751,16573544,guragura_0702,"2026-07-20 06:38:29",648.0,1,guragura0702
2752,16374334,"Kenshin Kikuchi","2026-06-29 10:49:11",647.9,2,kenshinkikuchi
2753,16470093,One,"2026-07-02 11:34:28",647.9,2,moderantnoukoussi
2754,16411045,askBillyWhatMamaDid,"2026-06-22 00:54:55",647.8,1,askbillywhatmamadid
2755,16378357,kash2031,"2026-07-21 03:06:27",647.7,2,kash2031
2756,16445985,AgoniE,"2026-06-28 12:40:21",647.6,1,agnoie
2757,16412598,"Nobu Hirai","2026-06-22 07:18:55",647.5,1,nobuyukihira
2758,16489259,kosukemr4,"2026-07-06 10:25:45",647.2,2,kosukemr4
2759,16431183,KouchSato,"2026-06-25 15:43:18",647.2,1,kouchsato
2760,16389408,PokeMoE,"2026-06-23 16:46:17",647.2,2,"oimotmg,shikachii"
2761,16552021,"Dennis Hüggenberg","2026-07-21 12:38:11",647.2,2,dennishggenberg
2762,16378351,ララ！ラボ,"2026-06-17 15:56:30",647.2,2,"akaaku,jokato"
2763,16501246,Sahoooooo!,"2026-07-22 08:59:57",647.1,2,sahoooooo
2764,16557372,"Dylan Dove","2026-07-17 22:50:08",646.9,2,dylandove
2765,16377314,D_en3120,"2026-07-01 20:09:42",646.9,2,den3120
2766,16442375,kkanayj,"2026-07-20 06:35:26",646.8,2,kkanayj
2767,16382511,"shu-tanuma ","2026-06-20 05:20:59",646.3,2,shutanuma
2768,16378502,Kohta.F,"2026-06-19 09:33:44",646.3,2,kohtaf
2769,16382331,"Yunus Emre Sarıduman","2026-06-29 01:40:21",646.1,2,emresariduman
2770,16375434,OKDI,"2026-06-22 02:47:26",645.6,2,"kemo16858,ssk1217,toratako,yutoochi"
2771,16385158,Kaiyu28,"2026-06-19 01:35:07",645.6,1,kaiyu28
2772,16441646,大久保寿人,"2026-06-28 06:32:02",645.6,1,hisa0353
2773,16421134,shimasoft,"2026-07-06 11:56:05",645.5,2,yoshiakishimabukuro
2774,16581766,Kao0207,"2026-07-22 13:23:12",645.5,1,kao0207
2775,16392823,Saikattyo,"2026-07-14 07:28:12",645.5,2,katsuyasaito
2776,16376532,"Ryosuke Takeda","2026-06-25 01:00:42",645.4,2,ryosuketakeda
2777,16376790,"Hiểu Vy","2026-06-24 18:24:40",645.2,2,thangnm1
2778,16386079,roroppu,"2026-06-18 14:42:45",645.1,1,roroppu
2779,16381413,tony998244353,"2026-07-12 13:57:03",645.0,2,tony998244353
2780,16433291,mhi,"2026-07-09 02:07:41",645.0,2,mhirano
2781,16397244,jskymfe,"2026-06-22 13:43:51",645.0,2,jskymfe
2782,16387463,"Kazuhiro Sato","2026-06-19 14:19:33",644.9,2,polarcoder
2783,16397760,YamamotoKazuya,"2026-06-20 07:01:14",644.7,2,yamamotokazuya
2784,16475408,rurumi,"2026-07-22 06:02:04",644.5,2,rurururumi
2785,16472583,takahia,"2026-07-03 04:16:13",644.5,2,takahia
2786,16373461,Aslan168,"2026-06-19 17:39:56",644.4,2,aslan168
2787,16427514,"Nene Gotanda","2026-06-25 11:38:29",644.2,2,nenegotanda
2788,16375381,"Team Rockets MAGIKARP","2026-06-25 19:34:39",644.0,2,"opulentisaeon,ren2140"
2789,16381237,TakosukeAI,"2026-07-01 14:10:30",643.8,2,takosukeai
2790,16373017,EL,"2026-07-13 00:45:12",643.8,2,raphaelgusmao
2791,16376530,yuto,"2026-06-29 12:12:27",643.8,2,yutoseeda
2792,16432990,"Stas Chereshkevich","2026-07-06 18:58:28",643.8,2,staschereshkevich
2793,16398756,suzume41,"2026-06-21 04:23:25",643.8,2,suzume41
2794,16509753,"TCG Curator","2026-07-18 02:48:27",643.7,2,danielwatabe
2795,16424512,Arbidos,"2026-06-24 00:40:57",643.5,1,arabidopsisthalian
2796,16372899,"Lurk Shade","2026-07-03 04:15:22",643.4,2,lurkshade
2797,16376997,denden12,"2026-07-22 11:54:37",643.2,2,denden12
2798,16374816,"Nathan Arellano","2026-07-06 15:03:43",643.1,2,nathanarellano
2799,16372779,Dancing_RYAN,"2026-07-09 12:37:05",643.0,2,res1235
2800,16388857,handaiyazo,"2026-07-16 17:24:08",642.8,2,"atsuyasuzuki0905,chihoo,imanishiwataru"
2801,16387022,"Asa-sotta ","2026-07-22 05:01:10",642.7,2,asasotta
2802,16390913,"Subhan Hussain","2026-07-07 19:31:41",642.6,2,subhanhussain0205
2803,16548494,"Jennifer Yang","2026-07-16 15:28:58",642.6,2,xxjennyxx
2804,16373242,"GIVE ME A JOB","2026-06-19 02:31:04",642.6,2,tarokogawa
2805,16375552,yousan,"2026-06-18 04:16:40",642.4,2,ayousanz
2806,16373240,hattori88,"2026-06-18 15:45:36",642.3,2,soichirohattori88
2807,16378899,"I wanna be the very best","2026-07-12 15:25:14",642.2,2,"elisenerissa,ferterahadi,ninjainjapan,ongszeyin"
2808,16374323,"Harsh Patel","2026-07-22 05:30:36",642.2,2,harshpatel1692
2809,16489511,PowerLawsEverywhere,"2026-07-11 13:50:57",642.0,2,powerlawseverywhere
2810,16389409,andmohiko,"2026-06-20 02:06:58",641.9,2,andmohiko
2811,16414066,Guenoir,"2026-07-19 21:51:01",641.9,2,joshuamichael15
2812,16382606,kabik,"2026-06-18 00:35:35",641.8,1,kabikk
2813,16382797,"Gosuke Watanabe","2026-07-21 17:21:18",641.8,2,gosukewatanabe
2814,16407243,SeaEag1e,"2026-06-27 06:54:58",641.7,2,seaeag1e
2815,16515659,Moca,"2026-07-10 08:26:06",641.7,1,mocaluna
2816,16411075,Panoptes,"2026-07-21 12:15:55",641.7,2,brockwright
2817,16473979,"pikap pika pikaa pikachuuuuuuu","2026-07-21 18:15:12",641.6,2,"ansonshek,mayac5,sendodo"
2818,16462942,"Seymour Schmidt","2026-07-03 03:20:40",641.5,1,angrybread
2819,16415413,RosieLi0626,"2026-07-19 23:04:47",641.4,2,rosieli0626
2820,16383961,Paramita,"2026-06-19 15:54:36",641.2,2,paramita82
2821,16379819,"hardik rathod","2026-06-22 06:05:21",641.1,2,hardikrathod001
2822,16487385,"Nikhil Khetani","2026-07-04 22:07:01",641.1,1,nikhilkhetani
2823,16374441,"Finlay Anderson","2026-06-17 01:00:15",641.0,2,finlayanderson
2824,16377539,mands,"2026-06-18 09:09:21",641.0,2,masudashun
2825,16571449,smithhoo,"2026-07-19 17:29:13",640.9,2,smithhoo
2826,16493136,"Rikuto Sawada","2026-07-06 12:20:44",640.9,1,rikutosawada
2827,16376124,"Hale Obernolte","2026-06-18 15:33:00",640.9,2,hobernolte
2828,16376346,yuu2704,"2026-07-10 11:54:29",640.8,2,yuu2704
2829,16443449,Wazowski,"2026-06-30 16:44:10",640.7,2,naoki10
2830,16482388,agedashi_touhu,"2026-07-22 12:07:13",640.6,2,agedashitouhu
2831,16380504,"Tsubasa Kanno","2026-07-04 02:24:39",640.4,2,tsubasatech
2832,16423354,"Mr.Sriram Vaidyanathan","2026-07-19 14:37:01",640.3,2,mrsriramvaidyanathan
2833,16402264,xue1213,"2026-06-23 16:32:56",640.3,2,xue1213
2834,16387788,sukeke,"2026-07-21 05:14:27",640.2,2,sukeke
2835,16392076,EmperorGodking,"2026-07-18 12:54:09",640.1,2,emperorgodking
2836,16382778,"Ken Page","2026-06-27 05:58:38",640.0,2,kenpage
2837,16373303,"anthony mbadiwe ikeme","2026-07-14 01:43:59",639.9,2,anthonymbadiweikeme
2838,16389558,"Yuki Fukamizu","2026-07-21 16:54:37",639.8,2,marketfuka
2839,16410906,"Casey Bennink","2026-06-21 22:40:43",639.7,1,caseybennink
2840,16420864,_vasu_.063,"2026-06-23 12:52:10",639.6,1,vasu063
2841,16376364,TK-1120,"2026-06-21 23:49:37",639.4,2,tk1120
2842,16444968,筒井勝利,"2026-07-10 15:18:28",639.4,2,metauri
2843,16479766,xxhogehogexx,"2026-07-06 22:57:35",639.3,2,xxhogehogexx
2844,16378645,小山佳祐,"2026-06-17 08:34:14",639.3,2,keisukefbr
2845,16379427,DreDree,"2026-06-17 11:32:51",639.3,1,dredree
2846,16494559,sho129,"2026-07-22 13:59:54",639.3,2,sho129
2847,16483504,Skyyy93,"2026-07-10 10:24:57",639.3,2,skyyy93
2848,16382375,"Takumi Hino","2026-06-25 18:38:52",639.1,2,na2mkn
2849,16383304,BuffaloMike,"2026-06-19 15:34:46",638.9,2,buffalomike
2850,16403942,lackmind,"2026-07-15 15:28:08",638.9,2,lackmind
2851,16385763,moe,"2026-06-23 22:25:06",638.8,2,caramoe
2852,16580016,Keisuke_kaggle,"2026-07-21 11:13:56",638.8,1,keisukekaggle
2853,16403838,kabukicho,"2026-06-22 22:03:53",638.7,2,kabukicho
2854,16432931,warabiimu,"2026-06-28 12:47:01",638.7,2,"harunnwaaaa,warabiimu"
2855,16375544,YukiMaitani,"2026-06-17 23:58:19",638.6,1,yukimaitani
2856,16393029,"Tzuchuan Yang","2026-06-19 13:00:24",638.6,1,tzuchuanyang
2857,16375840,わかくさコーン,"2026-07-05 11:23:14",638.5,2,kumakuratomoya
2858,16542313,"Min-Le Su","2026-07-15 23:29:44",638.2,2,minlesu
2859,16388846,"Daisuke Okada","2026-07-07 01:13:45",638.2,2,daisukeokada
2860,16388099,tomokawa,"2026-06-22 22:32:40",638.2,2,tomokawa
2861,16557342,"Yosef Winatmoko","2026-07-17 11:01:05",638.1,1,yosefardhito
2862,16404856,chiri.,"2026-06-27 16:10:46",638.0,2,so10436
2863,16442032,熊本啓汰,"2026-06-27 15:03:59",637.9,2,kuma0707
2864,16418613,"Taito Yoshimura","2026-06-23 12:46:33",637.9,1,taitoyoshimura
2865,16388897,antimaterial,"2026-07-16 14:48:08",637.5,2,"antimaterial,taiya702"
2866,16376497,RED,"2026-06-22 03:59:10",637.5,1,keijitakeshita
2867,16388412,toshizo,"2026-06-22 11:55:31",637.3,2,toshizo
2868,16422207,MEROBO,"2026-06-30 16:55:04",637.3,2,m3robo
2869,16381200,JackChenghao,"2026-06-18 05:29:51",637.2,2,jackchenghao
2870,16395520,oldoty,"2026-06-28 09:11:48",637.2,2,oldoty
2871,16393033,nakonisu,"2026-07-11 08:46:57",637.1,2,weaqy6yjvjxzu
2872,16387852,Fri314,"2026-06-18 10:08:41",637.1,1,fri314
2873,16389973,HirotaSaurus,"2026-07-03 16:53:44",637.0,2,hirotasaurus
2874,16372043,tarou_imokenpi,"2026-06-24 11:36:12",636.9,2,tarousanimo
2875,16443408,"D kameT","2026-07-19 13:46:56",636.8,2,dkamet
2876,16402994,"SHOICHIRO NISHIDA","2026-07-06 01:51:19",636.7,2,shoichironishida
2877,16395174,kaerururu,"2026-06-28 09:02:23",636.6,2,kaerunantoka
2878,16371611,gosu.Kouts,"2026-06-24 00:14:52",636.4,2,gosukouts
2879,16392085,ElephtAI,"2026-07-15 08:26:37",636.4,2,yuchengj
2880,16393970,"Kai Buchmueller","2026-06-19 21:36:26",636.4,1,kaibuchmueller
2881,16375409,nimous,"2026-06-21 06:59:41",636.4,2,nimous
2882,16400372,8KMO,"2026-07-22 13:36:57",636.3,2,yangzhansheng
2883,16380831,coken256kit,"2026-06-20 07:47:03",636.2,2,coken256kit
2884,16408376,NomiBoo,"2026-07-12 06:51:16",636.1,2,nomiboo
2885,16386772,Kawakami,"2026-07-16 08:56:33",636.0,2,raita003
2886,16377030,oggata,"2026-06-17 04:19:31",636.0,1,fumitoshiogataoggata
2887,16400889,cAco3,"2026-06-24 16:42:35",635.9,2,caco3r
2888,16373070,Kaleidoooooo,"2026-06-18 03:58:24",635.9,2,"calvinshi,renjiewei"
2889,16387220,"Keisuke Hirose","2026-06-18 08:32:42",635.9,1,matsuinaoki
2890,16394479,"Jason Anderson","2026-07-16 17:27:50",635.7,2,jander6364
2891,16381981,patamaru,"2026-06-17 14:13:24",635.6,1,patamaru
2892,16471601,N.Takut,"2026-07-03 00:50:57",635.6,2,ntakut
2893,16425691,nishikun,"2026-07-21 17:34:45",635.5,2,nishikun1216
2894,16374915,kevin28gou,"2026-07-05 09:51:30",635.5,2,kevineen
2895,16384882,"Cowboy P","2026-06-25 03:13:18",635.4,2,philipwallis
2896,16377307,"Akifumi Okubo","2026-07-20 19:06:45",635.1,2,paracanthurus
2897,16394132,"Ryohei Matsumoto","2026-06-24 14:10:38",635.1,2,te28matsumoto
2898,16414284,bit_shinon,"2026-07-02 16:34:13",635.0,2,shinn05uke
2899,16392227,matsubarajotaro,"2026-06-23 03:45:01",634.9,1,matsubarajotaro
2900,16419421,williamm,"2026-07-03 09:41:40",634.7,2,williamm7
2901,16445397,スズキケント,"2026-07-22 10:14:20",634.6,2,suzukento
2902,16439519,Jackuang,"2026-07-01 16:45:01",634.6,2,jackuang
2903,16382244,RNA4219,"2026-06-29 12:35:32",634.6,2,ryona0123
2904,16387413,"Ryoma Suzuki","2026-06-18 10:29:13",634.4,1,ry0maggle
2905,16395327,Lemming,"2026-06-19 15:23:02",634.2,1,lemmingy
2906,16411115,G_nuoh,"2026-06-23 06:15:39",634.2,2,gi02coffee
2907,16451454,"Akshay Mathur","2026-07-17 15:31:46",634.0,2,akshaymathur777
2908,16398986,"Hammad Zahid","2026-06-22 06:02:06",634.0,1,hammadansari7
2909,16559390,"Kai Ikuta","2026-07-17 12:41:01",633.7,1,ikkunjyanaika
2910,16452272,Lennox,"2026-07-10 20:25:49",633.7,2,zephyrlennox
2911,16462138,Testete,"2026-07-21 23:51:03",633.5,2,testeteteste
2912,16424506,Wawa_shizuka,"2026-07-20 03:00:22",633.5,2,wawashizuka
2913,16373707,VMelville,"2026-06-21 17:34:31",633.1,2,vmelville
2914,16382154,宮原景信,"2026-06-19 05:01:45",633.0,2,kagenobu
2915,16373205,YAKIIMO3,"2026-06-29 09:30:27",633.0,2,yakiimo3
2916,16534108,"Shuichi Fushimi","2026-07-22 13:26:30",632.9,2,shuichifushimi
2917,16379775,"Ryutaro Murayama","2026-07-06 15:25:55",632.7,2,ryutaromurayama
2918,16406182,FabrizioFedericoni,"2026-06-25 11:17:19",632.6,2,ffedericoni
2919,16377606,"Takuro Abe","2026-06-18 05:48:04",632.5,2,takuroabe
2920,16399564,SAKB,"2026-07-22 07:54:50",632.4,2,"aiko20487,beniiiimon,soyjoy777,usinghtc"
2921,16541408,"Kotaro Yamazaki","2026-07-22 01:30:29",632.3,2,kotoro
2922,16382438,ayaya09,"2026-06-22 09:06:30",632.2,2,ayaya09
2923,16421789,Ryan,"2026-06-23 15:25:07",632.0,1,ryanet
2924,16471075,"William Catt","2026-07-07 14:37:23",632.0,2,willcatt
2925,16385162,STR-PAPA,"2026-06-22 10:15:07",631.8,2,daikikanematsu
2926,16484524,福島広暉,"2026-07-06 04:17:22",631.6,2,kichinoai
2927,16515652,"Mega Dimension Lush","2026-07-10 07:59:02",631.6,1,yukisawa05
2928,16493258,"SongU hah","2026-07-06 08:35:09",631.5,2,songuhah
2929,16384037,inu1234567,"2026-06-19 07:02:32",631.4,2,inu1234567
2930,16437037,Abhinav_Abhinav_the_one,"2026-07-20 17:22:40",631.3,2,abhinavabhinavtheone
2931,16377053,Ushimaru,"2026-07-21 17:04:31",631.3,2,behindkun
2932,16405107,MushaKGL,"2026-06-21 12:58:02",631.3,1,mushakgl
2933,16555299,hirow,"2026-07-20 14:55:24",631.3,2,hiroacjp
2934,16374516,persn,"2026-07-22 12:44:14",631.1,2,joeykerp
2935,16395911,sashimi0402,"2026-06-23 11:41:06",631.0,2,sashimi0402
2936,16398199,"Alex Boyd","2026-06-26 09:49:55",631.0,2,alexrayboyd
2937,16541620,"zzz zzz6789","2026-07-15 13:28:20",630.9,2,zzzzzz6789
2938,16414781,Masaya_SAN,"2026-07-12 17:03:07",630.8,2,"k4eed3,masayasan"
2939,16380825,baudo828,"2026-06-18 14:54:09",630.7,2,baudo828
2940,16558710,"Longzhou Zhang","2026-07-17 10:30:14",630.7,2,scottishere
2941,16501011,runa,"2026-07-07 14:28:33",630.6,1,runa1212
2942,16372445,ADS,"2026-07-21 13:31:19",630.5,2,hiro0920
2943,16425970,"Nicolai Karcher","2026-06-26 20:42:21",630.4,2,pejophylo
2944,16401285,"Yusei Sakagami","2026-06-22 15:01:00",630.4,2,yuseisakagami
2945,16377979,チーム魔剤,"2026-07-17 15:59:59",630.4,2,"kkubokawa,masugonn,momonaka"
2946,16450311,🫣🤧,"2026-07-22 09:37:59",630.4,2,sinkingpoint
2947,16379802,Kiyo-Dai,"2026-07-22 08:27:33",630.4,2,k1yoda1
2948,16432706,nnadrian,"2026-06-29 22:07:39",630.3,2,nnadrian
2949,16380828,フクフク,"2026-06-30 09:54:43",630.1,2,hukuhukuchandayo
2950,16375597,"Muhammad Ibrahim Qasmi","2026-06-19 19:50:55",629.8,2,ibrahimqasimi
2951,16376382,Obvio7,"2026-07-13 08:13:25",629.8,2,obvio7
2952,16382548,"ToMY F.","2026-07-21 15:48:20",629.7,2,tomyfdev
2953,16377107,cp11122,"2026-07-20 15:21:47",629.6,2,cp11122
2954,16393128,TTITIM,"2026-06-21 03:27:46",629.5,2,ttitim
2955,16437309,Jeon,"2026-07-06 05:55:40",629.5,2,jjeonst
2956,16380888,"yato higa","2026-07-18 14:36:56",629.4,2,yatohiga
2957,16410394,Allgea,"2026-07-19 08:01:43",629.3,2,allgae
2958,16376264,抹茶ラテ,"2026-07-16 03:34:27",629.2,2,matchalatte123
2959,16384578,eierapfelxx&OYAMA,"2026-07-21 03:15:55",629.1,2,"eierapfelxx,oyama001"
2960,16484829,Mtnkkit,"2026-07-04 07:15:00",628.8,1,mtnkkit
2961,16411094,シュテファン,"2026-07-22 13:33:31",628.8,2,stephanmatzke
2962,16399701,Noir,"2026-07-03 00:09:01",628.7,2,nuitnoir
2963,16382928,kuu🍣,"2026-06-28 16:55:16",628.7,2,fumiyakume
2964,16560485,"Venkatakrishnan R","2026-07-18 17:22:22",628.7,2,vk2003
2965,16410915,dacho,"2026-07-04 17:36:16",628.4,2,slothcafe
2966,16373654,"カツラギ シン","2026-06-18 08:43:54",628.1,2,nqxw1kqw
2967,16371979,"Natalia Jaśkowska","2026-06-25 13:38:45",628.1,2,nataliajakowska
2968,16381292,makosukepapa,"2026-06-25 05:15:32",628.1,2,makosukepapa
2969,16494153,たたたた,"2026-07-21 06:55:42",628.0,2,"miran0313,suzumaru1666,tatatata1111"
2970,16377403,"Sumant V J","2026-06-28 04:03:30",628.0,2,sumantvj
2971,16389721,"Kazuma Mori","2026-07-21 02:37:09",627.9,2,mk7wx3
2972,16455555,"Ryuuji Yoshinaga","2026-07-02 11:23:44",627.9,1,ryuujiyoshinaga
2973,16387416,ryopulse,"2026-06-23 09:12:53",627.8,2,ryopulse
2974,16406858,BinomialSheep,"2026-06-27 20:28:55",627.7,2,binomialsheep
2975,16386868,yuki-yukiii,"2026-06-18 09:48:43",627.6,1,yukiyukiii
2976,16378992,rlpokemon,"2026-07-03 08:09:31",627.5,2,taurids
2977,16375654,REi0077,"2026-07-20 05:51:04",627.5,2,rei0077
2978,16535742,"Duru Dökmen","2026-07-15 20:00:31",627.5,2,ddurino
2979,16401654,Atamol,"2026-07-05 16:20:55",627.4,2,"atamol,ru0719"
2980,16377191,LaiCxm,"2026-07-22 07:16:00",627.4,2,laicxm
2981,16448901,"Theodore Bennett","2026-07-18 10:56:29",627.2,2,sayidl
2982,16443310,hacotowha,"2026-07-22 13:18:05",626.9,2,hacotowha
2983,16371677,TMiki,"2026-06-27 10:59:41",626.7,2,tomohiromiki
2984,16385515,"Shiro Sugawa","2026-06-18 05:55:24",626.6,1,shirosugawa
2985,16408517,nitoyon,"2026-06-21 14:24:12",626.6,1,nitoyon
2986,16377095,miura-iori,"2026-06-26 06:25:49",626.4,2,miuraiori
2987,16433171,Zarkys,"2026-07-19 05:39:54",626.4,2,zarkys
2988,16505377,jkatdare,"2026-07-21 14:01:00",626.2,2,jkatdare
2989,16435269,Blu3s,"2026-07-17 21:46:16",626.2,2,atteincueo
2990,16391027,POGINATORS,"2026-07-02 17:38:23",626.2,1,"arknnnnnnnnnn,kartikeyasawhney,shreyaanbhat"
2991,16386085,KodaiKatayama,"2026-06-18 05:34:57",626.1,1,kodaikatayama
2992,16448114,"Gregers Rygg","2026-07-21 12:01:44",626.0,2,gregersrygg
2993,16380692,ささきん,"2026-06-26 22:34:06",626.0,2,sasakin
2994,16432704,永谷宏介,"2026-06-25 11:58:14",626.0,1,nkohsuke
2995,16498504,"Overfitted Onix","2026-07-08 14:12:39",626.0,2,"anusmitaroytech,terminaljoint"
2996,16558418,すりーぴんぐ,"2026-07-22 11:06:17",626.0,2,nakamurararara
2997,16380242,Nullx2,"2026-06-25 12:31:46",625.9,2,jack3low
2998,16495007,winstonton,"2026-07-09 15:38:17",625.9,2,winstonton
2999,16411779,"Kawamura Shoma","2026-06-22 04:19:21",625.7,1,kawamurashoma
3000,16381373,Fuzoku,"2026-07-22 01:10:37",625.6,2,"kento28,kobuyaki,musyokutoumei,tsuna28427"
3001,16433114,TakamaruEX,"2026-07-22 13:09:32",625.6,2,takamaruex
3002,16500402,じやない,"2026-07-07 12:53:48",625.5,2,nairen0402
3003,16379315,"Ryounosuke Kouriki","2026-06-17 09:37:13",625.4,2,ryounosukekouriki
3004,16414861,Wellch,"2026-06-22 14:21:46",625.4,1,wellch
3005,16443800,"Adam Conan","2026-07-05 15:04:31",625.2,2,adamconan
3006,16574408,"Yuma Eto","2026-07-20 08:53:41",625.1,1,yumaeto
3007,16393588,saku_tohoku,"2026-07-11 06:54:40",625.1,2,sakutohoku
3008,16441492,"Hiroyasu Okuno","2026-07-11 02:59:12",624.9,2,hiroyasuokuno
3009,16403408,meteoru,"2026-06-20 17:40:03",624.9,1,meteoru
3010,16514925,LPNG,"2026-07-12 12:56:47",624.8,2,pibrizo
3011,16384249,"Stanislaus Dusek","2026-06-18 11:35:55",624.7,2,stanislausdusek
3012,16377537,Neko,"2026-06-27 02:22:40",624.5,2,neko7sora
3013,16542101,AryaT,"2026-07-14 17:10:28",624.5,2,aryamachinelearning
3014,16380459,ytkaggleSyan,"2026-06-24 10:50:33",624.3,1,"shilatch,ytkagglesyan"
3015,16486024,"k hakuri","2026-07-12 23:29:18",624.2,2,"hasakit,khakuri"
3016,16391965,Ras,"2026-06-25 02:29:28",624.2,2,charlescocherl
3017,16388403,ゆしりめ,"2026-06-18 11:57:10",624.0,1,yuthirime
3018,16375373,owaowata,"2026-06-22 15:00:21",624.0,2,owaowata
3019,16448353,HaruFu,"2026-06-29 12:47:04",623.8,1,harufu
3020,16530249,"Xiaoqing Su","2026-07-16 11:54:22",623.7,2,xiaoqingsu99
3021,16386691,nomal_sheep,"2026-06-18 06:32:55",623.3,1,nomalsheep
3022,16383408,Prism,"2026-07-21 01:44:23",623.2,2,"ghostnoir,heerakkim"
3023,16373583,"Pokemon Garı Gacıyo","2026-07-12 12:13:15",623.1,2,"ahmedberatozer,alperen5252525,baranakyldz,seyitkaangunes"
3024,16399502,KuboiYusuke,"2026-07-04 04:43:15",623.1,2,kuboiyusuke
3025,16385213,mizoi,"2026-07-16 07:59:21",622.9,2,mizoijin
3026,16376152,hookbook,"2026-07-01 02:57:19",622.8,2,hookbook
3027,16420836,b13902103_yuhung94,"2026-07-02 04:06:20",622.8,2,yuhung94
3028,16385520,aosi123,"2026-07-15 01:21:53",622.7,2,aosiai123
3029,16375529,"Yohei Moriyasu","2026-07-08 04:08:55",622.7,1,yoheiyohe
3030,16395891,"yugen louis","2026-07-16 18:14:02",622.7,2,yugenlouis
3031,16543335,svackle,"2026-07-18 18:21:41",622.6,2,svackle
3032,16501690,TQL,"2026-07-12 15:11:15",622.6,2,"guillerlt,martnquesadazaragoza"
3033,16373912,Shun,"2026-07-22 13:08:28",622.5,2,shunchan0677
3034,16472060,Pyouneetm,"2026-07-20 18:51:59",622.5,2,pyouneetm
3035,16381537,"Takumu Hata","2026-07-18 13:59:42",622.4,2,takumuhata
3036,16379617,nabepoke,"2026-06-18 06:41:00",622.3,2,nabepoke
3037,16374190,"aa mujou","2026-06-18 08:39:22",622.2,2,aamujou
3038,16427756,solle,"2026-06-24 13:40:00",622.2,1,solle458
3039,16515399,Hungchien,"2026-07-16 05:23:11",622.1,1,hungchienpter
3040,16515665,"The Fool","2026-07-10 08:09:42",622.0,1,soushi0642
3041,16397498,Pumpkin@Pokeca,"2026-06-29 06:02:17",621.9,1,pumpkinpokeca
3042,16385391,ぽいぽいスプラッシュ,"2026-06-21 07:16:31",621.9,1,"bamutaro,sayu1201"
3043,16481749,"sato mozuku","2026-07-03 12:49:31",621.9,1,satomozuku
3044,16381511,piska,"2026-07-20 02:47:21",621.7,2,piskasavi
3045,16374247,"Ingyun Ahn","2026-07-22 06:14:46",621.5,2,ingyunahn
3046,16495596,Pointseal,"2026-07-21 03:17:55",621.5,1,pointseal
3047,16383933,namachiya,"2026-06-17 19:35:16",621.5,1,namachiya
3048,16395851,ningeeen,"2026-06-24 12:53:24",621.5,1,"kurogoma999,ningeeen"
3049,16376868,yuuuki1111,"2026-07-22 07:28:18",621.4,2,yuuuki1111
3050,16386316,"Ben Xiao","2026-07-04 06:49:51",621.3,1,speccra
3051,16410503,"Fran Milla","2026-07-11 17:28:50",621.1,2,franmillaab
3052,16406657,"Kana Yamaguchi","2026-06-23 02:46:25",621.0,2,kanayamaguchi
3053,16375816,shibachan,"2026-06-19 14:15:59",620.9,2,shibachan
3054,16534334,...,"2026-07-16 07:32:52",620.8,2,shackles6966
3055,16426945,ayasse,"2026-06-24 13:06:43",620.8,1,ayasse
3056,16411660,Kota000,"2026-07-19 16:31:24",620.7,2,"kota000,nyantama0526"
3057,16431613,"Rijul Gupta","2026-06-25 21:16:57",620.6,2,rijulgupta
3058,16407118,choku777,"2026-06-25 08:14:32",620.5,2,choku777
3059,16377242,domkade,"2026-06-19 12:03:38",620.5,1,domkade
3060,16372916,Ichigo_E,"2026-07-05 01:16:38",620.4,2,ichigoe
3061,16438316,cyan32,"2026-07-01 12:43:51",620.2,2,cyan32
3062,16464938,Xyrhen,"2026-07-21 07:16:29",620.2,2,enriquelpeztorres
3063,16406840,"K MATSUI","2026-06-21 09:56:59",620.2,1,kmatsi
3064,16373952,"Sol Rogers","2026-06-28 02:05:22",620.1,2,solrogers
3065,16479959,TAKAHIROooOO,"2026-07-03 05:36:02",620.1,1,takahirooooo
3066,16386071,R.Kaikura,"2026-06-18 09:05:07",620.1,1,higodm2
3067,16382081,OchiAI820,"2026-07-16 14:42:57",620.1,2,"dasoku,ochiai820"
3068,16408194,irontomato,"2026-06-21 13:57:25",620.1,1,irontomato
3069,16411955,"NAKANISHI Yoshiaki","2026-06-22 05:54:52",620.0,1,nakanishiyoshiaki
3070,16490235,PiotrKley,"2026-07-05 14:44:49",620.0,1,piotrkley
3071,16388842,"Thomas Semczyszyn","2026-06-23 01:56:21",619.9,2,thomassemczyszyn
3072,16380070,Limo,"2026-06-21 15:30:12",619.9,2,kotodama
3073,16380576,takanori-suzuki-desu,"2026-06-21 12:12:54",619.8,2,takanorisuzukidesu
3074,16393213,Lonnie,"2026-06-22 06:08:36",619.6,1,lonnieqin
3075,16377691,Akanashi,"2026-06-17 15:34:51",619.6,1,akanashi
3076,16410455,"Dillen Perumal","2026-07-04 01:27:14",619.5,1,dxllen
3077,16380934,muko,"2026-06-25 06:09:59",619.5,2,mukocha
3078,16481113,user_san,"2026-07-20 03:21:33",619.5,2,usersan
3079,16531626,"Chenxi Zhao21","2026-07-14 07:36:34",619.4,2,chenxizhao21
3080,16408496,"Yosuke Yamaji","2026-06-21 14:48:55",619.4,1,yosukeyamaji
3081,16387950,"KAI JP","2026-07-19 00:29:43",619.4,2,trikai
3082,16384528,"Rafael Montañez","2026-06-19 15:30:46",619.3,2,rafaelmontaez
3083,16378303,suh-sunaneko,"2026-06-17 08:01:21",619.1,2,suhsunaneko
3084,16378648,"Andrew Daniels","2026-06-17 10:36:51",619.0,2,andrewdanielsaus
3085,16402239,hinata1119,"2026-06-20 13:37:02",619.0,1,hinatafukasaku
3086,16381491,"Yuh Kim","2026-06-17 12:55:04",619.0,1,yuhkim
3087,16426658,Roo333,"2026-07-22 04:37:05",618.9,2,roo333
3088,16380183,Lesiu,"2026-06-24 23:56:44",618.7,2,klesik
3089,16395111,dararu,"2026-07-14 23:04:48",618.6,2,vochicong
3090,16389642,MSGG411,"2026-07-11 09:23:53",618.4,2,msgg411
3091,16397200,cata,"2026-06-19 23:51:01",618.4,1,adgjmptw1324
3092,16401393,amokun,"2026-07-16 01:34:56",618.2,2,amokun
3093,16417304,tyindolent,"2026-07-10 08:47:02",618.1,2,tyindolent
3094,16417069,TimmyX,"2026-07-13 16:13:39",618.0,2,timmyx
3095,16373934,graybackcat,"2026-07-06 05:34:50",617.9,2,graybackcat
3096,16375082,CaRuff,"2026-06-18 19:54:34",617.7,2,caruff
3097,16436336,Foxyone,"2026-06-26 05:56:48",617.4,1,foxyone
3098,16386255,からし,"2026-06-21 06:49:49",617.3,2,karax66
3099,16490041,EspeonGO,"2026-07-05 12:54:00",617.2,1,ekayhwang
3100,16414646,"One Move Ahead","2026-07-15 07:13:48",617.2,2,mikeintokyo
3101,16491705,ArslanAbdallah,"2026-07-05 21:20:05",617.2,2,arslanabdallah
3102,16391619,"Edwin Ho","2026-06-19 04:29:10",617.1,1,edwinho555
3103,16372630,"Yohei Kobashi","2026-07-17 10:13:27",617.1,2,yoheikobashi1980
3104,16419890,"Super Mippo","2026-07-02 10:35:06",616.9,2,supermippo
3105,16541652,"Cutest butt Ive ever had","2026-07-14 05:36:53",616.9,1,qurm96
3106,16511634,"Otter Vibe","2026-07-22 12:41:38",616.7,2,gyuminsong
3107,16489533,crescent15,"2026-07-05 10:15:22",616.7,1,crescent15
3108,16422267,"Stef Limited","2026-07-02 22:24:18",616.7,2,steflimited
3109,16383808,TK0227,"2026-06-18 16:51:11",616.7,1,tk0227
3110,16382502,yuta_muds,"2026-06-17 15:58:55",616.5,2,yutamuds
3111,16412446,Jack12xl,"2026-06-26 11:24:58",616.5,2,jack12xl
3112,16425048,渡辺光洋,"2026-06-27 00:56:38",616.2,2,koyokoyo72
3113,16558678,Kilupy,"2026-07-22 13:28:10",616.2,2,kilupy
3114,16379805,keisuketsukagoshi,"2026-06-21 11:55:35",616.2,2,ktsukago
3115,16387935,Kento_1938,"2026-07-03 02:34:18",616.1,2,kento1938
3116,16377190,mochamocha_Y,"2026-07-05 09:27:02",616.0,2,mochamochay
3117,16373503,Pensuke,"2026-07-14 12:44:03",616.0,2,"pensukecube,rintarokoide"
3118,16417933,Denki39,"2026-06-24 01:53:03",616.0,2,noctsyndrome
3119,16392919,"kiwi apple","2026-07-04 04:30:59",615.8,2,kiwiapple
3120,16381201,しゃけた,"2026-06-21 22:53:51",615.6,1,syaketa
3121,16409547,"Kauê Cezário Cunha","2026-07-19 00:00:16",615.6,2,kaucezriocunha
3122,16542616,LearningToday,"2026-07-21 21:35:09",615.4,2,learningtoday
3123,16558193,"Nishant Dahal","2026-07-22 04:23:08",615.4,2,nishantdahal
3124,16378807,negi-develop,"2026-07-08 09:46:23",615.4,2,negidevelop
3125,16451588,チャーハン,"2026-07-05 08:30:39",615.4,2,almach76
3126,16443295,"Pocket Arena","2026-07-22 13:18:46",615.3,2,chikaraueta
3127,16511046,SoundSourceSeparation,"2026-07-22 11:26:46",615.3,2,"kinoryo,onoryosuke,ryunosuke0000,zawazawako"
3128,16411822,"Aditya Palit","2026-07-18 15:28:22",615.2,2,epicvstuff
3129,16393428,bambi_create,"2026-06-26 03:31:43",615.1,2,bambicreate
3130,16555483,Brianhk,"2026-07-17 17:38:08",615.0,2,brianhk
3131,16378737,"yusuke emoto","2026-07-02 10:19:37",614.8,2,yusukeemoto
3132,16584176,RonKovic,"2026-07-22 11:20:33",614.8,2,ronkovic
3133,16513546,EUGENEYEUNG,"2026-07-22 04:37:39",614.8,2,eugeneyeung
3134,16531745,"Chonghao Peng","2026-07-21 11:31:38",614.6,2,chonghaopeng
3135,16373619,"Tae Shin","2026-06-18 14:51:00",614.6,2,taeshin
3136,16545151,"Energy Attached","2026-07-15 01:57:09",614.6,2,xuebingui
3137,16479799,"Kavin Thakur KM","2026-07-03 18:44:56",614.5,2,kavinthakurkm
3138,16378846,"Prify Philip","2026-06-20 12:54:40",614.0,2,amchuz
3139,16386353,"村松 大介","2026-07-01 21:50:46",613.8,2,nattoucurry
3140,16381362,Brian,"2026-07-22 02:18:59",613.5,2,brian1981
3141,16385418,チームサティスファクション,"2026-07-21 00:04:01",613.4,2,"kopetan,yuuhaya"
3142,16403723,"Djenk Ivanov","2026-06-24 17:30:22",613.4,1,djenkivanov
3143,16473544,kaba777,"2026-07-22 11:29:23",613.3,2,kaba777
3144,16408617,h0jicha,"2026-07-14 19:51:03",613.1,2,h0jicha
3145,16458803,Pablo,"2026-07-16 15:54:22",613.1,2,dauriel
3146,16394351,"Momotaro YAMADA","2026-06-24 16:35:59",613.0,2,"momotaroyamada,tsudowatanabe"
3147,16382934,dyuan311,"2026-07-09 19:40:23",613.0,2,dyuan311
3148,16381188,SUN,"2026-06-23 17:20:57",612.9,2,taiyohosokawa
3149,16381567,peacemonkey,"2026-06-17 18:35:52",612.8,2,peacemonkey
3150,16385544,CourtB559,"2026-06-21 19:49:47",612.8,2,courtb559
3151,16465821,"hiromu matsukiyo","2026-07-02 14:04:27",612.8,2,hiromumatsukiyo
3152,16441395,PaShm,"2026-07-15 13:55:24",612.4,2,sugaishun
3153,16404953,Kouto,"2026-07-19 05:28:20",612.3,2,koutokouto
3154,16392308,"yosuke kurosu","2026-06-19 03:08:07",612.3,1,noblacknolife
3155,16459966,opavinia,"2026-07-08 12:32:24",612.0,2,opavinia
3156,16464897,Med.T,"2026-07-16 09:39:28",612.0,2,toutamohamed
3157,16386593,inarikujirawanko,"2026-07-03 16:29:20",611.9,2,"k2wanko,kujirachan,kukoinari"
3158,16388698,ItsukiYamamoto,"2026-06-21 01:34:59",611.9,1,takotopusu
3159,16389916,"Hiroshi Ikeda","2026-06-18 17:38:05",611.8,1,hiroshiikeda314
3160,16391961,"Haruya Tanaka","2026-07-14 05:02:50",611.8,2,haruyatanaka
3161,16377483,箕面からこんにちわ,"2026-06-18 03:10:41",611.7,1,mamoruch
3162,16405045,"half pizza","2026-06-23 13:15:29",611.5,2,halfpizza
3163,16561585,みちひろ,"2026-07-18 10:02:56",611.3,2,michi67
3164,16440905,ahawd,"2026-06-27 03:05:56",611.3,2,wd2314
3165,16393041,DeepMew,"2026-07-17 17:10:42",611.2,2,yuushasama
3166,16386416,"YOSHI SHIRA","2026-06-18 05:30:16",611.2,1,yoshishira
3167,16380903,nekobo,"2026-06-29 15:20:32",611.1,1,nekobo
3168,16556820,"what peter","2026-07-21 12:50:26",611.1,2,"whatpeter,yangzekai06"
3169,16372299,YYma1201,"2026-07-17 04:33:28",611.1,2,yyma1201
3170,16399780,Mokuron01,"2026-06-20 08:21:38",611.0,1,ao072101
3171,16428771,uma.k42.mr,"2026-07-05 18:36:44",610.8,2,umak42mr
3172,16408013,Hayhay2323,"2026-07-06 00:12:21",610.8,2,hayhay2323
3173,16394302,nugui-nugui,"2026-06-19 12:28:53",610.7,1,nuguinugui
3174,16371519,"Дворкин Евгений Владимирович","2026-07-12 12:22:32",610.6,2,evgendvorkin
3175,16420976,"Semih Işık","2026-06-25 14:46:31",610.6,2,semihik
3176,16398189,GS,"2026-06-21 06:29:18",610.5,2,gaisuzuki
3177,16371915,nun,"2026-07-11 04:43:14",610.3,2,ayumusaito
3178,16450857,Par_Kahe,"2026-06-29 11:32:10",610.2,1,parkahe
3179,16382768,tanitou,"2026-06-23 03:02:15",610.2,2,tanitou
3180,16464066,Locomorange,"2026-07-09 09:59:13",610.2,2,locomorange
3181,16400852,testuser,"2026-06-21 06:50:33",610.2,1,kazuhiro494949
3182,16381500,yomogi221,"2026-06-17 12:56:21",610.2,1,yomogi221
3183,16538979,tngmb08,"2026-07-16 13:55:29",610.2,2,tngmb08
3184,16402199,himatani,"2026-07-21 17:38:40",610.1,2,himatani
3185,16385817,"M Sato","2026-06-20 09:27:21",610.1,1,masasato1999
3186,16402527,oimo_tabetai,"2026-06-20 14:12:14",610.0,1,oimotabetai
3187,16381843,岸本蒼唯,"2026-06-17 13:55:07",609.9,1,kazzhead
3188,16570030,"Hajime Ogawa","2026-07-20 06:46:23",609.9,1,hajimeogawa
3189,16383533,"Shigeru Kondou","2026-07-14 23:37:55",609.8,2,shigerukondou
3190,16378332,"Sweta Jain","2026-06-21 06:22:24",609.7,2,swetajain04
3191,16375808,ITK8191,"2026-06-19 19:21:19",609.7,1,itsuki9180
3192,16379435,chenyZan,"2026-06-17 13:00:19",609.7,2,chenyzan
3193,16381096,sender1999,"2026-07-14 17:31:02",609.7,2,"mksmks11,sender1999"
3194,16397273,maaggle,"2026-06-24 12:16:19",609.6,2,maaggle
3195,16373599,Thomas,"2026-07-15 02:02:59",609.5,2,tommurakami
3196,16404564,"Juan Zapata","2026-07-22 03:58:17",609.3,2,donjuanz
3197,16382750,"Ats Kubo","2026-06-21 01:17:14",609.3,2,atskubo
3198,16379071,haru0707,"2026-06-18 10:04:24",609.3,2,haru0707
3199,16546694,xiaowang,"2026-07-16 21:21:15",609.0,2,wanshitong
3200,16383118,pokemob,"2026-06-22 11:55:23",609.0,2,pokemob
3201,16489688,GauravKr23,"2026-07-13 21:06:02",609.0,2,gauravkr23
3202,16433330,capella,"2026-07-05 08:46:53",608.8,2,capella007
3203,16404283,"Joshua Magady","2026-06-26 04:24:40",608.8,2,jmagady
3204,16389040,Athar,"2026-06-21 06:28:22",608.7,2,kruuze
3205,16380804,"YUSEI SAKAI","2026-06-17 12:52:17",608.6,2,yuseisakai
3206,16437824,"Nikodem Kuliś","2026-06-27 09:31:13",608.6,1,nikodemkuli
3207,16578316,TTT,"2026-07-21 07:36:44",608.5,1,tadahiroasami
3208,16386410,Heros,"2026-07-03 16:10:28",608.4,2,hero16masa
3209,16514807,"Kobayashi Sena","2026-07-14 00:54:42",608.4,1,kobayashisena
3210,16376358,"PKMN Trainers L & Brando","2026-07-10 05:14:09",608.1,2,"brandondong275,lavanvivekanandasar"
3211,16380166,"satoshi rizard","2026-06-22 16:04:12",607.9,2,satoshirizard
3212,16376334,Janglish,"2026-07-22 04:31:15",607.9,2,janglish
3213,16388132,"Mrutyunjay Joshi","2026-06-18 10:34:25",607.9,1,mrutyunjayjoshi
3214,16403396,ihiratch,"2026-07-09 14:51:37",607.5,1,ihiratch
3215,16378188,midnq,"2026-06-20 18:39:56",607.5,2,midnqly
3216,16464458,"Ishizue Lab","2026-07-21 08:26:39",607.4,2,ishizuelab
3217,16376536,Utakata-SciFi,"2026-06-21 20:30:16",607.4,2,koarunozue
3218,16410994,whitness00,"2026-07-20 18:00:45",607.0,2,whitness00
3219,16406302,"Numa x Numa","2026-07-21 12:28:10",606.6,2,numaxnuma
3220,16373829,knshnb,"2026-06-22 15:23:06",606.4,2,knshnb
3221,16413061,"Masashi Oohira","2026-07-22 13:02:28",606.4,2,masashioohira
3222,16412653,ホテルくましい,"2026-06-22 07:19:21",606.4,1,kumasshii
3223,16373763,Tensa.bit,"2026-06-21 18:59:50",606.3,2,tensabit
3224,16395027,Sophie555,"2026-07-22 12:12:36",606.1,2,sophie555
3225,16385669,Soragaki,"2026-07-21 04:14:59",606.1,2,chaikila
3226,16428730,"Douglas Winston","2026-06-25 02:41:01",605.8,1,douglaswinstonr
3227,16399970,"Tomohide N","2026-06-20 07:56:49",605.7,1,tomohiden
3228,16421669,ichitaro3,"2026-07-21 18:21:09",605.6,2,"ichitaro3,joldge,kazumasatakahashi,nao1nao"
3229,16400190,"yuki jyono","2026-07-04 06:22:09",605.5,2,yukijyono
3230,16403618,"TomTom Taylor","2026-07-13 06:17:13",605.5,2,tomtomtaylor
3231,16377502,chinaq,"2026-06-24 03:32:09",605.5,2,chinaq
3232,16382493,RyotaNakajima,"2026-06-17 16:11:13",605.3,1,ryotanakajimazzz
3233,16416889,nescence,"2026-06-24 05:24:58",605.3,1,nescence0
3234,16378076,mogura2.0,"2026-07-22 07:49:24",605.2,2,mogura20
3235,16381625,podenco,"2026-06-17 15:08:18",605.2,2,podenco
3236,16387314,"Rojiura Studio","2026-06-20 06:19:55",605.1,2,yusukenamai
3237,16410711,"Michael Candrian","2026-07-06 17:59:16",605.1,2,michaelcandrian
3238,16403917,Hidaka,"2026-06-21 05:47:20",605.0,1,hidakatsubasa
3239,16470612,"Jack Wallace","2026-07-10 13:30:04",604.9,2,jackwallace95
3240,16385656,MichaelJKnowles,"2026-06-28 01:23:21",604.9,1,mjknowles
3241,16551297,"Ryan Adams","2026-07-22 01:03:17",604.8,2,ryanadamsai
3242,16381882,!!,"2026-07-21 16:36:18",604.8,2,nightdeer2017
3243,16386264,みちみちすたーきんぴか,"2026-06-20 05:39:37",604.8,1,"mtmt777,nekinova"
3244,16416307,RuiFSPinto,"2026-07-22 13:01:53",604.8,2,ruifspinto
3245,16491957,"ok method","2026-07-11 07:59:44",604.7,2,okmethod
3246,16411649,Arata,"2026-07-06 04:04:17",604.6,2,resnext
3247,16434164,Cotini,"2026-07-22 04:39:51",604.5,2,marconyxd
3248,16397781,watawata_user,"2026-07-05 15:18:21",604.5,2,watawatauser
3249,16504008,edmnnd,"2026-07-19 18:26:02",604.4,2,edmnnd
3250,16402341,I'mAI0320,"2026-06-28 12:54:14",604.4,2,imai0320
3251,16376229,eryu1225,"2026-06-21 04:52:04",604.4,2,eryu1225
3252,16373881,Chunibyo,"2026-07-03 12:53:33",604.3,2,chunibyo
3253,16401132,kanadomekei,"2026-06-27 03:31:31",604.3,2,kanadomekei
3254,16483066,yayayabebe,"2026-07-18 21:31:49",604.2,2,yayayabebe
3255,16537481,topabaem,"2026-07-16 05:09:46",604.0,2,topabaem
3256,16459396,LingLingToshite,"2026-07-22 12:57:43",603.8,2,lingtoshitehiroki
3257,16372296,"Toshiaki Satsuma","2026-07-21 05:37:04",603.8,2,toshiakisatsuma
3258,16377595,Mark`n,"2026-06-17 06:06:14",603.7,2,masarusanada
3259,16377265,"Takeo Mitsumoto","2026-06-17 13:23:01",603.7,1,takeomitsumoto
3260,16376107,Zscorpio,"2026-07-21 06:06:42",603.6,2,seayoung1112
3261,16576856,TMDURO,"2026-07-22 12:39:22",603.6,2,motohirofujiwara
3262,16371627,laddaL,"2026-07-20 04:59:12",603.4,2,"fumin325,hayato240,kotabrog,locol23,tkitagaw"
3263,16391763,"Saito kazuki","2026-06-28 16:08:53",603.1,2,saitooookazzooo
3264,16484000,atsu33,"2026-07-17 01:14:17",602.9,2,atsu33
3265,16373672,Yamadai,"2026-06-18 06:02:36",602.8,2,yamamotodaiki00
3266,16380846,"Farigiraf Stats","2026-07-18 06:15:46",602.7,2,"andyferraris,arckaynine,goldenladybug,jellyghost"
3267,16391335,"Paul Lockett","2026-06-24 15:45:05",602.7,2,paullockett
3268,16399878,sol12378,"2026-07-04 15:06:56",602.6,2,sol12378
3269,16397600,dddmd,"2026-07-20 11:30:09",602.5,2,dddmdd
3270,16436991,"Kirill Krasikov","2026-07-22 00:50:00",602.4,2,kkrasikov
3271,16379720,"Occult Lab","2026-07-07 11:43:41",602.3,2,ryojikato
3272,16383317,どんぐりん,"2026-07-02 20:41:32",602.2,2,"dongurin,soh2626"
3273,16371414,"PRANAY MANE ","2026-06-27 02:53:20",602.1,2,mpranay53
3274,16440968,"Chris Dalzell","2026-07-22 01:11:05",602.1,2,cdalzell
3275,16473275,Chrismaghuhn,"2026-07-15 16:45:18",602.1,2,chrismaghuhn
3276,16397501,"The Malaysia Peas","2026-07-21 17:19:00",602.1,2,"aenjicinquleur,alvintangwj,nemesiscy,tommytie"
3277,16433831,SIGOTO,"2026-07-10 14:09:51",602.0,2,sigoto
3278,16439198,"Can Kural","2026-07-20 13:03:55",602.0,2,kamocan
3279,16387790,foooota,"2026-07-06 08:11:23",601.9,2,toshizodev
3280,16384194,"Yohei Nakajima","2026-06-27 14:20:18",601.9,2,theyohei
3281,16555683,"joji yanagii","2026-07-16 15:20:18",601.9,1,jojiyanagii
3282,16433283,"Henrique Mancini Castilho","2026-06-25 20:41:30",601.8,2,sharshock
3283,16384726,しょーへー,"2026-06-24 22:51:39",601.8,2,shohei0510
3284,16408985,"hiroki kameyama","2026-06-23 14:17:40",601.6,2,hirokikameyama
3285,16377622,bigwave2,"2026-06-17 11:42:27",601.6,1,bigwave2
3286,16395157,"Eesh saxena","2026-06-21 04:21:06",601.4,2,eeshsaxena
3287,16392736,"Hiroki Koga","2026-07-13 04:48:43",601.4,2,hirokidal
3288,16409235,jiku0730,"2026-07-02 17:15:06",601.4,2,jiku0730
3289,16552229,"Pranshu Bahadur","2026-07-17 11:10:51",601.2,1,pranshubahadur
3290,16449837,ShadowCoder,"2026-07-15 06:49:03",601.2,2,fondrose
3291,16479649,GACWR,"2026-07-21 04:11:29",601.1,2,jovonni
3292,16402531,"Tsubasa Hirose","2026-06-20 14:47:55",600.9,2,tsubasahirose
3293,16460694,"Achal Jain","2026-07-21 19:45:09",600.7,2,achaljain232
3294,16374801,ZEZE,"2026-07-16 03:48:53",600.7,2,"danielcecim,joovitorpires"
3295,16387163,"Konno Ryoya","2026-07-07 12:11:33",600.6,2,konnoryoya
3296,16387589,tanukichi36,"2026-07-05 23:04:15",600.5,2,tanukichi36
3297,16559682,oftitzhi,"2026-07-22 07:06:04",600.5,2,oftitzhi
3298,16373616,IndigoPlateau,"2026-07-11 01:43:11",600.3,2,"abefukasawa,lucasmiura"
3299,16408051,ruten,"2026-06-21 15:36:12",600.3,1,daisukemiyoshi
3300,16549561,"LI KAI","2026-07-16 08:00:55",600.3,2,jimoyanhua
3301,16384216,atpmara,"2026-06-19 05:19:09",600.2,2,atpmara
3302,16532844,p00pyd00py,"2026-07-14 18:12:56",600.0,2,p00pyd00py
3303,16514960,YuPengCao,"2026-07-22 14:04:37",600.0,2,yupengcao111
3304,16394599,clora,"2026-07-22 14:05:28",600.0,2,clora16
3305,16534061,sota1111,"2026-07-22 14:07:30",600.0,2,sota1111
3306,16392990,"Kou Nishioka","2026-07-17 02:02:15",599.8,2,kounishioka
3307,16411382,東アジアフォレストリバー探検隊,"2026-06-25 09:07:54",599.7,2,jumpeitsujimoto
3308,16536261,ryoga,"2026-07-12 18:34:15",599.6,1,ryoga27
3309,16440818,twakaiki,"2026-07-09 09:10:45",599.5,2,bassahosi
3310,16501332,"Pikachu へ(●´︿｀●)へ","2026-07-22 08:04:20",599.4,2,zhangxinhui02
3311,16531294,"Zhao Liying","2026-07-11 09:53:13",599.1,1,yeohzhonghanervin
3312,16583019,"Hady Ibrahim","2026-07-21 22:26:06",599.0,1,itshady
3313,16419994,尾崎裕基,"2026-06-24 02:41:24",599.0,1,yukio511
3314,16426232,Kobasun,"2026-07-21 06:56:58",598.9,2,kobasun
3315,16381835,plume013,"2026-07-11 06:44:45",598.9,2,plume013
3316,16378273,"Yuichi Yoshida","2026-07-05 22:47:59",598.8,2,yu0000001
3317,16374407,kakenn,"2026-06-18 09:11:11",598.7,2,kakenn
3318,16456438,Honty01,"2026-06-30 05:09:15",598.7,1,honty01
3319,16538607,"Akshat Mathur","2026-07-21 14:05:34",598.5,1,akshatmathur08
3320,16395638,dansuke,"2026-07-06 06:37:49",598.5,2,onokou
3321,16377852,nakano?neru?maru?ruru,"2026-06-18 04:00:38",598.4,2,nuru2zm
3322,16383777,maniginam,"2026-07-22 00:00:04",598.4,2,maniginam
3323,16468554,"Giuseppe Lentini","2026-07-01 22:21:43",598.3,2,sepp1999
3324,16378360,"ABC Leokin-TV","2026-07-01 01:13:57",598.3,2,abcleokintv
3325,16419524,折扇戏美人,"2026-06-23 17:23:26",598.3,2,qiujiawei
3326,16371435,"Suzuki Mari","2026-07-21 07:41:06",598.3,2,suzukimari
3327,16382660,solenoider,"2026-06-20 16:37:28",598.3,2,solenoider
3328,16376918,"Yuuma Funasaka","2026-07-08 02:24:00",598.2,2,yuumafunasaka
3329,16376546,talkinglion,"2026-06-22 03:57:47",598.1,1,talkinglion
3330,16376267,sakupoyoooon,"2026-06-17 07:15:19",597.8,1,sakupoyoooon
3331,16507163,"Chirapathleo Saelim","2026-07-08 10:37:28",597.7,2,chirapathleosaelim
3332,16378844,いもぺ,"2026-07-22 09:15:44",597.7,2,keimsd
3333,16395108,まきたくん,"2026-07-20 19:07:56",597.5,2,makitakun
3334,16379277,TomoyaM,"2026-07-22 13:22:09",597.4,2,tomoyamiyaake
3335,16374066,"STS Works","2026-06-23 00:13:39",597.3,2,stsworks
3336,16530493,"[Deleted] f2d6eeab-c08f-45e0-9436-3293b744d84d","2026-07-17 07:05:28",597.1,2,del=58489163878dd4ff
3337,16430672,"Rasmus Foyer","2026-07-05 05:14:27",597.1,2,rasmusfoyer
3338,16371807,chimaki,"2026-07-05 16:29:22",597.0,2,chimaki821
3339,16377016,ega_water,"2026-06-25 13:57:43",597.0,2,egawater
3340,16380654,Pokoh,"2026-07-22 02:36:10",597.0,2,pokoh19
3341,16371445,KuzmichTheVeshkin,"2026-07-14 00:16:03",596.9,1,"eviltsundera,loonypenguin,veshkinartem"
3342,16551414,"Arav Goyal","2026-07-22 11:21:27",596.7,2,itsaravg
3343,16484755,"Kana Kuroyanagi","2026-07-05 07:06:40",596.5,1,kanakuroyanagi
3344,16375970,サム・マウンテンマン,"2026-06-20 06:33:32",596.5,2,higa414
3345,16384715,keigo_take,"2026-06-17 22:19:01",596.4,1,keigotake
3346,16485315,Kachi,"2026-07-22 12:08:39",596.3,2,taketake0000
3347,16460000,"Dan Arreola","2026-07-21 10:22:34",596.3,2,danarreola
3348,16505791,Mohammadisrar,"2026-07-08 03:51:57",596.2,1,mdisrar
3349,16383888,"Sebastian Lashmet","2026-06-24 18:28:55",596.2,1,sebastianlashmet
3350,16372841,Leona_Giga,"2026-06-20 12:31:54",596.0,2,leonagiga
3351,16380639,Indianelephant,"2026-06-17 21:20:30",596.0,2,indianelephant
3352,16373818,SoraTakanashi,"2026-07-21 17:28:20",595.8,2,soratakanashi
3353,16402280,Uchitom,"2026-06-24 13:18:16",595.7,2,uchitom
3354,16403736,keta39,"2026-07-07 12:17:58",595.6,2,keta39
3355,16402050,daphniapulex,"2026-06-21 17:15:51",595.5,2,daphniapulex
3356,16432999,jack9999ske,"2026-06-28 13:02:36",595.4,2,jack9999ske
3357,16376285,shion,"2026-07-17 04:58:36",595.4,2,k0tame
3358,16569696,NineThree,"2026-07-21 07:33:52",595.4,2,xiaoazuzong
3359,16387055,kt,"2026-07-03 23:03:16",595.4,2,kolife01
3360,16382146,"coffy 44","2026-06-18 15:11:41",595.3,1,coffy44
3361,16432856,kawauso9n,"2026-07-22 12:10:34",595.2,2,kawauso9n
3362,16462304,"Phillip Choi","2026-07-10 23:38:23",594.7,2,pchoi85
3363,16380526,minasehiro,"2026-07-03 01:03:07",594.7,2,minasehiro
3364,16415106,中村円威,"2026-06-22 18:36:22",594.6,1,kz0000001
3365,16395381,munkidori,"2026-07-22 12:04:04",594.4,2,"ash225,yashtulshyan"
3366,16405566,Tatsuya50,"2026-06-29 15:35:39",594.4,2,tatsuya214355
3367,16420520,"Dhruv Bansal","2026-07-07 06:05:50",594.2,1,dhruvb2028
3368,16375767,Dracufeuer,"2026-06-29 06:40:18",594.2,2,"behrouzbarati,hollenfoc"
3369,16386987,ak4ne,"2026-06-30 02:12:02",593.9,2,ak4ne114
3370,16392550,ZAKI8742,"2026-06-19 04:34:52",593.9,1,zaki8742
3371,16482301,ponto,"2026-07-16 15:26:18",593.9,2,masaponto
3372,16450177,Forrest_xlz,"2026-07-16 12:51:38",593.7,2,forrestxlz
3373,16390577,Thazzeus,"2026-07-10 16:24:52",593.7,2,thazzeus
3374,16413641,"Natpaphon Nukhunthod","2026-06-26 10:21:12",593.6,2,natpaphonnukhunthod
3375,16381460,小野修平,"2026-07-02 00:43:06",593.6,1,littlechama
3376,16390180,600626_วายุ,"2026-06-20 16:17:58",593.4,2,wayutharai
3377,16391764,DenisEdwards,"2026-07-22 00:44:40",593.3,2,denisedwards
3378,16427183,mokemokemokemoke,"2026-06-24 12:09:17",593.3,1,mokemokemokemoke
3379,16382837,himhim616,"2026-06-24 00:09:16",593.2,2,kazukihimura
3380,16537659,"Psy Duck","2026-07-19 00:34:06",593.1,2,"ajiang52,preddy5"
3381,16383194,t-hash1995,"2026-07-02 02:14:44",593.1,2,thash1995
3382,16569681,"Keisuke Suzuki","2026-07-21 10:27:32",593.0,2,kei0151
3383,16555621,"Vladi Ivanov","2026-07-16 15:00:28",592.9,1,vladi160
3384,16384732,"Francesco Sardo","2026-06-24 18:04:07",592.8,2,fransardo
3385,16373260,mm-1989,"2026-07-03 00:13:22",592.8,2,mm1989
3386,16378218,niino,"2026-07-04 02:52:19",592.8,2,niiino
3387,16514320,yogimo,"2026-07-09 22:39:03",592.7,1,yogimo
3388,16471847,"Luke Francis","2026-07-05 05:27:05",592.7,2,lukef09
3389,16579174,ankii385,"2026-07-21 07:09:24",592.6,2,"ankii385,hanslerli828"
3390,16378981,"Atomu Naka","2026-07-10 20:29:42",592.5,2,atomunaka
3391,16375656,currentbranch,"2026-07-06 09:18:37",592.3,2,currentbranch
3392,16388524,あじゃる,"2026-07-02 03:26:25",592.3,2,ajaljal
3393,16444985,"Bruno Jos/e Marques","2026-07-01 23:55:30",592.2,2,brunojosemarques
3394,16375898,yanto,"2026-06-21 01:32:03",592.1,2,yanto7369
3395,16393284,kawauso,"2026-07-02 09:35:10",592.0,2,kawausoo
3396,16376175,Klee319,"2026-07-08 13:28:17",591.9,2,klee319
3397,16395433,DeMoN_2202,"2026-06-22 06:16:23",591.9,2,harshit22020
3398,16513367,TheGreaterGood,"2026-07-18 14:05:12",591.9,2,thegreatergood
3399,16376413,kinocode,"2026-07-03 11:03:51",591.9,2,kinocode
3400,16575549,oreo,"2026-07-22 07:45:08",591.7,2,s2125s
3401,16398119,"Iwasaki Takanori","2026-06-22 22:01:21",591.7,2,iwasakitakanori
3402,16384958,DaJimmy,"2026-07-16 23:37:41",591.7,2,dajimmy
3403,16372980,"Yuminosuke Sato","2026-07-06 04:03:53",591.6,2,yuminosukesato
3404,16451637,goh,"2026-07-22 13:35:38",591.4,2,bungohatayama
3405,16489942,"Well-Baked Body","2026-07-22 13:12:26",591.3,2,orang3333
3406,16385999,umsyspokeka,"2026-07-06 10:08:30",591.3,2,umsyspokeka
3407,16379911,KanngaiAgriculture,"2026-06-21 15:42:58",591.3,2,kanngaiagriculture
3408,16429305,"Zammaar Shafqat Malhi","2026-06-25 14:02:31",591.2,2,zammaar
3409,16461209,"Ngoc Nguyen Tuan","2026-07-04 07:13:13",591.2,2,ngocnguyentuan
3410,16489495,hodumi,"2026-07-20 01:17:32",591.1,2,hodumi
3411,16472643,"Siqi Jia","2026-07-10 07:47:15",591.1,2,miasisi
3412,16372207,"Xuan Zhang","2026-06-17 15:10:42",591.0,1,xuanzhang001
3413,16373538,原田龍馬,"2026-06-18 08:29:28",591.0,2,hryoma
3414,16567019,"haoran huang430","2026-07-19 04:34:15",590.8,1,haoranhuang430
3415,16421198,akachocobo,"2026-06-28 14:23:14",590.7,2,akachocobo7
3416,16575131,tsu_22_1,"2026-07-20 12:28:46",590.6,1,tsu221
3417,16377401,"Bill Xu","2026-07-11 04:44:41",590.5,2,billll
3418,16559420,"Ilia Iliev","2026-07-21 14:56:14",590.3,1,iliailiev1
3419,16564217,"SEUN OH","2026-07-19 07:13:03",590.3,2,ohseun0210
3420,16389376,Kumajiro,"2026-07-16 15:24:14",590.3,2,kumajirosasaoka
3421,16428287,"Arkat Khassanov","2026-06-24 15:13:09",590.3,1,arkatkhasanov
3422,16381228,"Yuki Yanagi","2026-06-20 04:21:39",590.2,2,yyanagiras
3423,16373184,"Yuki Tani","2026-06-16 16:44:14",590.2,1,yukitani
3424,16380578,mcw999,"2026-07-02 15:22:43",590.0,2,mcw999
3425,16387688,"Yusuke #2","2026-06-18 09:17:07",590.0,1,warriashishuer
3426,16470978,SK,"2026-07-10 07:29:58",589.9,2,rapisu0
3427,16379219,Fotone,"2026-06-20 16:59:32",589.8,2,fotone
3428,16387194,tonimasu,"2026-07-02 00:37:08",589.8,2,tonimasu
3429,16447394,GoodSmell,"2026-07-22 13:43:06",589.7,2,goodsmell
3430,16388752,"Zachariah Glad","2026-07-22 12:03:11",589.5,2,zachariahglad
3431,16380522,ToMo,"2026-06-18 14:08:53",589.4,2,tomohiroh
3432,16399593,"X- ray","2026-07-21 22:28:18",589.3,2,xray0924
3433,16446448,"Diogo Sena","2026-07-16 00:59:07",589.3,2,diogodmsena
3434,16473840,N.Saito,"2026-07-16 09:42:36",589.1,2,naoki3110
3435,16495778,muramasa,"2026-07-11 07:07:31",589.1,2,masayamurata
3436,16532170,Trapeznikov_Mihail,"2026-07-11 14:15:41",588.9,2,trapeznikovmisha
3437,16510105,"Adrian Gomez","2026-07-16 23:56:49",588.9,2,adrianjgomez
3438,16379287,"yuki #3","2026-07-07 14:57:27",588.8,2,yuki123ikemen
3439,16388797,heren-27,"2026-06-20 00:43:57",588.7,2,heren27
3440,16397955,"kabu strongest legend","2026-07-22 08:40:29",588.5,2,"naksou,watarukawashima"
3441,16446317,あびかし,"2026-06-28 11:27:30",588.4,1,abcomsb
3442,16381138,yk724985,"2026-06-18 07:06:28",588.4,2,yk724985
3443,16441162,"Iadh Jarray","2026-07-11 21:30:56",588.1,2,iadhjarray
3444,16392231,hitoy,"2026-06-20 04:44:50",587.8,1,colonnnnn
3445,16459801,yuki10008,"2026-07-05 08:44:21",587.8,1,yuki10008
3446,16376352,"Blair Dupre","2026-06-27 22:06:32",587.8,2,blairdupre
3447,16515743,スズキタケヤ,"2026-07-10 08:28:05",587.7,1,takeahand
3448,16377531,wbt,"2026-06-21 05:21:59",587.7,2,luisalfredolorenzo
3449,16472095,MITSU,"2026-07-22 05:43:31",587.6,2,mitsunori
3450,16472479,Niche,"2026-07-10 07:54:08",587.4,2,"nauraaaa,tristanabiyudha"
3451,16434671,"Mikołaj  Kłoczewski","2026-07-07 21:50:06",587.4,2,mikolajkloczewski
3452,16552596,Yuuupok,"2026-07-19 03:58:38",587.0,1,yuuupok
3453,16385042,schezo,"2026-07-10 09:40:47",586.9,2,schezo817
3454,16415109,GOTCHA,"2026-06-28 11:21:22",586.9,2,jongil
3455,16431176,Takuma_Toda,"2026-07-04 07:11:19",586.9,1,takumatoda
3456,16371449,hondana29,"2026-07-16 19:30:53",586.7,2,tanadaaa
3457,16391718,東　勇介,"2026-06-22 15:12:18",586.7,1,yusuke0111
3458,16416105,zackgow,"2026-07-04 03:36:37",586.6,2,zackgow
3459,16375061,"Teru O.","2026-07-12 22:50:10",586.3,2,terno1011
3460,16440969,chocoseiya,"2026-07-06 22:18:20",586.3,2,chocoseiya
3461,16377301,feles42,"2026-06-26 01:48:06",586.3,2,feles42
3462,16416539,"The Unovans","2026-07-21 23:17:06",586.3,2,"gerry80,mugentigre"
3463,16375728,TmT,"2026-07-15 04:05:11",586.2,2,tamotamo
3464,16378059,yuna5577,"2026-06-18 12:10:10",586.2,2,yuna5577
3465,16373756,"THAI TA","2026-06-22 16:47:18",586.0,2,vanthaita
3466,16373075,"Naoki Okuda","2026-06-17 16:29:21",585.8,1,"ak33ss,kazumintya,naokiokuda"
3467,16553914,"Anadi Gupta","2026-07-16 07:27:24",585.8,1,anadiskt
3468,16371545,"ayasaki rin","2026-06-24 12:51:14",585.7,2,ayasakirin
3469,16388685,SatOmOri,"2026-06-18 12:49:43",585.5,1,satomori
3470,16551477,"Sammarieo Brown","2026-07-20 08:40:21",585.5,2,sammarieobrown
3471,16377898,"jin ryoma","2026-07-05 07:23:05",585.5,2,jinryoma
3472,16385517,"Takamasa Muto","2026-06-18 06:57:19",585.4,2,takamasamuto
3473,16484762,"Ryosuke Suzuki","2026-07-04 14:42:28",585.4,2,ryosukesuzuki77
3474,16405757,"Fuki Urakawa","2026-07-18 15:07:36",585.3,2,mayo1110
3475,16396923,"Alex DR","2026-06-26 14:15:08",585.3,2,alexderi
3476,16471174,YozenPoke,"2026-07-22 07:27:30",585.1,2,yozenk1ll
3477,16568625,kentaro_kato,"2026-07-22 12:31:55",585.0,2,kentarokato
3478,16381879,nicov8810,"2026-06-18 00:08:52",584.8,2,nicov8810
3479,16388568,"WO LOAD","2026-06-20 18:53:16",584.8,2,woload
3480,16429512,"Cerys Jones","2026-06-25 05:18:19",584.7,2,cerysjonestcg
3481,16424325,"Yang Gao","2026-07-13 18:50:09",584.6,2,yangg40
3482,16415007,"yuki #6","2026-06-22 15:19:14",584.6,1,inuyu25
3483,16558396,"Zhou Songyu","2026-07-22 12:50:35",584.3,2,zhousongyu
3484,16382068,lucasta1,"2026-07-13 14:23:19",584.2,2,lucasta1
3485,16373941,poalo824,"2026-07-17 19:06:18",584.0,2,poalo824
3486,16381871,alessandrozonta,"2026-07-20 08:55:10",584.0,2,azonta
3487,16381807,Squirrel,"2026-06-27 06:27:39",583.9,2,bunnykeeper
3488,16388660,"SHOUHEI IKEDA","2026-07-20 07:32:54",583.9,2,shouheiikeda
3489,16376456,"Ryota Matsuki","2026-06-18 12:50:09",583.8,2,budoto
3490,16372376,iwtn,"2026-06-27 13:47:20",583.7,2,itanium217
3491,16377240,yaya__k,"2026-07-10 23:38:48",583.7,2,yaya88k
3492,16377069,Malton,"2026-06-22 06:44:09",583.5,1,malton
3493,16372198,"Dale Jung","2026-07-22 11:35:15",583.4,2,"quest47,wjdeodlf0123"
3494,16445223,prophecy,"2026-06-29 17:00:10",583.3,2,prophecy
3495,16377590,AwA,"2026-06-22 09:37:02",583.2,1,itoda10
3496,16482425,"mengyi lin","2026-07-13 15:17:53",583.1,2,mengyilin21
3497,16423969,"Marius K","2026-07-02 14:13:02",583.0,2,abujaman
3498,16383532,kibake,"2026-06-22 12:31:44",582.9,2,kibake
3499,16574986,"Halil Ibrahim Umut Colak","2026-07-20 21:31:39",582.9,2,halilibrahimcolak
3500,16382304,ntk_ta01,"2026-06-18 15:45:09",582.8,2,ntkta01
3501,16376003,"Ryoma Terazawa","2026-07-04 07:17:49",582.7,2,ryomaterazawa
3502,16538568,"Zhu Liang","2026-07-22 03:13:25",582.6,2,paradite
3503,16402563,"Mayuko Tatsuki","2026-07-03 09:05:56",582.6,2,mayukotatsuki
3504,16443923,Rataro.S,"2026-07-01 01:07:39",582.6,2,kantomori0421
3505,16381980,Shizk2205,"2026-06-20 10:09:21",582.5,2,shizk2205
3506,16372578,TERUTERU,"2026-06-20 22:08:04",582.5,2,monz65
3507,16435850,soramame0311,"2026-06-26 03:00:59",582.5,1,ano12pmo
3508,16397495,"MiTo Barchetta","2026-06-20 01:42:38",582.2,1,mitobarchetta
3509,16382053,yoshi2no,"2026-06-17 13:47:34",582.1,1,yoshi2no
3510,16512077,"Desmond Lee","2026-07-09 19:43:36",582.0,2,desmondlee
3511,16460071,"Evan Kim","2026-07-10 18:49:56",581.7,2,evandekim
3512,16375476,YATAShotaro,"2026-06-17 15:23:49",581.6,1,yatashotaro
3513,16392542,lol_dino,"2026-06-24 15:14:34",581.5,2,eringi337
3514,16438654,mayuki,"2026-07-21 21:56:56",581.5,2,mayukiokunomayuki
3515,16383912,Aphrodite,"2026-07-12 15:35:36",581.5,2,aphrodite874
3516,16514719,"Romone Dunlop","2026-07-16 03:10:07",581.4,2,romonedunlop
3517,16382835,Pietro,"2026-06-23 14:02:35",581.4,2,pietro002
3518,16377655,Soraice,"2026-07-20 06:59:09",581.0,2,fsiceangel
3519,16449743,"Handry Novianto","2026-07-22 09:55:28",581.0,2,handrynovianto
3520,16385637,"Kaito Sugiyama","2026-06-21 08:28:58",580.6,2,ultimatemagic79
3521,16402105,Kitaev,"2026-07-21 23:03:49",580.5,2,takumihikichi
3522,16563171,ichYam,"2026-07-21 10:48:34",580.3,2,ichiyam
3523,16389487,"Iwami Daisuke","2026-06-20 02:27:57",580.3,2,iwamidaisuke
3524,16376432,"ZhWing Fence","2026-07-21 02:05:45",580.1,2,zhwingfence
3525,16395646,"Katherine Rich","2026-07-10 00:58:23",579.4,2,katherinerich
3526,16396236,"Sacha Comte 02","2026-07-10 20:00:48",579.3,2,"aelio7,sachacomte02"
3527,16424921,dburns,"2026-06-30 05:02:14",579.3,2,dburns
3528,16392671,AAlphaAA,"2026-06-20 12:10:54",579.3,2,aalphaaa
3529,16380114,RyuseiHiko,"2026-07-07 02:42:59",579.2,2,ryuseihiko
3530,16421124,3fk,"2026-07-07 00:03:26",579.2,2,"botchi,pwm3517,tatsuyatsuno"
3531,16414864,tyakku_k2k,"2026-07-01 00:15:42",578.9,2,tyakkuk2k
3532,16398196,yamuyamu,"2026-06-21 12:57:25",578.9,2,yamuyamu
3533,16408856,"Rebis Global","2026-07-17 14:25:52",578.8,2,chrisgendryx
3534,16452877,SaiDuttaAbhishekDash,"2026-07-22 10:15:21",578.8,2,saiduttaabhishekdash
3535,16383339,"Rishiraj Acharya","2026-06-24 10:50:22",578.7,2,rishirajacharya
3536,16402701,PandaBananas,"2026-07-02 15:51:42",578.6,2,kurtmooney
3537,16483241,"☕ Dark Roast","2026-07-20 08:11:10",578.6,2,xincuimath
3538,16376430,Garchomp,"2026-07-22 09:04:16",578.3,2,ryotaeki
3539,16571246,"Prakhar Sahu","2026-07-19 18:50:02",578.2,1,prakharsahup
3540,16381527,masaxsuzu,"2026-06-17 13:27:25",578.0,1,masaxsuzu
3541,16401519,Gachimoto,"2026-06-25 13:04:42",578.0,2,fujimotec
3542,16387568,arm10n,"2026-07-14 04:04:07",578.0,2,arm10n
3543,16441623,nitronine269,"2026-07-15 14:17:18",577.9,2,nitronine269
3544,16371751,C&P,"2026-06-17 15:11:50",577.7,1,"cristinaaguilera,pablesky"
3545,16404795,KuroNeko_Game_Club,"2026-07-15 17:56:22",577.6,2,kuronekogameclub
3546,16389944,"Brian Chuan","2026-06-23 14:09:48",577.6,2,brianchuan
3547,16384013,mi22mi,"2026-07-22 01:50:44",577.5,2,mi22mi
3548,16440959,hosoka-r,"2026-06-27 02:32:37",577.4,1,hosokar
3549,16411172,ML_Bear,"2026-07-07 01:27:13",577.3,2,naotaka1128
3550,16383862,zzz_nya,"2026-06-18 22:06:21",577.2,2,zzznya
3551,16378242,つるかす,"2026-06-17 07:00:50",577.2,1,lkryyoo
3552,16375823,nodel,"2026-07-08 05:25:47",577.2,2,ndkikuchi
3553,16511323,Suchai,"2026-07-22 10:46:21",576.9,2,"chairispumchai,tansuchin"
3554,16553431,"pokemon master","2026-07-22 13:52:40",576.8,2,"l2yyyy,ruikikobayashi,schrodinger0112,tknakamu,tmhrkt"
3555,16381012,"Shohei Yamauchi","2026-07-12 15:48:12",576.8,1,shoheiyamauchi
3556,16380649,Electoria,"2026-07-09 15:08:31",576.7,2,tomonakamu
3557,16494771,law625,"2026-07-16 17:09:42",576.7,2,law625
3558,16386375,mk,"2026-06-18 10:57:41",576.5,1,koshiromurai
3559,16386512,funahara,"2026-06-26 07:09:41",576.5,2,funahara
3560,16388333,"Joey Dufourd","2026-06-19 10:09:40",576.5,2,joeydufourd
3561,16407445,EitaF,"2026-07-18 06:42:54",576.4,2,eitafukumoto
3562,16381508,kirakira310,"2026-07-22 00:17:39",576.3,2,kirakira310
3563,16381953,ytk03,"2026-07-22 00:04:30",576.2,2,ytk03mtmt
3564,16534703,"Igor Khomyanin","2026-07-21 06:55:54",576.1,2,igorkhomyanin
3565,16486494,adada376,"2026-07-06 06:53:18",576.0,2,adada376
3566,16383820,"Marco DG","2026-07-17 05:20:03",576.0,2,marcodg
3567,16580577,まさやん,"2026-07-22 01:58:49",575.5,2,masayam1234
3568,16442959,kkunizaw,"2026-06-28 13:57:08",575.5,2,kkunizaw
3569,16561818,"Issac “Izreal” Davis","2026-07-19 22:03:32",575.5,1,issacizrealdavis
3570,16375541,"Tomo & K","2026-07-11 11:33:23",575.4,2,tomonariokubo
3571,16388914,"Yamada Iwao","2026-06-28 12:02:41",575.3,2,order0
3572,16387238,テン,"2026-06-20 18:02:12",575.3,2,adzukililly
3573,16380990,"YUTO KOJIMA","2026-07-09 15:29:30",575.1,2,kojimatech
3574,16459011,karatsu,"2026-07-15 14:14:35",574.6,2,eic410
3575,16377781,Takasawy,"2026-07-13 14:39:53",574.6,2,takasawy
3576,16398640,ToraaaAa,"2026-07-09 04:18:08",574.5,2,toraaaaa
3577,16377062,Gogona557,"2026-06-29 07:50:32",574.4,2,gogona557
3578,16415347,Junkonno,"2026-07-17 16:22:08",574.4,2,"junkonno,ponko2maru,ryokwsk"
3579,16459058,"xiao long745","2026-07-20 19:16:58",574.4,2,xiaolong745
3580,16381848,Kerusu1984,"2026-06-19 12:42:21",574.2,2,kerusu1984
3581,16447175,"Kamalesh Panda","2026-06-28 14:44:50",574.0,1,kamaleshpartha
3582,16461498,"Juan Resendiz","2026-07-05 16:35:48",573.8,2,jrz813
3583,16515368,"jam yann","2026-07-22 13:10:52",573.7,2,jamyann
3584,16554167,赤いきつね,"2026-07-16 09:47:31",573.7,1,redofox
3585,16505178,Tsubasa_00,"2026-07-19 11:05:57",573.7,2,tsubasa00
3586,16388483,Pikabrew,"2026-07-03 11:35:03",573.6,2,"capjoris,platothesloth"
3587,16392290,"alonso bardales","2026-06-26 14:25:36",573.6,2,alonsobardales
3588,16578596,TaoZui649,"2026-07-21 08:12:10",573.4,1,taozui649
3589,16377283,fttp,"2026-07-21 21:17:48",573.3,2,fukuitappei
3590,16386902,Sifar12,"2026-06-18 07:08:43",573.3,1,sifar12
3591,16376675,Nikukyu,"2026-06-23 09:43:48",573.3,2,tryuno
3592,16569290,"zhang xxxy","2026-07-19 11:43:31",573.2,2,zhangxxxy
3593,16456469,KE1TA0144,"2026-06-30 05:11:44",573.1,1,ke1ta0144
3594,16558644,"Dheeraj Dhillon","2026-07-17 23:52:31",573.1,2,djdhillon
3595,16422377,Spintronic,"2026-07-12 05:05:59",573.0,2,"josiahtrujillo,spintronic"
3596,16372468,k3nt,"2026-06-22 13:13:16",573.0,1,kent34
3597,16383415,torahirod,"2026-07-20 02:17:49",572.8,2,toratoratora
3598,16377623,tadashi04,"2026-06-17 10:20:48",572.7,2,tadashi04
3599,16410314,aruuu,"2026-07-08 12:04:37",572.4,2,arruuu
3600,16414652,lucky,"2026-07-09 17:45:06",572.3,2,yingtaosun
3601,16488233,"Tatsuhiro Nakamori","2026-07-05 05:30:36",572.3,1,tatzmori
3602,16377021,Alternate,"2026-06-20 17:27:25",572.2,2,babashunsuke2005
3603,16388802,uhyoppo,"2026-07-22 13:25:01",572.2,2,"kitiban,kona571,uhyoppo,zagazaga"
3604,16382054,"Shakthi Kondamoni","2026-07-18 04:04:09",572.1,2,shakthikondamoni
3605,16414402,"Quentin Gense","2026-06-26 09:21:25",572.1,2,quentingense
3606,16411455,elandgre,"2026-07-03 19:37:22",572.0,2,elandgre
3607,16374887,Nozprod,"2026-07-20 06:59:11",571.9,2,nozprod
3608,16389166,"Mikiya Takada","2026-07-07 01:55:10",571.8,2,mikiyatakada
3609,16380260,hiroto_u07,"2026-07-09 10:15:14",571.5,1,hirotou07
3610,16382349,madoka1111,"2026-07-21 22:43:08",571.2,2,madoka1111
3611,16584477,fura,"2026-07-22 08:55:08",571.2,1,fura002
3612,16473978,"Havish Patel","2026-07-05 16:03:28",571.1,2,havishpatel
3613,16395576,KellersInColorado,"2026-07-14 02:24:57",571.1,2,kellersincolorado
3614,16414878,gerbera_105,"2026-06-28 14:33:50",571.1,2,gerbera105
3615,16421550,ChampionTCG,"2026-06-25 13:02:03",570.6,2,championtcg
3616,16377232,"Tsuyoshi Fujii","2026-07-19 07:27:55",570.4,2,tsuyoshifujii
3617,16393850,"Yuji Nomura","2026-07-16 13:32:03",570.3,2,yujinomura
3618,16382447,ONunez55,"2026-06-22 15:50:48",570.2,2,onunez55
3619,16433661,"M Rislan Tristansyah","2026-07-01 02:32:00",570.1,2,mrislantristansyah
3620,16425665,"fumiya utsuno","2026-07-15 05:52:43",570.1,1,"fumiya326,kuboken,rikutokuwayama"
3621,16373508,"Yuto Kobayashi","2026-07-13 10:09:34",570.0,2,kbology
3622,16376298,Toriitechforge_John,"2026-07-20 23:28:40",570.0,2,toriitechforge
3623,16386501,arrow_utpoke,"2026-07-01 09:41:27",570.0,2,arrowutpoke
3624,16400162,"Shunsuke Higashi","2026-06-22 10:35:50",569.9,2,shunsukehigashi
3625,16385069,"saishi hghr","2026-07-19 06:40:45",569.9,2,saishihghr
3626,16378614,souyakuchan,"2026-06-22 06:43:32",569.8,2,souyakuchan
3627,16450596,stellab,"2026-07-04 05:46:55",569.8,2,stellabradai
3628,16378246,夜鷹ねりあ,"2026-06-29 11:38:34",569.7,2,yatakaneria
3629,16375459,niimi_kaggle,"2026-06-21 02:07:49",569.5,2,niimikaggle
3630,16534286,yoshifumi-mori,"2026-07-12 10:59:28",569.5,1,yoshifumimori
3631,16382159,reitan4742,"2026-06-28 12:39:58",569.5,2,reitan4742
3632,16408128,HalfMoonbear2,"2026-06-29 07:08:32",569.4,2,"ctmkrf11,diegoalonsocanizares,watanabekyohei"
3633,16413842,okaze92,"2026-07-13 11:03:18",569.4,1,okaze92
3634,16389742,"Nicholas Low","2026-06-21 07:39:53",569.3,2,lowhorngjiun
3635,16379857,"シン ソウイチロイ","2026-06-22 13:47:30",569.3,2,ykpokeka
3636,16467800,"Sébastien henry","2026-07-17 15:51:47",569.3,2,sebmontreal
3637,16385666,Toshiko1031,"2026-06-18 03:15:01",569.2,1,toshiko1031
3638,16377354,yashjakhar99,"2026-07-08 16:49:26",569.2,2,yashjakhar99
3639,16381011,blibli.com,"2026-07-12 02:56:10",569.0,2,"mickeylcwld,shoishiwata,utace1"
3640,16379996,nya000000n,"2026-06-17 17:21:26",568.9,1,nya000000n
3641,16532410,one2ndpiece,"2026-07-22 11:11:21",568.9,2,one2ndpiece
3642,16451760,"Kensuke Kurita","2026-07-13 12:20:31",568.8,2,kensukekurita
3643,16397169,Yorukuma,"2026-07-21 16:49:43",568.7,2,yorukuma
3644,16379759,"Keiya Yamashita","2026-06-20 13:09:17",568.6,2,keiyayamashita
3645,16508166,R.O,"2026-07-08 13:07:31",568.6,1,rokumura
3646,16372696,senkin13,"2026-07-22 10:07:07",568.6,2,senkin13
3647,16561737,"Karan Bhatti","2026-07-22 05:49:11",568.4,2,sircausticmail
3648,16392721,Uzi_0003,"2026-06-26 10:04:39",568.4,2,uzi0003
3649,16382421,Ericakcc,"2026-07-04 08:06:54",568.4,2,ericakccakcc123
3650,16417259,Makytaky,"2026-07-15 15:31:30",568.2,2,macmaky
3651,16383389,"Jebriel Abdul","2026-07-21 02:38:27",568.0,2,jebrielabdul
3652,16485685,YangQinwei,"2026-07-19 07:23:21",568.0,2,yangqinwei
3653,16375497,hayatoail,"2026-07-12 09:34:18",568.0,2,hayatoail
3654,16382483,goukenn,"2026-07-20 13:02:57",567.8,2,goukenn
3655,16513311,Arctix0,"2026-07-09 18:56:50",567.8,1,arctix0
3656,16392075,TaNiHf,"2026-07-21 21:41:46",567.6,2,tanihf
3657,16422090,"poki poki","2026-07-22 06:25:53",567.5,2,"masterofall,sanjay20052"
3658,16382484,DaifukuMochi,"2026-06-19 04:43:31",567.5,2,"ayane0111,yukimee"
3659,16385249,"Son Pham","2026-07-12 13:23:59",567.4,2,sonphamorg
3660,16510044,"Hassan Tavakoli","2026-07-21 23:54:26",567.2,2,hassantavakoli
3661,16375805,Watary0927,"2026-07-06 09:21:31",567.2,1,watary0927
3662,16427180,typeIIIfairy,"2026-07-22 05:48:59",567.0,2,typeiiifairy
3663,16406126,"Dominic Lo","2026-07-05 14:05:53",566.9,2,doloknight
3664,16381421,fasly,"2026-06-24 03:21:17",566.7,2,fasly2416
3665,16373209,nakusnakus,"2026-06-18 16:53:52",566.7,2,nakusnakus
3666,16394093,nynyny67,"2026-06-27 03:35:41",566.7,2,nynyny67
3667,16373189,"Hung Sheng Shih","2026-06-18 07:38:01",566.6,2,hungshengshih
3668,16375387,"Kingsley Compton","2026-06-24 02:58:58",566.5,2,kingsleycompton
3669,16510169,"AKANMU SHERIF OLAIDE","2026-07-09 09:01:15",566.4,2,akanmusherifolaide
3670,16382356,"Sho Hasegawa","2026-06-23 06:49:26",566.2,2,shohasegawa
3671,16395970,mshibatatt,"2026-07-06 14:19:49",566.0,2,masahiroshibata
3672,16398135,"Haruto_Beginner Data Scientist","2026-06-21 07:53:28",565.9,2,masaakioba
3673,16375844,CarsonHu,"2026-07-17 14:34:21",565.8,2,carsonhu
3674,16372056,4eta,"2026-07-19 10:08:13",565.8,1,bio4eta
3675,16403256,"Ashish Divvela","2026-07-16 17:28:07",565.8,1,divvelaashish
3676,16417676,YasunagaTkcNkmr,"2026-07-20 09:14:50",565.4,2,yasunagatkcnkmr
3677,16386632,情理とこうせい,"2026-07-12 13:09:59",565.3,2,"joya0214,ryotarokonishi,yuyafujiwara0123"
3678,16416972,"Ayush Thakur","2026-07-22 05:20:36",565.1,2,ayuraj
3679,16380271,"No Free MIST Energy","2026-07-22 06:22:57",564.9,2,"hinatatokuda,kotatumurisroom,kwtwaaaa,ueight8"
3680,16454065,"Christian Rangel","2026-07-17 03:14:04",564.7,2,christianrangel1
3681,16418628,"Charles Wallis","2026-06-26 05:45:45",564.3,2,charleswallis7
3682,16414523,"Qin Wen","2026-07-04 07:28:36",564.3,2,qinwen
3683,16377147,TechRegigigas,"2026-06-23 00:38:56",564.3,2,"eitarox,kengokawashima1992"
3684,16384192,"Vedant A.","2026-06-20 19:52:33",564.0,2,crimeandpunishment
3685,16381161,naokichi4869,"2026-06-17 16:13:19",564.0,2,naokichi4869
3686,16375340,Mewrone-X,"2026-06-18 17:21:20",563.8,2,"kentokodama,xhiroron,xkorosuke"
3687,16382403,Shake912,"2026-07-20 06:27:10",563.8,2,shake912
3688,16478629,akaimi,"2026-07-13 03:54:57",563.8,1,akaimi
3689,16416027,"Patrick M.","2026-06-23 06:53:52",563.7,2,pigenesis75
3690,16427762,"TOMONORI TAKEUCHI","2026-07-20 22:48:09",563.7,2,tomonoritakeuchi
3691,16436225,yucho147,"2026-07-20 22:06:45",563.6,2,yucho147
3692,16442278,大竹那奈,"2026-07-19 05:03:39",563.4,2,ootaken
3693,16381281,"Akito Matsuyama","2026-06-24 10:53:31",563.3,2,akitomatsuyamasuu
3694,16396468,sakataxr,"2026-06-25 22:29:25",563.3,2,sakataxr
3695,16379500,"Thomas Young","2026-07-18 12:42:01",563.2,2,daashi
3696,16374588,daniel,"2026-06-23 15:02:17",563.2,2,danielqing
3697,16531164,"Riki Garcia","2026-07-14 06:30:30",563.1,2,rikigarcia
3698,16405188,"Insper TCG","2026-06-29 00:47:37",563.0,2,victordolnikoff
3699,16391367,"Fornalha Criativa","2026-06-19 13:17:27",563.0,1,fornalhacriativa
3700,16375560,mitsuba,"2026-06-23 00:29:32",562.9,2,mitsuba
3701,16383032,"hieda kazvki","2026-07-18 09:59:21",562.9,2,"kazvki,shunyanhieda"
3702,16393992,"KASSEN inc.","2026-07-22 06:36:12",562.7,2,talahiroota
3703,16387021,"Team A-B-A","2026-07-19 11:26:48",562.6,2,tatsuyasasaki
3704,16573720,suzu10,"2026-07-22 05:30:29",562.6,1,suzu10
3705,16386178,"Shaun Leong","2026-06-25 05:29:42",562.5,2,shaunleong
3706,16373808,"Yuka,Ota","2026-07-21 07:47:56",562.4,2,yukaika
3707,16373448,yomogii,"2026-07-22 06:43:55",562.3,2,yomogii
3708,16384727,"Rohit potdukhe","2026-06-18 21:38:34",562.3,1,rgpotdukhe
3709,16463095,"Masayuki Ueno","2026-07-22 14:03:14",562.2,2,agoringang
3710,16372491,ロケット団参上！,"2026-07-22 09:10:05",562.1,2,ryotasueyoshi
3711,16385284,MaoOKRK,"2026-07-19 06:39:09",562.1,2,maookrk
3712,16570465,Yuya_ViVi,"2026-07-22 12:45:13",562.0,2,yuyavivi
3713,16376871,"jesus riva","2026-06-17 17:34:11",561.7,2,jesusriva
3714,16392162,"Packsilog TCG","2026-06-22 09:58:43",561.7,2,packsilogtcg
3715,16482126,Aluder,"2026-07-04 08:32:09",561.6,2,aluder
3716,16387602,"Dylan Tartarini","2026-07-17 13:00:10",561.5,2,"dylantartarini,fedegt1"
3717,16433050,"Haruki Miura","2026-07-20 02:56:25",561.3,2,hatomaru
3718,16374798,"Rishav Dutta","2026-07-22 01:37:56",561.2,2,dutta64
3719,16379922,itohudo,"2026-06-18 04:05:41",561.1,2,itohudo
3720,16408060,aaaaaa,"2026-06-21 13:04:09",561.0,1,aaaaaaaaaa146789643
3721,16377172,SachinChand,"2026-06-17 10:26:13",560.5,2,spiderman
3722,16375356,"SEIICHIRO Kojio","2026-06-18 11:23:18",560.3,2,seiichirokojio
3723,16386554,Ash,"2026-06-27 10:00:37",560.3,2,wataryooou
3724,16427493,なかけん,"2026-07-22 02:41:24",560.2,2,nakaken2525
3725,16441362,xyc6667,"2026-06-30 02:19:10",560.0,2,xyc6667
3726,16387181,tofumagi,"2026-07-21 23:39:54",559.8,2,tofumagi
3727,16387979,keroqueue,"2026-06-25 21:19:40",559.8,2,keroqueue588
3728,16371624,yiyu0716,"2026-07-15 15:18:37",559.8,2,yiyu0716
3729,16382323,Noalith,"2026-06-17 16:55:28",559.7,2,noalith
3730,16382960,poyothon,"2026-07-10 08:02:49",559.7,2,"akasidm,kurozutyannel,odanado,pipikapipi"
3731,16412526,Kaikaku,"2026-07-22 04:17:26",559.6,2,kaikaku
3732,16385450,"We Are Slow","2026-07-18 02:56:48",559.6,2,"cmudkip,ksun123"
3733,16482646,yunien,"2026-07-10 07:29:51",559.3,2,yunien
3734,16380426,snowfairytea,"2026-07-21 12:58:33",559.3,2,snowfairytea
3735,16406436,Milcrape,"2026-07-07 14:11:21",559.2,1,"hiroakina,kazz9276"
3736,16385952,"Sobat Bucin","2026-07-22 09:28:53",559.0,2,sobatbucin
3737,16380658,世界のたまちゃん,"2026-06-18 12:58:25",559.0,2,sekatama
3738,16379713,palsanp,"2026-06-17 09:05:39",559.0,1,palsanp
3739,16411390,リュミオーネTom,"2026-06-22 05:54:52",559.0,1,tomlyumione
3740,16400151,yankang_XZK,"2026-06-21 11:35:28",558.9,2,yankang233
3741,16413281,Soliruss,"2026-07-08 09:01:38",558.9,2,solirus
3742,16444967,Eni_akutagawa,"2026-07-21 15:31:48",558.9,1,eniakutagawa
3743,16569220,"Sridip Basu","2026-07-19 10:59:37",558.8,2,sridipbasu
3744,16446231,Coconnut,"2026-07-05 14:49:55",558.5,2,coconnut
3745,16445040,"Danilo Antonietto","2026-06-28 19:54:45",558.3,2,daniloantonietto
3746,16422645,Zwieks,"2026-07-22 12:36:53",558.3,2,zwieks
3747,16416672,SkiChu,"2026-07-15 10:27:20",558.2,2,richardmccrae
3748,16381129,"mamaPaPa Cloude","2026-07-02 14:48:45",558.0,2,"lamana0120,makisaito"
3749,16382999,"EMANUELE MARLIA","2026-07-08 02:14:29",558.0,2,emanuelemarlia
3750,16376930,Yuulis,"2026-06-20 08:59:26",558.0,2,yuulis
3751,16376376,Duc24KDL,"2026-06-24 16:08:31",557.9,2,duc24kdl
3752,16463217,"Jason Chou","2026-07-19 13:11:49",557.4,2,jayshihchou
3753,16473418,董子廉（六道仙尊）,"2026-07-03 12:26:33",557.3,2,dzl666
3754,16393106,Rixu324,"2026-06-23 15:28:15",557.3,2,rixu324
3755,16377552,"Brad Thompson","2026-06-19 07:50:38",557.1,2,bradleybates
3756,16379419,"Xan Morice-Atkinson","2026-06-30 13:52:22",557.0,2,xangma
3757,16471068,tsukida,"2026-07-22 07:20:32",556.8,2,tsukida
3758,16385260,"Honda Motomasa","2026-06-18 06:11:41",556.6,2,hondamotomasa
3759,16377372,齋藤壮汰,"2026-06-22 03:55:17",556.5,2,samaru0521
3760,16376289,"Lucas Ween","2026-06-18 13:43:53",556.3,2,luacasween
3761,16472499,"Andreas Bretschneider","2026-07-02 08:14:04",556.3,1,andreasbretschneider
3762,16372048,mo84dan5,"2026-06-29 03:06:53",555.9,2,mo84dan5
3763,16422278,Ghost,"2026-07-21 15:31:34",555.8,2,andrewtefft
3764,16458309,jyama,"2026-07-21 01:50:28",555.6,2,yarukikun
3765,16385243,Laysen,"2026-07-11 23:52:58",555.6,2,jpauloo
3766,16437348,田口雄大,"2026-07-02 05:20:10",555.3,2,ydi102143
3767,16404778,"Takuma Sakamoto","2026-07-21 01:49:01",555.1,2,takuma0417
3768,16396723,"T Okano","2026-06-20 19:42:06",555.1,1,tokano
3769,16373256,EmoLab,"2026-06-26 20:30:19",555.1,2,chiehieida
3770,16382051,"Masataka Sawada","2026-06-19 05:52:14",554.9,2,masatakasawada
3771,16539190,Rainfun,"2026-07-22 09:52:45",554.9,2,afterrain42
3772,16417680,Gary,"2026-07-16 07:18:37",554.8,2,hsiaogary
3773,16377453,"Gururaj Krishna Sharma","2026-07-08 14:41:20",554.8,2,gururajsharma
3774,16394296,Kasuga,"2026-06-22 06:45:21",554.8,2,kasugasparky
3775,16566286,"Vladimir Mojica","2026-07-18 18:43:24",554.8,1,vladimirmojica
3776,16377593,"Dino Xie","2026-07-09 06:04:14",554.7,2,dinoxie
3777,16445750,サングラスクマ,"2026-07-20 04:21:44",554.6,2,chikotasu
3778,16394588,yuhas0726,"2026-07-18 20:31:25",554.3,2,yuhas0726
3779,16375979,"Jonathan Donham","2026-07-21 02:18:54",554.2,2,jonathandonham
3780,16372576,kyulkyu,"2026-06-18 01:17:27",554.0,2,kyulkyu
3781,16376017,KEN,"2026-06-19 08:31:30",554.0,2,kentamatsumoto1211
3782,16533557,yamiryu,"2026-07-12 08:51:10",553.6,2,yamiryu
3783,16381907,chibakee,"2026-06-28 14:07:53",553.4,2,chibakee
3784,16387557,"Joseph Kharzo","2026-06-23 03:17:33",553.4,2,jekojekojeko
3785,16375925,Kensei,"2026-06-19 04:21:01",553.2,2,kenskens
3786,16378603,"Santipab Tongchan","2026-06-18 05:18:20",553.2,2,santipabtongchan
3787,16466588,pineorpine,"2026-07-22 06:12:49",553.0,2,pineorpine1999
3788,16388371,Masa,"2026-06-24 11:59:14",552.9,2,tomochi
3789,16373254,bukichi,"2026-07-19 08:44:40",552.8,2,bukichi
3790,16498124,"Julian Vignes","2026-07-09 00:51:34",552.7,2,julianvignes
3791,16437307,"Nobu Nagayoshi","2026-07-19 12:29:58",552.7,2,nobunagayoshi
3792,16380567,"Chattso-GPT (Yasuhito Yanagisawa)","2026-06-18 11:01:56",552.2,2,yasuhitoyanagisawa
3793,16376865,CSCMU,"2026-07-06 02:00:50",552.0,2,"saimaisaifah,trukkanchanunt"
3794,16384348,"Lucas Henrique Mateo","2026-06-18 18:21:47",552.0,2,lucashmateo
3795,16373637,"Keach Inoue","2026-07-14 02:55:05",551.8,2,keachinoue
3796,16459131,Ausrine,"2026-07-21 14:07:36",551.7,2,ausrine
3797,16455194,chris,"2026-07-05 15:31:34",551.7,2,chris62
3798,16376196,mocky700,"2026-07-19 10:01:47",551.6,2,"mocky700,suzukihinatadev"
3799,16448708,"Yin Li","2026-06-29 03:57:39",551.4,2,kevin250304
3800,16433546,はっししゅう,"2026-07-12 19:37:02",551.4,2,shusuke07
3801,16411733,"Yehun Jeon","2026-07-16 10:14:45",551.1,2,yehunjeon
3802,16445054,"Naoki Susami","2026-07-10 10:02:44",550.8,2,naokisusami
3803,16386694,syareene,"2026-07-22 12:36:15",550.8,2,syareene
3804,16531312,Mitsuki83,"2026-07-14 04:57:26",550.6,2,mitsuki83
3805,16407413,Libur_,"2026-06-22 16:39:06",550.5,2,liburrr
3806,16372927,"Shun Tsukuda (しゅん)","2026-06-25 10:41:49",549.9,2,shuntsukuda
3807,16385361,"Kazutoshi Inoue","2026-07-19 06:23:17",549.8,2,"kakerusugiyama,kazutoshiinoue,ryumaishiguro"
3808,16395021,ituhime,"2026-07-20 12:47:56",549.8,2,ituhime
3809,16410237,ymandso,"2026-06-23 13:59:31",549.5,2,ymandso
3810,16379986,yasuna,"2026-06-25 13:30:05",549.3,2,yasuna
3811,16373900,Tyrker,"2026-06-21 21:05:51",549.3,2,polregyborja
3812,16448337,"Dmytro Rakovskyi","2026-07-20 07:46:07",549.3,2,dmytrorakovskyi
3813,16531596,"Alexandru A","2026-07-18 08:23:19",549.2,1,alexandrua01
3814,16531958,YDDDDDD999,"2026-07-21 16:58:33",549.2,2,ydddddd999
3815,16383547,joecorder,"2026-06-20 18:49:41",548.9,2,joecorder
3816,16551981,Ashwath,"2026-07-20 16:51:43",548.8,1,shwath42069
3817,16392303,"Jared Luboff","2026-06-19 19:53:36",548.8,2,jaredluboff
3818,16468387,JBMetrix,"2026-07-06 21:40:04",548.5,2,jasonbrewster
3819,16384542,"Kev' Vervier","2026-07-12 19:17:07",548.5,2,kevinvervier
3820,16394799,Dragonite,"2026-07-22 11:12:39",548.2,2,"kargo113,tetsuro731"
3821,16387146,青学技術開発チーム,"2026-07-10 10:53:05",547.7,2,"kojiskt,shusukenambu"
3822,16380843,totoko,"2026-06-20 14:23:59",547.5,2,totoko
3823,16451563,"Shawya Saito","2026-07-10 13:05:47",547.0,2,shawyasaito
3824,16424849,Yizhi,"2026-07-02 08:56:33",546.9,2,yizhitao
3825,16441553,jun.2.tam,"2026-06-28 10:33:02",546.7,2,jun2tam
3826,16402724,YY0422,"2026-07-05 08:08:25",546.7,2,"inuzukichan,yotayamada0422"
3827,16381243,tabby,"2026-06-20 01:14:01",546.6,1,tabby1123
3828,16375662,akamiko,"2026-07-14 07:27:47",546.5,2,akamiko
3829,16383336,tong00,"2026-07-04 14:39:37",546.1,2,tong00
3830,16407472,結君水鶏口,"2026-06-29 17:11:52",545.9,2,ykuina
3831,16383073,littlestronomer,"2026-07-01 14:21:57",545.8,1,littlestronomer
3832,16379523,Konosuke_Takeshima,"2026-06-18 15:25:14",545.8,2,konosuketakeshima
3833,16388324,"Midori Tatasuta","2026-06-20 09:56:54",545.7,2,midoritatasuta
3834,16393767,KOwsd,"2026-07-21 10:23:59",545.7,2,suguruwaseda
3835,16538348,Woong,"2026-07-22 05:27:40",545.6,2,jcwleo
3836,16377317,"Kosuke Izumi","2026-06-19 11:37:40",545.5,2,kizumi0712
3837,16498983,N_Matsumoto24,"2026-07-21 06:13:53",545.5,2,nmatsumoto24
3838,16376914,"Reilly Cooper","2026-06-19 20:37:19",545.4,2,reillycooper
3839,16387855,spa-toni,"2026-06-29 11:06:15",545.3,2,hirotoni
3840,16396030,"Matthew Ji","2026-07-14 22:24:28",545.1,2,matthewji
3841,16431913,sugawarachikara,"2026-07-22 11:12:04",544.9,2,sugawarachikara
3842,16385435,阪田竜生,"2026-06-21 13:41:43",544.9,2,ryusei39
3843,16377449,cocoa_at_jp,"2026-07-22 12:28:32",544.8,2,cocoaatjp
3844,16392626,"Takahiro Matsumoto","2026-06-24 04:32:49",544.7,2,takahirom0221
3845,16538741,I4Kaggle,"2026-07-22 04:41:21",544.4,2,"pallavk,rohanjkul"
3846,16398282,"Opallo Collins","2026-06-21 02:49:03",544.3,2,opallo
3847,16496529,"Suravi Reddy","2026-07-10 17:33:11",544.0,1,suravireddy
3848,16403737,"Edgar Silva R","2026-07-19 05:45:41",543.9,2,edgarsilvar
3849,16401854,FcoUniverse,"2026-07-04 18:25:04",543.9,2,fcouniverse
3850,16581491,wcyue,"2026-07-22 09:40:49",543.6,2,wcyuese
3851,16514472,Fran2026,"2026-07-11 07:08:42",543.5,2,fran2026
3852,16416352,"Patrick Graham","2026-07-01 12:11:24",543.5,2,pabreetzio
3853,16448342,Miao,"2026-07-17 13:46:34",543.4,2,miaohe1
3854,16372377,"DŨNG HỒ ANH","2026-07-12 12:07:06",543.2,2,dnghanh000
3855,16383779,"Rauru Okitani","2026-06-18 16:11:17",543.0,2,rauruokitani
3856,16392142,"Emilio Orozco","2026-07-15 06:47:39",542.9,2,emilioorozco
3857,16375930,くりたんとたけちゃん,"2026-07-19 11:36:22",542.8,2,"highbrid,shaka21,takechang"
3858,16385011,"curry panda ex","2026-06-26 00:05:47",542.6,1,kyopanda
3859,16501368,mori_the_natural,"2026-07-12 13:04:42",542.3,2,morithenatural
3860,16445090,"Chen Hongjie","2026-07-22 09:14:07",542.3,2,"martinthetechie,tigerbalmking"
3861,16376181,Ko,"2026-07-19 14:47:00",542.2,2,komurase
3862,16378610,600505-ศิวกร,"2026-06-19 02:55:32",542.2,2,siwakornseeswan
3863,16398371,"hirotaka kaminishi","2026-07-02 03:04:30",542.0,2,hirotakakaminishi
3864,16383335,Kouhei　Sakamoto,"2026-06-22 11:57:06",541.8,2,kohesaka
3865,16397824,osakana_daisuki,"2026-06-27 12:46:39",541.6,2,osakanadaisuki
3866,16375738,currypurin,"2026-07-12 08:26:43",541.5,2,currypurin
3867,16551172,Michunlinnai,"2026-07-15 16:57:37",541.4,2,michunlinnai
3868,16383357,"Sholtis Labs","2026-07-17 14:44:53",541.3,2,sholtislabs
3869,16373408,Valkyrja,"2026-06-23 14:22:05",541.3,2,valkyrja3607
3870,16389180,fu,"2026-07-22 13:12:24",541.2,2,pot3823
3871,16505199,"Yongbing Tang","2026-07-13 05:35:35",541.0,2,yongbingtang
3872,16411438,Yut176,"2026-06-29 09:01:45",540.8,2,yut176
3873,16392082,shoot0645,"2026-07-12 14:13:54",540.7,2,shoot0645
3874,16426093,takuya008,"2026-07-08 12:06:04",540.6,2,takuya008
3875,16489828,"Yuki Yaguchi","2026-07-21 22:24:23",540.5,2,yaguchan
3876,16430143,KAgent71,"2026-07-22 03:46:04",540.5,2,Rlax71
3877,16373504,"沢栗 ぺんた","2026-06-27 17:06:00",540.4,2,pentasawaguri
3878,16371384,gawa0000,"2026-07-19 17:51:03",540.4,2,gawa0000
3879,16557143,"Namir Chaudry","2026-07-17 21:33:52",540.4,2,namirchaudry
3880,16537903,YangjieFu,"2026-07-15 02:02:23",540.1,2,yangjiefu
3881,16461466,"Sheik Javeed","2026-07-06 04:42:59",540.1,2,jdcodes
3882,16450601,"H IMedit","2026-07-20 11:28:52",540.0,2,himedit
3883,16441240,norosen,"2026-07-05 09:15:10",539.9,2,norosen
3884,16387464,kkkk,"2026-07-22 13:08:24",539.7,2,kkkk4649
3885,16392427,"Gengar Gangsters","2026-06-29 22:43:07",539.6,2,tafhimchowdhury
3886,16400857,sakura_atm,"2026-06-26 15:24:33",539.3,2,sakuraatm
3887,16394598,sunnariwakaru,"2026-06-19 22:53:55",539.3,1,sunnariwakaru
3888,16554304,blahaj,"2026-07-22 08:32:59",539.0,2,blahaj
3889,16427039,Wobbuffet,"2026-07-12 11:30:18",539.0,2,severl
3890,16380333,"Hiroki Maruo","2026-07-22 00:03:24",538.8,2,hirokimaruo
3891,16441777,henrytb,"2026-07-13 08:29:25",538.7,2,henrytb
3892,16557256,Doug,"2026-07-22 13:47:36",538.6,2,dougsgrott
3893,16376249,Jay,"2026-07-20 08:28:45",538.6,2,a22658802
3894,16393068,pokelarp,"2026-06-21 10:49:08",538.5,2,jellyjampeanut
3895,16382443,berry8192,"2026-07-05 14:45:29",538.2,2,berry8192
3896,16376182,ポケカ頑張る,"2026-07-17 13:20:10",538.1,2,junmiyazakikaggle
3897,16377432,kapenon,"2026-06-19 14:36:25",538.1,1,kapenon
3898,16392620,ZealChou,"2026-06-30 16:10:07",538.1,2,zealchou
3899,16376875,torii_kujirapoke,"2026-06-23 14:11:56",538.0,2,kujirapoke
3900,16394596,nikepoke,"2026-07-20 04:15:54",538.0,2,nikepoke
3901,16385178,zumatin,"2026-07-03 02:59:23",538.0,2,azumasosuke
3902,16381540,Spacekuma,"2026-07-01 08:39:35",538.0,2,kimsunghyun76
3903,16421289,flatton,"2026-06-30 15:34:12",538.0,2,tomokifujihara
3904,16441867,KazIWATA,"2026-07-09 13:02:33",537.7,2,kaziwata
3905,16509587,BSCode,"2026-07-20 21:15:19",537.7,2,bscode
3906,16377821,長谷川太一,"2026-06-23 07:19:29",537.6,2,taichihasegawa1122
3907,16417469,"Samuel Birocchi","2026-06-24 20:40:57",537.4,2,samuelbirocchi
3908,16486263,takemurahironori,"2026-07-22 03:45:50",537.3,2,takemurahironori
3909,16381303,koki334,"2026-07-03 19:23:00",537.3,2,koki334
3910,16403656,"Akhil Kumar060","2026-06-25 17:12:04",537.3,2,akhilkumar060
3911,16403820,RedBaseline,"2026-07-09 22:54:22",537.3,2,przemekprzybya
3912,16375911,yonemasa,"2026-07-13 13:51:42",537.2,2,yonemasa
3913,16457643,Baodewen,"2026-07-03 09:14:49",536.5,1,baodewen
3914,16533006,Minami-Sama,"2026-07-20 14:57:45",536.4,2,minamisama
3915,16463755,"Hwan Chang","2026-07-02 16:19:08",536.3,2,hwanchang
3916,16479810,"Sébastien MATHIEU","2026-07-04 03:04:27",536.1,2,negtitep
3917,16380862,"Famous VibeCoder On The Earth","2026-07-21 05:16:05",535.9,2,"chenstillstude,jevanmarcelius,sikuree"
3918,16404743,tahi,"2026-07-20 05:03:04",535.9,2,tahisan
3919,16414446,Nidy,"2026-06-26 13:13:39",535.6,1,"huihungchen0606,nikolayganozov"
3920,16463332,"Galib Natsir","2026-07-21 20:32:38",534.7,2,galibnatsir
3921,16376408,hk15,"2026-06-18 21:52:23",534.6,2,"harshakrishna15,insainian,nawfalak"
3922,16378194,孤独のコーヒー,"2026-07-10 03:23:55",534.5,2,solitarycoffee
3923,16394348,"Shirag Maharaj","2026-07-08 10:09:49",534.3,2,chaksquieto
3924,16418381,treo_hihihi,"2026-06-27 14:19:25",534.0,2,treohihihi
3925,16394316,"Kotaro Seki","2026-07-09 08:17:19",534.0,2,kotaroseki
3926,16389569,Yuki_Kaneko,"2026-06-27 04:34:09",533.9,2,yukikanek0
3927,16377570,VeeVee!Go,"2026-06-25 19:19:21",533.7,2,yuafox
3928,16482230,passion,"2026-07-13 15:25:11",533.7,2,lanmaogen
3929,16397687,JuhoPark94,"2026-06-22 00:14:37",533.7,2,juhopark94
3930,16484860,ろーずいんてり,"2026-07-21 12:59:17",533.7,2,rose2509
3931,16375090,"n shuhei","2026-06-17 19:13:11",533.6,2,sapphirens
3932,16385537,keithtyser,"2026-06-29 21:20:21",533.5,2,keithtyser
3933,16380732,"TABOUT MHAMED","2026-06-20 15:30:00",533.4,2,taboutmhamed
3934,16382065,しみずたいせい,"2026-07-10 11:44:34",533.0,2,shimizu223
3935,16583368,"Luca Chianese","2026-07-22 10:36:51",532.7,1,lucachns
3936,16392320,"MADICHETTY SAI RUCHITHA","2026-06-19 07:34:15",532.7,2,madichettyruchitha
3937,16441729,NekoChan-NekoChan,"2026-07-22 12:33:13",532.4,2,nekochannekochan
3938,16411067,Alphote,"2026-07-01 06:07:56",532.2,2,alphote
3939,16560869,bigdan7,"2026-07-18 22:05:07",532.2,2,bigdan7
3940,16544854,"Feroz Ahmed DS","2026-07-14 16:56:00",531.8,1,ferozahmedds
3941,16483089,aile-dev283,"2026-07-05 08:23:53",531.7,2,ailedev283
3942,16395996,ninjya777,"2026-06-30 17:06:47",531.6,2,ninjya777
3943,16409925,zone9studio,"2026-07-18 18:34:46",531.0,2,zone9studio
3944,16385655,gaskitcg,"2026-06-18 02:52:19",530.9,1,"agustinperkins,gaskitcg,leofernandezdasilva"
3945,16411524,suikkee,"2026-07-20 04:41:45",530.7,2,suikkee
3946,16557792,ユウカ,"2026-07-18 03:45:41",530.7,2,yuukanekko
3947,16487856,Choco,"2026-07-22 12:17:33",530.7,2,cheuklunho
3948,16391124,"[Deleted] d2d01a41-e61c-4d9b-b355-e1424512bf13","2026-06-18 22:06:10",530.6,1,del=c46db3e99f3200e7
3949,16475008,"Charles A Herbst","2026-07-15 06:53:29",530.5,1,charlesaherbst
3950,16497595,"Felipe Sens Bonetto ","2026-07-07 21:09:46",530.4,2,felipesens
3951,16457806,"Soma Nakamura","2026-06-30 08:25:07",530.1,1,centralinux
3952,16488305,"Ravi Carry Us","2026-07-21 09:14:06",530.1,2,"dimasibnumuthi,raviaprakoso"
3953,16395478,Gappy,"2026-07-14 14:01:43",530.0,2,takahirohigasa
3954,16412905,"Ivan Kalesnik","2026-06-23 08:24:12",529.9,2,ivankalesnik123
3955,16382362,Ykst51,"2026-06-27 19:25:58",529.9,2,ykst51
3956,16381480,naoto714,"2026-07-19 07:42:46",529.9,2,naoto714
3957,16548529,土佐黒潮共和国,"2026-07-22 09:48:23",529.8,2,"ayataka500ml,kanimisoni,seronias,tsugesatoshi,yngd99"
3958,16466713,builds,"2026-07-01 14:57:48",529.7,2,seowonjang
3959,16485280,LCZ1996,"2026-07-18 09:25:02",529.6,2,lcz1996
3960,16374911,MrSamu18,"2026-06-28 16:02:15",529.6,2,mrsamu18
3961,16397083,yoshikawa,"2026-06-19 23:36:02",529.4,2,shogo1
3962,16395461,Zbida,"2026-07-03 11:39:15",529.3,2,zbidaamine
3963,16412654,"Yifang Zhang","2026-07-12 06:10:50",529.2,2,yiiiiiifang
3964,16417856,"César Adrián Delgado Díaz","2026-07-17 17:03:10",529.0,2,cesardelgado
3965,16420662,hatucky,"2026-07-19 20:59:09",528.9,2,hatucky
3966,16403595,FromAtom,"2026-07-06 01:23:48",528.8,2,fromatom
3967,16382915,highwide,"2026-07-15 14:34:34",528.7,2,highwide
3968,16371835,RIIIIIIIteq,"2026-06-24 06:00:13",528.6,2,rii07matsu
3969,16552632,"Asterios Terzis","2026-07-16 00:53:25",528.6,2,asteriosterzis
3970,16389252,re_eee_ne,"2026-06-27 14:12:34",528.5,2,reeeene
3971,16380500,"Haekal D","2026-07-22 12:06:02",528.5,2,"haekald,rintsuda"
3972,16377962,Javakky,"2026-07-19 13:58:30",528.5,2,javakky
3973,16460819,yuukinos,"2026-07-02 02:37:44",528.2,2,yuukinos
3974,16381461,"Jales Ferreira","2026-06-22 02:50:04",528.0,2,jalesferreira
3975,16371544,syamoji141,"2026-06-26 23:22:25",528.0,2,syamoji141chan
3976,16379914,"Ryusei Murakami","2026-06-17 18:28:44",527.8,1,ryuseimurakami
3977,16486470,Ryoji.Yokosawa,"2026-07-22 04:58:34",527.8,2,ryojiyokosawa
3978,16415802,"KUSHAGRA MATHUR","2026-07-21 21:17:01",527.8,2,kushubhai
3979,16532036,"Galang Dewangkara","2026-07-22 04:34:11",527.6,2,galangdewangkara616
3980,16394785,KinpatsuPoke,"2026-07-17 14:09:40",527.5,2,"ftoyomatsu,kinpatsupoke"
3981,16376308,"Jane Long","2026-07-01 04:22:02",527.5,2,maisonhortensia
3982,16381016,"soba sobasoba","2026-06-20 15:21:30",527.0,2,sobasobasoba
3983,16394076,"Miltank Lovers","2026-07-01 17:44:06",527.0,2,y305205
3984,16400172,eikichi,"2026-07-22 03:59:03",526.8,2,ekichi
3985,16397186,zegure392end5321d,"2026-06-27 12:53:55",526.7,2,zegure392end5321d
3986,16371996,おちゃ,"2026-07-03 03:42:11",526.7,2,ocha4728
3987,16416580,ottojr,"2026-06-25 15:28:22",526.6,2,ottmanbenlarch
3988,16387037,"ParrotHunter HD","2026-06-19 12:03:46",526.5,2,parrothunterhd
3989,16392156,esu_mitsunari,"2026-06-19 03:47:51",526.3,2,esumitsunari
3990,16510258,"YI-EN FANG","2026-07-11 08:38:22",526.3,1,yienfang
3991,16426844,Felis,"2026-07-22 12:25:08",526.1,2,ilyaafanasenko
3992,16513137,"Carles Villar Vegara","2026-07-21 12:51:52",526.0,2,carlesvillarvegara
3993,16579757,"Jasurbek Akhunov","2026-07-21 10:08:46",525.8,2,jasurbekakhunov
3994,16373786,taichi-1,"2026-06-16 17:01:29",525.8,2,taichiiskw
3995,16378882,"chihiro tomioka","2026-06-30 06:13:18",525.6,2,chihirotomioka
3996,16377875,"Atom McCree","2026-06-17 06:28:11",525.5,2,atommccree
3997,16384407,Totomatotomato,"2026-06-28 15:59:05",525.3,2,totomatotomato
3998,16421438,HEROPAP,"2026-06-29 02:18:01",525.3,2,heropap
3999,16379587,"Mohammad Hatoum","2026-06-17 11:59:44",525.3,2,mohammadhatoum
4000,16400525,"Pepijn Langeraert","2026-07-07 17:42:44",525.2,2,pepijnlangeraert
4001,16391426,suraki0120,"2026-07-04 18:12:28",525.0,2,suraki0120
4002,16443392,inoue0x54,"2026-07-04 01:25:03",524.9,2,inoue0x54
4003,16374020,ha-sanC4,"2026-06-20 17:44:13",524.9,2,hasanc4
4004,16419093,ApoloVTGC,"2026-07-19 10:17:22",524.9,2,apolovtgc
4005,16380565,Issy,"2026-06-18 10:45:44",524.7,2,issytechie
4006,16437424,Glucosamine,"2026-07-22 10:23:47",524.7,2,glucosamine
4007,16390927,"Anh Lam","2026-07-01 05:26:26",524.5,2,amelialam
4008,16378845,DDDomyo,"2026-06-22 08:11:22",524.4,2,"dddomyo,loxonin"
4009,16387849,Oikon,"2026-06-24 15:22:28",524.4,2,oikon48
4010,16508877,"Team Shelecter","2026-07-12 02:57:59",523.9,2,sheltron
4011,16419152,yayoc,"2026-07-15 12:33:45",523.8,2,yayoctokyo
4012,16383715,"Léo DEVIN","2026-06-30 06:47:56",523.7,2,lodevin
4013,16377805,machiko_osada,"2026-06-17 12:24:23",523.7,2,machikoosada
4014,16386871,kanana-studio,"2026-07-07 09:42:02",523.5,2,kananastudio
4015,16482418,izaruz,"2026-07-03 18:09:59",523.5,2,izaruz
4016,16383121,あむ,"2026-07-05 00:15:39",523.4,2,nike017
4017,16373505,Rich,"2026-06-26 06:50:23",523.3,2,richkastl
4018,16462081,Studdelston000,"2026-07-11 15:31:22",523.1,2,studdelston000
4019,16558568,mumutu66,"2026-07-22 12:14:45",522.9,2,mumutu66
4020,16395423,fakermitu,"2026-07-03 14:40:59",522.5,2,fakermitu
4021,16382023,"Ilan Schapira","2026-07-20 00:48:46",522.5,2,ilanschapira
4022,16388754,Delibird,"2026-07-09 06:38:46",522.1,2,"sairium,zoira1513"
4023,16385730,"Martin Stoyanov","2026-06-27 19:38:08",521.8,2,"martinstoyanov,victorst3"
4024,16583866,"Shaw Sebastian","2026-07-22 08:26:30",521.7,2,shawsebastian
4025,16372910,s2terminal,"2026-06-17 15:44:05",521.6,2,s2terminal
4026,16490025,"Aimee Stone","2026-07-05 20:32:54",521.6,2,aimeestone
4027,16375492,"Kazuto Matsui","2026-07-08 16:02:44",521.5,2,kazutomatsui
4028,16573247,"Nguyễn Minh Chiến","2026-07-22 05:32:10",521.4,2,nmc27705
4029,16373041,okadayuki,"2026-06-20 04:35:54",521.4,2,okada2023
4030,16405204,uttc,"2026-07-21 06:48:13",521.2,2,juichunyen
4031,16377093,"KT MATA","2026-06-28 05:07:50",521.0,2,ktmata
4032,16383398,"Remi Wynthein","2026-07-01 17:19:01",520.9,2,remiwynthein
4033,16507005,"[Deleted] 9fd16867-38ea-430d","2026-07-08 18:19:40",520.5,2,yfrite
4034,16382989,MatsuyamaKAiho,"2026-06-18 13:05:47",520.5,2,matsuyamakaiho
4035,16496843,LizardAPN,"2026-07-12 10:49:40",520.4,2,lizardapn
4036,16384579,Dons,"2026-06-29 00:43:43",520.3,2,"jonanakaiml,paulyokota"
4037,16394718,AILogDev,"2026-06-21 00:58:58",520.1,2,ailogdev
4038,16472188,AdityaKrishnamurthy,"2026-07-13 17:21:58",519.9,2,krishaditya
4039,16394789,"Roman Vinogradov","2026-06-20 11:56:35",519.8,2,romanvinogradov
4040,16450350,"shinagawa monjiro","2026-07-02 06:30:27",519.8,2,shinagawamonjiro
4041,16385633,ys1997,"2026-06-29 20:14:10",519.8,2,ys0923
4042,16381515,atsuken,"2026-06-18 04:51:52",519.7,2,atsuken78
4043,16382536,田中裕大,"2026-06-21 08:26:02",519.5,2,nico9677
4044,16394944,sakuyuna,"2026-06-22 13:55:04",519.5,2,sakuyuna
4045,16392782,"Hiroto Tarora","2026-07-17 04:09:32",519.4,2,hirototarora
4046,16384024,"Francisco Vargas","2026-07-01 19:37:06",519.2,2,franciscovargas
4047,16411543,"Maxwell Goisman","2026-06-27 00:02:32",519.2,2,maxwellgoisman
4048,16472282,yujifuji,"2026-07-20 11:53:53",519.2,2,yujifuji
4049,16580568,MarKoz,"2026-07-21 11:52:05",519.1,1,sirgauda
4050,16530983,"Danila Lebedev","2026-07-11 09:26:11",519.1,2,danilalebedev
4051,16392780,tstakeda,"2026-07-04 00:59:33",518.8,2,tstakeda
4052,16557265,"weihao huang2004","2026-07-20 04:12:22",518.5,2,weihaohuang2004
4053,16557577,photunix,"2026-07-20 23:35:05",518.4,2,photunix
4054,16374251,RyotaroAbe,"2026-06-19 16:35:07",518.2,2,ryotaro45123
4055,16489400,hiro_c58,"2026-07-09 00:29:29",517.9,2,hiroc58
4056,16480850,"Minal kharat123","2026-07-04 00:50:34",517.8,2,minalkharat123
4057,16488765,Scio,"2026-07-20 08:26:16",517.5,2,siamrahman29
4058,16389771,"Yuki Higashi","2026-07-21 16:06:03",517.4,2,yukihigashi
4059,16414955,dT3Tbx,"2026-07-03 16:16:33",517.3,2,dt3tbx
4060,16375770,Condor,"2026-06-21 00:22:41",517.3,2,ryoyaiwatsu
4061,16448573,Paami,"2026-07-07 03:41:21",517.1,2,coldpaami
4062,16406207,"T U (seiryu0730)","2026-07-15 08:35:59",517.1,2,tuseiryu0730
4063,16505792,"Gauravpreet Singh","2026-07-15 20:54:00",516.8,2,gauravpreetsingh
4064,16379706,Yugoawawa,"2026-06-20 17:53:38",516.8,2,yugoawawa
4065,16420176,chaojiwudiwujie,"2026-06-23 10:06:36",516.7,1,chaojiwudiwujie
4066,16382184,"Ren Yamazaki","2026-06-18 10:27:18",516.6,2,renyamazaki
4067,16380704,UJ_shinozaki,"2026-06-20 12:31:21",516.6,2,ujshinozaki
4068,16391205,Watta,"2026-07-11 23:10:37",516.6,2,watta7
4069,16375919,"crey joswick","2026-06-21 21:24:52",516.6,2,creyjoswick
4070,16441043,"Team picoea4rll","2026-07-20 16:02:59",516.5,2,"ea4rll,pico331"
4071,16389072,Anmol611,"2026-06-23 22:19:57",516.1,2,anmol611
4072,16392758,RadicalAceK,"2026-06-24 05:13:19",516.0,1,radicalacek
4073,16426904,lowbackpain-slime,"2026-06-24 14:51:07",515.8,2,lowbackpainslime
4074,16374846,"Tomoya Otani","2026-06-17 05:30:06",515.8,2,tomoyaohtani
4075,16373432,torusuke,"2026-07-17 13:32:34",515.4,4,"kokenbo,saneyukimakino,torusuke"
4076,16466201,"Hideo Mamiya","2026-07-16 14:32:38",515.3,2,mamihide
4077,16475633,"Kota Morimoto","2026-07-15 14:46:03",515.2,2,kotamorimoto
4078,16403704,Shinichi,"2026-06-28 08:44:14",515.1,2,shinuk
4079,16374875,Morcillones,"2026-07-13 21:08:48",515.1,2,"davidbacasposadas,ismaelsallamimoreno,jugabe24,julincarrin,xjoseangel"
4080,16373611,"Koshiro Yasuyama","2026-06-18 22:34:37",515.1,2,koshiroyasuyama
4081,16379331,The8BitsLab,"2026-06-20 22:07:23",515.0,2,the8bitslab
4082,16404334,"Varish Guharaman","2026-07-01 00:30:30",515.0,2,varishguharaman
4083,16565727,Remielle,"2026-07-22 02:05:46",514.9,2,remielle
4084,16380953,DiadoraTCG,"2026-06-24 01:58:09",514.8,2,diadoratcg
4085,16402543,中村文彌,"2026-06-28 16:52:49",514.5,2,nfphys
4086,16381075,hymn_fun,"2026-06-17 16:12:42",514.4,2,hymnfun
4087,16373421,ajisto,"2026-06-21 08:27:20",514.4,2,matsukuboyasuki
4088,16401805,YK-Orfeluna,"2026-06-28 16:12:26",513.9,2,yukikitagishi
4089,16402948,"hisa ito","2026-06-22 08:20:20",513.7,2,itohisato
4090,16488992,ebikazuki,"2026-07-20 12:25:58",513.6,2,ebikazuki
4091,16544223,Tim2006,"2026-07-22 10:12:29",513.1,1,tim2006
4092,16381488,sh1nduu,"2026-07-12 03:23:56",512.8,2,sh1nduu
4093,16450656,"Emanuel Lázaro","2026-06-29 16:19:44",512.7,2,emanuellcs
4094,16419574,odakazu,"2026-06-24 17:28:47",512.7,2,odakazu
4095,16387225,黒田彩人,"2026-07-22 07:47:42",512.7,2,ayato0705
4096,16474814,"Tilak Varma","2026-07-21 16:40:24",512.6,2,xenowing
4097,16378307,d_tree_love,"2026-06-21 00:37:30",512.5,2,yuki11ii
4098,16393218,"Chiachii Liang","2026-07-19 01:21:48",512.4,2,chiachiiliang
4099,16378010,"Diego Pacheco","2026-06-26 02:34:40",512.4,1,diegopacheco42
4100,16382127,"Shridipa ","2026-06-17 17:59:05",512.4,2,shridipa
4101,16381128,"Aditya Sasidhar","2026-06-17 12:50:35",512.3,2,tadityasasidhar
4102,16382181,shuto_shizuku,"2026-06-29 12:35:53",512.3,2,shutoshizuku
4103,16576994,"Martin Balla","2026-07-22 12:49:36",512.2,2,martinballa
4104,16377108,BlueSteel,"2026-06-21 07:40:38",512.1,2,zhy65401
4105,16387809,"Jack Gell","2026-07-19 18:17:00",512.0,2,jackgell
4106,16376412,yuanzhiyi,"2026-07-03 09:40:28",511.9,2,yzy114514
4107,16383949,genki_hagata,"2026-07-22 06:13:46",511.9,2,genkihagata
4108,16385693,"Gonzalo Asencio","2026-06-19 23:13:34",511.9,2,gonzaloasencio
4109,16398021,TakapS,"2026-06-30 13:06:33",511.9,2,"hiromoon166,takaps"
4110,16394554,pokecrey,"2026-07-08 12:23:38",511.7,2,thalleseboli
4111,16376672,"Yuto Umehara","2026-07-10 01:57:11",511.5,2,yutoumehara
4112,16371808,Pranay,"2026-06-19 09:00:11",511.5,2,pranay7867
4113,16432276,ljdzzz10,"2026-06-28 11:48:29",511.4,1,ljdzzz10
4114,16386376,monyai,"2026-06-20 11:52:29",511.4,2,monyai
4115,16489179,"Mingzhengxuan Wu","2026-07-10 09:22:49",511.3,1,w5555w5
4116,16375106,nd77dn,"2026-06-20 07:17:59",511.3,2,nd77dn
4117,16425239,minoruno,"2026-07-03 13:48:51",510.5,2,leila18
4118,16496190,TalentAI,"2026-07-06 16:44:27",510.0,1,ghostlytalent
4119,16371774,町田遥裕,"2026-06-19 08:17:06",510.0,2,zibamu
4120,16375129,"Bambang Satmoko","2026-07-05 16:36:15",509.9,2,investo
4121,16380984,"Toshiko Miyake","2026-07-21 13:35:02",509.9,2,toshikomiyake
4122,16375754,イチノセ,"2026-06-18 01:21:13",509.9,2,ichinose3
4123,16393404,"YAMAGUCHI Tatsuto","2026-07-22 01:34:26",509.8,2,yamaguchitatsuto
4124,16373158,akr2428,"2026-07-20 09:09:20",509.7,2,akr2428
4125,16515619,Sylvanas9527,"2026-07-18 15:13:28",509.7,2,sylvanas9527
4126,16373014,ZAOUI_Yassine,"2026-06-16 15:21:57",509.7,2,zaouiyassine
4127,16444589,Liz,"2026-07-21 17:53:14",509.6,2,lizgarcia3
4128,16377068,"Zero Coke","2026-06-17 07:01:42",509.2,1,zer0coke
4129,16372740,SunaD0630,"2026-07-20 23:45:50",509.2,2,sunad0630
4130,16398966,UTSA-NLP,"2026-06-20 05:19:21",508.8,1,zephyrs
4131,16399967,"Kiyotaka Kobayashi","2026-07-13 11:03:13",508.8,2,kiyotakakobayashi
4132,16379397,"Takuma Ishii","2026-06-17 15:56:09",508.7,2,takumaishii
4133,16410131,"Hidden State Labs","2026-07-07 18:21:21",508.6,2,syedhamzaai
4134,16569983,Jason-Oh,"2026-07-21 17:56:44",508.6,2,dossantoss
4135,16376201,poolim,"2026-07-04 01:53:50",508.5,2,poolim
4136,16378050,TAKESHI7676,"2026-07-14 09:53:06",508.3,2,takeshi7676
4137,16376228,"Hondo Tamez","2026-06-17 12:07:37",508.2,2,hondotamez
4138,16516407,takuei,"2026-07-21 10:28:59",508.2,2,takuei
4139,16372496,"Yuya Shintani","2026-06-17 03:33:34",508.2,2,uplus26e7
4140,16440390,"Lazy Bandit","2026-06-30 18:54:48",508.0,2,lazybandit
4141,16561588,"Davaughn Hoots","2026-07-20 02:53:31",507.9,2,davaughnhoots
4142,16382702,kawasaki12,"2026-07-01 02:25:47",507.9,2,titanic12
4143,16535119,BullFloG,"2026-07-18 21:56:30",507.8,2,bullflog
4144,16374388,onionring26,"2026-07-06 02:09:38",507.7,2,"momentummm,onionring26,skota0815"
4145,16374904,CPAO,"2026-07-02 17:51:25",507.6,2,"jgrimesey,sirfelyne"
4146,16372044,nozmulll,"2026-06-17 16:47:15",507.6,2,nozmulll
4147,16447014,setsuhei,"2026-07-07 13:04:13",507.4,2,kaomori
4148,16472948,"Yutaro Iizuka","2026-07-22 06:31:24",507.4,2,yutaroiizuka
4149,16378806,TakayukiSPIC,"2026-06-17 14:43:58",507.4,1,takayukispic
4150,16381315,colapis,"2026-07-06 11:17:38",507.0,2,colyamo
4151,16430657,"Phil Franco","2026-07-18 14:42:32",506.7,2,pcfranco05
4152,16424814,TrentXr4y,"2026-06-26 05:40:18",506.6,2,trentxr4y
4153,16552052,HACKSTREETBOYZ,"2026-07-22 08:57:28",506.6,2,"sohamphulare,vanshlilani1535,warmoks"
4154,16395567,ZAMA,"2026-06-28 07:54:29",506.4,2,faizaan76
4155,16424467,eld,"2026-07-20 02:21:57",506.3,2,"eldjimbo,shugadev"
4156,16392426,"Jahan Kazimi","2026-06-19 06:39:10",506.1,2,jahankazimi
4157,16395289,washidesu,"2026-07-21 09:02:22",506.1,2,washidesu
4158,16376925,czechmix,"2026-07-19 07:22:25",506.0,2,czechmix
4159,16385452,SoshiSaito,"2026-07-17 08:39:51",505.9,2,"soshisaito,yumorisue"
4160,16400618,"Made a Beautiful Bouquet","2026-07-08 07:01:53",505.7,2,zaiwubian
4161,16372819,CIARANA,"2026-07-22 06:23:06",505.6,2,ci4r4n4
4162,16446527,Yucahu,"2026-07-21 16:41:03",505.4,2,drakus74
4163,16376238,KanaWorksAI,"2026-06-18 06:49:21",505.4,2,kanaworksai
4164,16381449,kouta0226,"2026-06-19 08:22:06",505.4,2,kouta0226
4165,16378470,NAUTANAKA,"2026-07-15 02:25:47",505.2,2,nautanaka
4166,16375917,coba11,"2026-07-06 01:11:05",505.1,2,kenkkkk
4167,16379476,MasaPokemon,"2026-07-21 23:38:42",505.0,2,masapokemon
4168,14467238,"Addison Howard (ineligible)","2026-07-22 00:01:04",505.0,2,addisonhoward
4169,16399106,ei8171,"2026-07-17 23:47:41",505.0,2,ei8171
4170,16371578,Jimmer,"2026-06-18 19:28:26",504.7,2,przemysawonr
4171,16427728,Yz,"2026-07-03 20:12:58",504.5,2,koutaabe
4172,16376036,"Koki Saitoh","2026-07-04 23:01:04",504.3,1,kokisaitoh
4173,16490963,"Szymon Kłapiński","2026-07-06 11:23:41",504.1,2,szymonkapiski
4174,16374132,太田颯紀,"2026-07-18 14:35:06",504.1,2,satsuki0kaggle
4175,16531360,yaoxun,"2026-07-21 08:01:44",504.0,2,yaoxun
4176,16377683,GoodWill,"2026-07-16 12:08:51",504.0,2,takafumisaito
4177,16474293,Rattanunt,"2026-07-04 08:37:09",504.0,2,rattanunt
4178,16392396,"Rushil Ramachandran","2026-06-22 04:07:45",503.2,2,rushilramachandran
4179,16404601,HeartGold,"2026-06-21 20:22:23",503.2,2,sevenastro
4180,16383764,"Lucas Sterniak","2026-07-02 22:21:52",503.1,2,lucassterniak
4181,16460121,PikachuKawaii,"2026-07-02 00:21:52",502.8,2,"yanwenwang2001,zjwxdu,zyliangk"
4182,16377876,rｍrm129,"2026-06-24 05:26:07",502.6,2,rrm129
4183,16472206,yk-3141,"2026-07-10 00:19:57",502.5,2,yk3141
4184,16408529,"Anuj Saha","2026-06-23 09:55:04",502.3,2,anujsaha0123456789
4185,16395332,"Cool Ryans","2026-07-17 08:49:51",502.2,2,"jakubpasenfujka293,maxmen11"
4186,16387317,Fの人,"2026-06-22 03:29:03",501.9,2,"kanamori4,merilynk66,yorusuki58"
4187,16578264,Zadios,"2026-07-22 07:49:26",501.9,2,zadios
4188,16515149,"Juan Neira","2026-07-22 06:13:04",501.9,2,juancneira
4189,16372312,siguremon,"2026-06-21 15:18:47",501.8,2,siguremon
4190,16380338,MORU,"2026-06-21 05:33:40",501.8,2,morihibiki
4191,16405299,"Trinity Tea Party","2026-07-20 07:22:38",501.8,2,"keitaroboin,macha7187,tangtheta"
4192,16584567,"Pengchao Zheng","2026-07-22 12:43:41",501.7,2,pengchaozheng
4193,16425412,ggbong,"2026-07-22 01:07:31",501.4,2,ggbong
4194,16394636,Hamish,"2026-06-19 17:57:08",501.0,2,hamishdickson
4195,16372285,Fumisky,"2026-06-17 14:49:40",500.9,1,fumisky
4196,16396104,"Seymon Zhang","2026-06-20 03:22:38",500.8,2,seymonzhang
4197,16474254,fishcat,"2026-07-19 06:49:30",500.8,2,fishcat37
4198,16470800,"Timothy Bender (TBenderMMA)","2026-07-14 00:27:29",500.4,2,timothybendertbender
4199,16403602,"Clanishing Hammers","2026-07-14 12:16:08",500.2,2,"alexhounsell,bentaylor03,billiamwungas,c9nnor,jesseamara"
4200,16380544,pickles0923,"2026-06-24 17:11:08",499.9,2,pickles0923
4201,16495773,"Kazumasa Endo","2026-07-15 14:19:42",499.9,2,"kazumasaendo,onarione"
4202,16533750,PLLZ,"2026-07-14 14:26:57",499.9,2,pllzzz
4203,16381617,"hiroto fujimori","2026-06-19 13:26:38",499.7,2,hirotofujimori
4204,16429418,ScottZiemke,"2026-07-22 01:37:24",499.6,2,remynk
4205,16432270,yu_yukk_y,"2026-07-12 15:37:50",499.5,2,"s2010119,yuyukky"
4206,16479944,"Chiu,Meng-Tse","2026-07-21 08:34:07",499.4,2,"chiumengtse,shenhanxi506"
4207,16399644,"Jianzhou Liu","2026-07-06 11:10:48",499.2,2,"jianzhouliu,jusintfx"
4208,16530295,"Cintia I. Shinoda","2026-07-12 18:07:52",498.9,2,shinoda
4209,16371538,Maxim,"2026-06-16 12:35:05",498.7,2,ektarr
4210,16395619,delightening,"2026-06-24 06:01:30",498.7,2,delightening
4211,16382523,CodeHacker,"2026-06-30 12:53:16",498.5,2,junhanzangai
4212,16389318,toru,"2026-07-07 11:36:34",498.4,2,torunagano
4213,16445356,saladoil,"2026-07-10 00:43:45",498.4,2,saladoil
4214,16377520,sh1kuwasa,"2026-06-17 17:09:29",498.2,2,sh1kuwasa
4215,16581147,Itoochu,"2026-07-22 14:00:50",498.2,2,itoochu
4216,16442545,"IMMANUEL SAM PRADEEP S","2026-07-21 15:39:48",498.0,2,immanuelsampradeeps
4217,16383493,KanaeKanae,"2026-07-22 11:50:51",497.9,2,kanaekanae
4218,16574884,MDPRO,"2026-07-22 11:00:19",497.8,2,lazzyboy
4219,16514208,"Roberto Iovino","2026-07-13 08:35:58",497.8,1,robertoiovino
4220,16565557,"Xin Hang Xu 123","2026-07-21 14:58:23",497.5,2,xinhangxu123
4221,16384703,"Danik Hollatz","2026-06-17 22:00:15",497.5,1,dankopenko
4222,16551860,"Arnie Jimenez","2026-07-20 16:45:56",497.5,2,arniejimenez
4223,16494258,jhammer4,"2026-07-10 07:42:44",497.5,2,jhammer4
4224,16427437,"masaaki imai","2026-06-24 13:21:56",497.4,1,masaakiimai
4225,16389449,oliver,"2026-06-30 16:33:43",497.4,2,oliverlang
4226,16488693,"Arijit Chowdhury (IIITD)","2026-07-06 09:17:59",497.3,2,arijitchowdhuryiiitd
4227,16579823,Luminousci,"2026-07-22 08:48:55",497.3,2,luminousci
4228,16371844,"村岡宙武（ムラオカ ヒロム）","2026-07-22 02:27:35",497.2,2,muchi666
4229,16380163,AFC,"2026-06-20 19:01:32",497.1,2,"ashipann,homuragg"
4230,16382171,kishingo,"2026-06-25 15:08:55",497.1,2,kissing
4231,16443873,"Muhammad Souzan Shaquille","2026-07-04 14:41:17",496.9,2,justadeer
4232,16397565,hakobe,"2026-06-23 23:57:02",496.9,2,yoheifushii
4233,16389045,なかよしポケカ倶楽部,"2026-07-19 10:02:41",496.6,2,eviess00team
4234,16374644,"David Selin","2026-07-08 02:43:07",496.6,2,qwertyd93
4235,16576993,"Shah Dev","2026-07-22 02:54:18",496.1,2,imdevshah11
4236,16432669,Haiku,"2026-07-06 14:27:11",496.1,2,takeyt
4237,16374329,"Satoru Sugizaki","2026-06-24 16:52:18",496.1,2,satorusugizaki
4238,16377630,岩田泰久,"2026-06-17 13:46:59",496.0,2,yasuhisaiwata
4239,16466735,"Bruno Ramos Martins","2026-07-16 23:54:29",495.9,2,brunoramosmartins
4240,16452313,noki_UNNC,"2026-07-22 11:25:52",495.9,2,nokiunnc
4241,16413387,Renaissancejxj,"2026-06-22 14:08:48",495.6,2,renaissancejxj
4242,16372708,TidalBuckeye,"2026-06-16 14:30:12",495.5,1,tidalbuckeye
4243,16381219,nyahomaru.,"2026-07-07 01:37:43",495.4,2,"nyahomaru,smatsushita"
4244,16378060,"Luca Lullo","2026-06-24 12:56:33",495.4,2,lucalullo
4245,16375555,脱0コイン,"2026-07-17 13:34:48",495.4,2,iwatanaoki
4246,16447341,TutaevAlim,"2026-06-28 15:43:20",495.4,1,life228
4247,16385393,"Hyun-woo Kim","2026-06-18 01:46:30",495.2,1,hwkims
4248,16383921,harsh,"2026-06-21 16:50:06",495.0,2,hrdv10
4249,16532473,"Oscar Protocol","2026-07-11 16:14:44",494.9,1,jasonwold
4250,16379930,"Louis KLASING","2026-07-05 23:27:02",494.9,2,louisklasing
4251,16379028,NIT_PokemonS,"2026-07-21 04:41:31",494.8,2,"nitpokemons,rinsei33110,unknownkt"
4252,16388408,ktDAMA,"2026-07-20 05:50:41",494.7,2,masaruozawa
4253,16373857,Tyshi79,"2026-06-29 02:44:11",494.7,2,tyshi79
4254,16383088,Mactorr,"2026-06-25 23:43:52",494.7,2,mactorr
4255,16386158,ek,"2026-06-18 09:09:20",494.6,1,enomotoko
4256,16410596,"Yash Vardhan","2026-07-21 07:21:58",494.6,2,poruskapil1
4257,16385671,"Spanish Duck","2026-06-21 05:58:12",494.4,2,spanishduck
4258,16389961,"Yanlin Wu 916","2026-06-19 14:04:39",494.3,2,yanlinwu916
4259,16484824,"SegPulse 锋析-Kaggle Autonomous","2026-07-21 08:19:04",494.2,2,shanghaigroom
4260,16374779,vicbentu,"2026-07-12 19:20:37",493.9,1,vicbentu
4261,16372292,yamy893,"2026-07-19 07:26:45",493.6,2,yamy893
4262,16447049,"Corey Thompson","2026-07-22 01:01:49",493.4,2,thompcd
4263,16372973,gggggggg0g0,"2026-06-19 02:13:53",493.0,2,gggggggg0g0
4264,16375343,Glorian,"2026-06-17 23:44:08",492.9,2,glorian
4265,16372640,"Hiromi Motodera","2026-06-18 03:17:18",492.7,2,hiromimotodera
4266,16472883,"Aleksei Balandin","2026-07-07 12:13:22",492.7,2,alexbalandi
4267,16378132,elce,"2026-07-07 03:48:13",492.6,2,elce188
4268,16376587,jwils4,"2026-06-21 01:23:19",492.6,2,jwils4
4269,16381949,MakotoInomoto,"2026-07-08 23:04:36",492.4,2,makotoinomoto
4270,16496544,Yas_pat,"2026-07-11 15:25:32",492.4,2,yaspat
4271,16376273,"Josh Greiff","2026-06-23 19:44:13",492.1,2,joshgreiff
4272,16405011,MeWe,"2026-07-22 12:19:28",492.1,2,luizguilhermebonadio
4273,16392463,"Gilberto Santos","2026-07-06 21:44:09",492.1,2,gardien
4274,16372597,Salt708,"2026-06-16 14:43:20",491.7,2,shionao7
4275,16376770,CatPurrgramming,"2026-06-19 06:23:48",491.7,2,catpurrgramming
4276,16414875,Matsuokaaaaa,"2026-07-06 21:45:52",491.5,2,matsuokaaaaa
4277,16430883,"Z19 Maker","2026-07-02 16:54:54",491.4,2,z19maker
4278,16378973,"Just a Student","2026-06-20 13:16:53",491.4,2,aotoizawa
4279,16531833,"Dawei Zhang","2026-07-13 01:10:17",491.4,2,zhangdaw156
4280,16507966,"Little Rascal","2026-07-17 01:46:17",491.1,2,yshimoda
4281,16542757,takumayellow,"2026-07-15 01:56:18",491.0,2,takumayellow
4282,16374281,Nebraskinator,"2026-07-13 01:33:11",490.9,2,zacharyruhe
4283,16412970,Gloxynia,"2026-06-23 16:41:48",490.7,2,gloxynia
4284,16388031,tk1024,"2026-06-20 15:31:23",490.5,2,kaggletk1024
4285,16459374,"Fosco Quadri","2026-07-17 19:21:19",490.5,2,foscoquadri
4286,16426056,Ousagi,"2026-06-27 12:21:51",490.3,2,enzowalter
4287,16377296,monao462,"2026-06-20 13:37:49",490.2,1,monao462
4288,16402710,sota_k_1021,"2026-06-21 07:00:58",490.0,2,sotak1021
4289,16430616,satouttu,"2026-06-25 03:10:33",489.8,1,satouttu
4290,16392080,cgaines,"2026-06-21 02:49:43",489.8,2,cgaines
4291,16398070,"keisuke ito","2026-07-21 03:03:51",489.7,2,itoksk
4292,16449212,瀧山翔平,"2026-07-06 12:57:14",489.6,2,takky1028
4293,16378549,"HIKARU MATSUDA","2026-06-26 06:27:45",489.6,2,hikarumatsuda
4294,16430413,松野恭成,"2026-07-21 21:42:37",489.6,2,mk9872
4295,16385958,bacon4423,"2026-06-27 11:09:06",489.5,2,bacon4423
4296,16386769,DAIZU,"2026-07-06 17:52:32",489.5,2,shigehumiyoshida
4297,16450151,Atrix,"2026-07-01 12:18:30",489.4,2,atrix21
4298,16388681,"MATSUMOTO Ryutaro","2026-06-19 17:20:46",489.3,2,matsumotoryutaro
4299,16404565,nathanmcateer,"2026-07-04 00:58:54",489.3,2,nathanmcateer
4300,16383385,"naoteru nakamura","2026-07-04 10:04:24",489.1,2,naoteru
4301,16543537,Matcha2Greentea,"2026-07-18 23:31:24",489.1,2,matcha2greentea
4302,16468885,hydrogenbonds,"2026-07-22 11:12:56",488.8,2,jeffreyntse
4303,16382085,"Saianiruth M","2026-06-26 12:24:25",488.8,2,saianiruthm
4304,16501201,HS,"2026-07-20 18:35:47",488.8,2,"haiyuesun,in5an1tywho"
4305,16413224,影山祐介,"2026-06-24 06:02:55",488.7,2,kbykageyama
4306,16378989,"Junichi Hatano","2026-06-25 13:30:45",488.6,2,junichihatano
4307,16406493,"Yuichi SUZUKI","2026-07-05 03:01:23",488.6,2,ysaoiwan
4308,16534053,CrazyDave111,"2026-07-19 06:54:30",488.4,2,crazydave111
4309,16459873,"Sean Jeong","2026-07-02 12:15:03",488.4,2,jdjin6000
4310,16384644,"Ryoki Kunii","2026-07-06 18:17:59",488.3,2,programmerryoki
4311,16379508,"George Olteanu","2026-06-17 23:06:56",488.0,2,olteanu
4312,16460527,ichika17,"2026-07-01 16:24:01",488.0,2,ichika17
4313,16565521,TeamRocket,"2026-07-19 17:07:00",487.9,2,abdelbassetmoujtahid
4314,16371495,gongdo,"2026-06-21 16:41:51",487.7,2,gongdo
4315,16372682,"Claws V2","2026-07-22 12:46:27",487.6,2,hweowe
4316,16379853,naoki,"2026-06-20 09:33:21",487.6,2,naoki777
4317,16395083,"Emre Bektas","2026-06-20 11:57:41",487.5,2,ebktas
4318,16377836,shimadadada,"2026-06-18 12:39:08",487.5,2,shimadadada
4319,16513028,kagekage11,"2026-07-19 09:42:19",487.4,2,kagekage11
4320,16380197,dodeuse57,"2026-06-22 10:12:16",487.2,2,dodeuse57
4321,16401557,YusukeSai0407,"2026-07-15 11:11:07",487.2,2,yusuketto
4322,16535291,sohasoha42,"2026-07-19 18:09:26",487.2,2,sohasoha42
4323,16412043,PxlPau,"2026-07-06 01:43:17",487.0,2,studybeetutoring
4324,16580483,lsquaremaster,"2026-07-22 11:16:39",486.4,2,lifelonglearner12
4325,16397275,"Keisuke Ota (Kei)","2026-07-08 11:49:51",486.3,2,keisukeotakei
4326,16374035,"Jack Wilson","2026-06-19 05:19:00",486.2,2,jackvwilson
4327,16389819,bushdoge,"2026-07-14 09:40:38",486.1,2,bushdoge
4328,16422609,ronniepiku,"2026-06-23 19:34:24",486.1,1,ronniepiku
4329,16372990,"small pond","2026-07-02 14:58:14",486.1,2,smallpond
4330,16376640,"ML 愛好会","2026-07-22 02:33:34",485.4,2,"risaam,xiongdaxiongmao"
4331,16395816,"ali rehman khan","2026-06-20 13:29:08",485.0,2,alirehmankhan
4332,16373392,HumanMachines,"2026-07-20 10:10:56",484.9,2,"gfsmttt,manuel4826,mariolindezmartinez,pablomartinpalomino"
4333,16398919,"Takito Kobayashi","2026-07-15 11:39:44",484.8,2,takitokobayashi
4334,16435886,qqqqqqq1111,"2026-06-26 05:19:40",484.8,2,qqqqqqq1111
4335,16413175,SHINTARO,"2026-06-23 05:40:47",484.8,2,shintar000
4336,16389865,Pradyumna_Official,"2026-07-01 18:09:46",484.8,2,pradyumnaofficial
4337,16394960,yun8686,"2026-06-23 12:01:24",484.7,2,yun8686
4338,16426172,EasonLee0917,"2026-07-09 08:20:41",484.7,2,easonlee0917
4339,16385799,"poket monster","2026-06-30 00:01:45",484.7,2,ryotasatio
4340,16375281,"Francisco Stahl","2026-06-17 05:41:44",484.5,2,franciscostahl
4341,16373890,"sou yamaguchi","2026-07-20 14:37:21",484.3,2,souyamaguchi
4342,16461055,Luca925,"2026-07-08 00:51:05",484.3,2,lucaluo925
4343,16378001,"sa s","2026-06-29 06:53:32",484.2,2,sas080
4344,16487977,"Kazumi Sakamaki","2026-07-18 07:31:33",484.1,2,hatimitusiropp
4345,16407237,"Hao Boyuan","2026-06-21 22:58:29",484.1,2,kennethhao8
4346,16376809,takumi_ot0000,"2026-07-04 08:11:01",484.1,2,takumiot0000
4347,16410834,"Brian Beallo","2026-07-09 01:48:32",483.8,2,brianebeallo
4348,16372204,eimanjibot,"2026-07-20 14:56:23",483.8,2,eimanjibot
4349,16434348,mealck,"2026-06-28 00:04:41",483.7,2,mealck
4350,16576037,G!vIOne,"2026-07-21 15:51:51",483.4,2,"dqfeng,gvione,louishoo"
4351,16435037,"Neil Bhatkhande","2026-07-21 01:50:03",483.3,2,neilbhatkhande
4352,16552475,Boltuzamaki,"2026-07-19 09:59:48",483.3,2,boltuzamaki
4353,16372243,3as6Bl,"2026-07-22 00:52:33",483.2,2,segusegu
4354,16537637,CoMessi,"2026-07-16 01:08:46",483.2,2,comessi
4355,16457064,Daisuke,"2026-07-02 15:31:39",483.1,2,daisukes94
4356,16383277,Forager,"2026-07-05 05:48:07",482.9,2,mrswazzy21
4357,16443574,MyRoom,"2026-07-10 13:29:32",482.9,2,kuumugiwara
4358,16413293,GaveduAi,"2026-07-10 21:25:00",482.7,2,verise6211
4359,16434251,Miker,"2026-06-27 01:06:29",482.6,2,miker1
4360,16372622,YusBri,"2026-06-20 03:55:50",482.6,2,"ukiko0801,yusukebrian"
4361,16489356,Bulba-Zero,"2026-07-21 18:11:33",482.6,2,"faytinn,rusenbirben"
4362,16375095,Lleyaghm,"2026-06-19 04:57:20",482.5,2,liamhuntswe
4363,16486081,Amschoem,"2026-07-19 14:16:06",482.3,2,ambroseschoeman
4364,16558791,dongfangdaguo,"2026-07-17 12:18:09",482.3,1,dongfangdaguo
4365,16385149,"DeviPriya Raju","2026-06-26 05:18:07",482.2,2,priya2117
4366,16486569,"sai vineeth","2026-07-05 06:55:42",481.9,2,saivineeth147
4367,16374622,bihrain,"2026-07-15 06:13:25",481.7,2,bihrain
4368,16404074,"ryo aoyama","2026-07-01 14:02:18",481.7,2,raoyama
4369,16385235,datascientists,"2026-07-22 00:36:43",481.6,2,"aoao0314,eidaisakakibara,yuta0108"
4370,16377857,nakotsuko13,"2026-07-07 16:40:29",481.4,2,nakotsuko13
4371,16376347,shushu3,"2026-07-15 04:34:05",481.3,2,shushu3
4372,16530722,chunyu,"2026-07-18 00:06:38",480.7,2,lamchunyu
4373,16561684,xin782,"2026-07-21 13:45:18",480.6,1,xin782
4374,16426707,NiniSan,"2026-07-09 01:04:01",480.5,2,ninisan
4375,16437005,Ricebug,"2026-07-02 13:19:11",480.2,2,ricebugtw
4376,16427632,"Mike Zeng 2009","2026-06-25 00:39:35",479.9,1,mikezeng2009
4377,16389299,"yomogi mochi","2026-07-21 22:47:44",479.9,2,akihiroshimamori
4378,16395350,"Ishan Kapoor","2026-07-21 00:00:59",479.8,2,ikapoor23
4379,16378961,Tresure,"2026-06-28 00:27:31",479.8,2,yukitakarada
4380,16488410,"Nitin Yadav 4321","2026-07-06 04:38:39",479.7,2,nitinyadav4321
4381,16419050,"Luan Pham","2026-07-14 06:29:06",479.6,2,luanpg
4382,16382470,"Sijin Yu","2026-06-20 03:24:12",479.5,2,sijinyu
4383,16449903,"JIBINA EA","2026-07-06 11:04:14",479.2,2,jibinaea
4384,16532049,"Aaron Greenwell","2026-07-18 14:31:29",479.2,2,aarongreenwell
4385,16437746,nofreewill42,"2026-06-26 15:00:25",479.2,2,nofreewill
4386,16374016,"Ethan Yang","2026-06-20 23:50:58",479.1,2,ysyang95
4387,16554703,"Abdulazeez AbdulMumeen","2026-07-17 10:35:57",479.0,2,ayobeen
4388,16395089,gota,"2026-06-19 21:43:44",479.0,2,gshirato
4389,16516835,baokin.hcmus,"2026-07-21 09:06:44",478.6,2,"hsangg206,htti110,kin12b1tnt1,phmchnkhoa"
4390,16535631,AksanBA,"2026-07-12 20:51:30",478.5,2,aksanba
4391,16530385,"Emmett Wilson","2026-07-11 18:19:10",478.4,2,emmettmlwilson
4392,16515268,Yelena,"2026-07-20 03:39:56",478.2,2,huyentran31
4393,16582218,Miscusi,"2026-07-22 10:54:53",478.1,2,usiadianimuwa
4394,16382574,miyajiyuta,"2026-06-29 11:46:42",478.1,2,miyajiyuta
4395,16400299,YOYOYO2026,"2026-06-23 15:46:06",478.0,2,yoyoyo2026
4396,16484040,Henrik,"2026-07-04 04:20:14",477.6,2,henrik404
4397,16380566,hiroyuki-sh,"2026-07-19 16:42:26",477.6,2,hiroyukish
4398,16414951,hdt666,"2026-06-25 01:47:20",477.5,2,hdt666
4399,16404551,"Arnav Dagli","2026-07-08 16:00:03",477.4,2,arnavdagli
4400,16540824,"Milind Choudhary","2026-07-20 21:01:31",477.3,2,milindc02
4401,16373150,KTG,"2026-06-19 02:41:35",477.1,2,kg2500
4402,16377179,"Jake Peterson","2026-06-18 21:43:33",477.0,2,jakewp11
4403,16378070,Aakansha.aakaa,"2026-06-21 10:09:10",476.6,2,aakanshaaakaa
4404,16391983,Hinapipipipi,"2026-06-20 18:05:03",476.4,2,hinapipipipi
4405,16404478,"Mats Heldesten","2026-07-21 13:47:12",476.4,2,matsheldesten
4406,16387101,chephes,"2026-06-21 02:59:08",475.9,2,chephes
4407,16440662,"James Edmond","2026-07-13 20:41:47",475.2,2,jamedmond
4408,16371665,SENGA,"2026-06-23 05:59:30",475.2,2,sukabato
4409,16371594,"Yunosuke Saito","2026-06-18 19:51:07",475.0,2,yunosukesaito
4410,16413866,kaykay,"2026-06-22 11:18:09",474.8,1,homemadedosukoi
4411,16377893,Kerminal,"2026-07-04 18:35:33",474.4,2,kosukeshimizu
4412,16389997,"Two Stooges","2026-07-15 00:35:34",474.3,2,olivermerkleyking
4413,16376867,kotton,"2026-06-19 01:20:01",474.3,2,ktkt40208
4414,16535693,"Imran Abubeker","2026-07-22 05:36:29",474.2,2,imranabubeker
4415,16392908,DeeRang25,"2026-06-24 00:33:26",474.1,2,deerang25
4416,16391544,"Ortiz-AI Partners","2026-06-21 04:46:54",473.8,2,ortizaipartners
4417,16566197,jaafarbk,"2026-07-20 20:26:35",473.6,2,"jaafarbk,sarroukhissame"
4418,16378553,EliKal,"2026-07-21 11:34:39",473.5,2,eliork
4419,16392895,Shiny-Rayquaza,"2026-06-25 09:49:17",473.5,2,kragrrr
4420,16389233,yk_aiiii,"2026-06-21 09:04:11",473.4,2,ykaiiii
4421,16492304,"Samuels Winstons","2026-07-10 06:37:21",473.3,2,samuelswinstons
4422,16389703,NiaAtSyzd,"2026-06-19 15:42:26",473.2,2,niaatsyzd
4423,16471375,Cipher-integral,"2026-07-05 00:51:00",473.2,2,cipherintegral
4424,16392934,Sohan,"2026-06-30 19:29:01",472.9,2,sohansinghrawat
4425,16383375,"Kz hara","2026-06-22 15:05:38",472.7,2,kzhara
4426,16415198,原田純平,"2026-07-17 13:57:57",472.6,2,jumpei0618
4427,16414410,Vu,"2026-06-30 09:55:22",472.6,2,vunguyenhoangkggl
4428,16531924,"Finlay Sanders","2026-07-12 16:07:07",472.2,1,"baellouf,finlaysanders"
4429,16540479,Jepacor,"2026-07-14 16:03:58",472.1,2,jepacor
4430,16402331,phalanchang,"2026-06-20 14:29:31",471.9,1,phalanchang
4431,16540872,occer,"2026-07-16 19:54:47",471.9,1,occerjung
4432,16376115,WenRuitan21,"2026-06-17 03:34:31",471.7,1,wenruitan21
4433,16376658,"Yuta Tadokoro","2026-06-17 09:04:23",471.6,2,yutatadokoro
4434,16398201,ramaswamyrama,"2026-06-27 18:22:43",471.5,2,ramaswamyrama
4435,16418658,jiwon95,"2026-06-23 06:37:48",471.4,2,jiwon95
4436,16394911,Soomana1z,"2026-07-15 10:13:39",471.3,2,soshionodera
4437,16494215,"Adam Owada","2026-07-10 06:23:53",471.3,2,aowada
4438,16377208,"Baker Jackson","2026-06-19 02:16:58",471.2,2,bakerjackson
4439,16385623,yabami,"2026-07-13 05:45:48",471.1,2,yabami
4440,16531516,"X namaridama","2026-07-20 19:04:13",471.1,2,"miuranaoto,xnamaridama"
4441,16400614,"Tegar Putrayas Dentatama","2026-07-07 07:57:19",470.3,1,tegarputrayasd
4442,16392291,"Masayuki Kimura","2026-07-13 23:03:26",469.8,2,masayukikimura1976
4443,16393808,"Y. Onodera","2026-06-19 11:43:38",469.7,2,alwaysbaseline
4444,16381438,"Shintaro Sekimoto","2026-06-28 13:48:26",469.6,2,tarowork
4445,16429987,kevotovar14,"2026-07-21 17:39:13",469.1,2,kevotovar14
4446,16485185,"Sangam Gautam","2026-07-04 12:16:47",469.1,2,sangam21
4447,16533374,"Na Ve Ba","2026-07-22 04:41:39",468.5,2,naveenvenubagadi
4448,16375306,"Brandon Ellis","2026-06-17 05:41:14",468.5,2,theultimateabsol
4449,16393015,bigmanblastoise,"2026-07-19 10:30:12",468.3,2,"dazaitwelve,devanshnn,himanshu0120,sameerrry,smoldihhbigdreams"
4450,16410029,Jihyekor02,"2026-07-06 21:43:32",468.1,2,jihyekor02
4451,16373692,"Kota Munaoka","2026-06-19 06:20:27",468.0,2,kotamunaoka
4452,16417557,"Luke Stafford","2026-06-23 23:29:28",467.9,2,luketstafford
4453,16391516,warabimochi-king,"2026-07-17 16:46:47",467.8,2,"mutomizuki,nkotatsu,nsawada0911,shkawai"
4454,16392026,dxjjjjjj,"2026-06-24 08:43:32",467.8,2,dxjjjjjj
4455,16412222,3.14159265,"2026-07-22 03:18:15",467.7,2,yumasaitou
4456,16510363,wonjae,"2026-07-22 08:45:06",467.7,2,wonjae62
4457,16383333,HirokiGLHF,"2026-07-03 16:14:14",467.5,2,hirokiglhf
4458,16373388,MangaNow,"2026-06-18 13:09:53",467.5,2,manganow
4459,16391327,"Lazaros Avramidis","2026-06-19 11:50:16",467.2,1,lazarosavramidis
4460,16461731,"Xinda Ding","2026-07-03 02:59:00",466.9,2,darian2001
4461,16550405,"Lalit Kishore R","2026-07-22 06:17:26",466.8,2,lalitkishorer
4462,16406501,RLAP,"2026-07-20 18:09:39",466.5,2,"anyooon,kenkentyisland"
4463,16397117,"Zach Lindsey","2026-07-22 02:01:08",466.5,2,zlindsey
4464,16434584,헛개나무,"2026-07-06 00:35:44",466.5,2,tbn12321
4465,16468540,"Muhammad Shayan","2026-07-22 12:32:28",466.5,1,"lynx20,mshayan38"
4466,16456868,Pratikp02,"2026-07-21 05:44:22",466.3,2,pratikp02
4467,16382818,Benjp8,"2026-06-19 16:02:34",465.8,2,benjp8
4468,16427842,OceFFFF,"2026-06-28 12:16:21",465.6,2,oceanfujimoto
4469,16460621,xia0910,"2026-07-21 13:14:41",465.4,2,xia0910
4470,16372011,Azalearn,"2026-07-22 13:26:20",465.1,2,"androidss,genkidesu,hikarusakamoto"
4471,16432770,"Udbhav Purwar","2026-07-16 01:39:20",465.1,2,udbhavpurwar
4472,16384092,Zenith08,"2026-06-19 05:38:16",464.8,2,zenith08
4473,16505413,"Yuma 357","2026-07-08 14:26:22",464.8,2,yuma357
4474,16382639," Mansi anil kadam","2026-06-26 04:25:44",464.6,2,mansianilkadam
4475,16376887,ktk,"2026-06-21 16:45:06",464.5,2,ktk309872
4476,16391859,"Ying Peter","2026-07-19 04:09:40",464.5,2,"ciro007ciro007,yingpeter"
4477,16561366,Blender,"2026-07-18 01:51:35",464.3,2,newguyonhere
4478,16431456,nalu0926,"2026-07-22 07:06:20",464.1,2,nalu0926
4479,16465844,"Sai Syam","2026-07-22 05:44:04",464.1,2,saisyam
4480,16481180,"Abhishek Jain","2026-07-21 16:20:17",464.0,2,abhiiiish
4481,16427698,George,"2026-07-22 09:52:55",464.0,2,ngeorgea
4482,16377803,山本卓哉,"2026-06-25 14:36:59",463.9,2,pockypen
4483,16406168,abidencewww,"2026-07-04 16:24:22",463.7,2,abidencewww
4484,16377040,"Carter Davis","2026-07-04 23:59:25",463.7,2,cartmandavis
4485,16377233,Tommy,"2026-07-22 00:16:03",463.6,2,yusuketominaga
4486,16447209,"Mitsuhiro Eto","2026-07-14 17:31:33",463.6,1,frnfnts
4487,16511816,dongco,"2026-07-09 12:07:34",463.5,2,dongco
4488,16388862,"fabio rovai","2026-07-06 00:55:25",463.4,2,fabiorovai
4489,16573847,"Kucing Garong","2026-07-22 10:19:21",463.4,2,syaugialkaf
4490,16375563,"Nikita Babych","2026-07-13 18:46:50",463.1,2,nikitababich
4491,16376174,seigou,"2026-07-22 05:37:17",463.1,2,arimitsuseigou
4492,16471640,kyos,"2026-07-10 11:02:22",463.0,2,ikyos0612
4493,16386562,canesro,"2026-06-21 09:23:08",462.9,2,canesro
4494,16374294,anthonychiang000,"2026-06-19 04:37:15",462.8,2,anthonychiang000
4495,16515606,ihansel,"2026-07-22 06:59:22",462.7,2,ihansel
4496,16398484,"YOGA RAJ 1503","2026-07-14 15:37:59",462.7,2,"edwingohkul,maghicr,sridharsridhar24,yogaraj1503"
4497,16419548,yct_RyosukeSuzuki,"2026-07-03 04:34:32",461.9,2,ryosukesuzukiyct
4498,16391869,sake-kuzu,"2026-07-15 12:39:49",461.8,2,"tabetaaaaaaa,tvana4"
4499,16378927,ushironoko,"2026-07-03 05:35:16",461.7,2,ushironoko
4500,16376486,"Manu Iyer","2026-07-21 02:39:38",461.6,2,manuiyer
4501,16422590,"YOGESH M","2026-07-11 06:53:35",461.6,2,yogeshm4216
4502,16384927,keiz,"2026-07-22 10:49:40",461.3,2,keizkeiz
4503,16400009,"Obaachan Sensei to AI Gundan","2026-07-12 23:21:01",461.0,2,ayachacar
4504,16418527,野原拓也,"2026-06-23 07:09:34",460.9,1,tackle3494
4505,16435136,RickArko,"2026-07-09 17:18:05",460.6,2,rickarko
4506,16378936,HID_garal,"2026-06-24 14:11:34",460.6,2,hidgaral
4507,16535952,TmDofi,"2026-07-13 20:23:02",460.5,2,tmdofi
4508,16430141,urnotsam,"2026-06-30 11:40:42",460.2,2,urnotsam
4509,16413209,Victor,"2026-07-03 09:07:21",460.1,2,victort3
4510,16411759,"Feonix Y","2026-06-23 08:27:40",460.1,2,feonixy
4511,16372089,"Christian McBride","2026-06-18 12:29:28",460.0,2,christianmcb
4512,16379498,ちょろ,"2026-06-21 15:15:10",459.8,2,shogoharamaki
4513,16404789,"Steve Watson","2026-07-01 01:56:24",459.8,2,stevewatson999
4514,16375428,"Active Grass Touchers","2026-07-10 19:45:12",459.7,2,"classycheese,clhleung,dennisliu2,huggietron,kjdevaccount"
4515,16552831,Tomeiser,"2026-07-19 01:40:59",459.5,2,tomeiser
4516,16384128,"Scott G","2026-07-08 16:53:51",459.5,2,verifiedscott
4517,16435438,Paddington,"2026-07-19 23:58:40",459.4,2,"irinatarasyuk,marcinsalaterski"
4518,16377993,William_Rod,"2026-07-22 09:41:51",459.3,2,williamrod
4519,16402690,Keanan,"2026-07-18 14:51:47",459.2,2,citerne
4520,16383920,Anamitra_04,"2026-06-19 18:23:44",459.1,2,anamitra04
4521,16375574,"Jaime Fernandez Diaz","2026-07-09 16:19:13",459.1,2,jaimefernandezdiaz
4522,16379946,中村恵大,"2026-06-24 07:59:31",459.0,2,chimannnn
4523,16382645,"Minh Ly","2026-07-02 14:17:29",458.9,2,mlkhan22
4524,16513388,"Direk Rukrach","2026-07-12 15:27:12",458.3,2,derekrukrach
4525,16470788,"Victoria Tauanny","2026-07-06 00:34:00",458.1,2,victoriatauanny
4526,16379884,Map1e,"2026-06-26 13:53:20",457.5,2,map1e114514
4527,16393423,Takk,"2026-07-08 03:06:38",457.0,2,takkume
4528,16381008,K.A,"2026-06-18 13:52:13",456.9,2,azumax317
4529,16373978,Halcy8312,"2026-07-17 23:50:59",456.7,2,halcy8312
4530,16382896,"Mork Borb","2026-07-08 00:36:45",456.6,2,morkborb
4531,16418733,mutou,"2026-06-26 16:12:19",456.6,1,mutou0610
4532,16388108,koshien1984,"2026-06-21 01:30:12",456.5,2,koshien1984
4533,16382354,Namito,"2026-07-12 00:02:10",456.4,2,nakazawakazuki
4534,16377258,thisray,"2026-07-22 07:31:21",455.9,2,thisray
4535,16376555,Kabuto0421,"2026-06-18 07:12:41",455.6,2,kabuto0421
4536,16397257,"Hare Miyashiro","2026-06-26 10:54:38",455.6,1,haremiyashiro
4537,16488197,しあわせタマゴ検証,"2026-07-10 03:06:29",455.1,2,"kenta0436,natsukinakasone,sh1meji,shuheiasaka,sotatakasuka"
4538,16452396,Reossann,"2026-07-19 16:45:56",454.3,2,"nonnumber,reossann"
4539,16394500,aporo_hirokichi,"2026-06-29 15:11:16",454.2,1,aporotanaka
4540,16514278,"Ahmed Mustafa Ahmed","2026-07-20 00:56:11",454.2,2,ahmmahahm
4541,16381283,oideyo_shibamata,"2026-06-18 02:02:57",454.1,2,oideyoshibamata
4542,16384995,fishing_kiyogon,"2026-07-21 07:39:49",453.9,2,fishingkiyogon
4543,16381451,MAXIMUMDataScience,"2026-07-06 09:33:09",453.7,2,maximumdatascience
4544,16582651,kwonj0815@gmail.com,"2026-07-21 17:59:16",453.5,1,kwonj0815gmailcom
4545,16433944,"Aaron Cuellar","2026-07-07 14:13:21",453.4,2,aaroncuellar
4546,16371693,"Manish Swami","2026-07-19 06:24:20",453.4,2,manish756
4547,16397912,"Yusuke Sakurai77","2026-07-07 01:51:18",453.4,2,yusukesakurai77
4548,16381493,GsGsSsSs,"2026-06-21 09:03:16",453.2,2,gsgsssss
4549,16408317,"Altar Buyukdogan","2026-07-22 10:01:54",453.1,2,altarbuyukdogan
4550,16411158,"Amon Shibata","2026-07-05 00:36:51",452.9,2,amonshibata
4551,16374741,sironekosama,"2026-07-21 13:43:33",452.9,2,sironekosama
4552,16411643,Quroro,"2026-07-22 00:30:01",452.9,2,quroro
4553,16405682,atuage70,"2026-06-26 12:54:18",452.7,2,atuage
4554,16535651,saturnliu,"2026-07-18 10:33:01",452.7,2,saturnliu
4555,16387077,kotone,"2026-06-28 17:44:37",452.7,2,kotone1027
4556,16410950,"Mesut Gözdemir","2026-07-01 20:41:00",452.3,2,gfkfu123
4557,16399727,IShun,"2026-06-23 03:02:20",452.2,2,shunyaihira
4558,16474601,"Tatsu Miya","2026-07-22 12:47:00",451.9,2,ttsmiya
4559,16382187,"philip next","2026-07-14 13:52:51",451.7,2,"auhulu,philipnext"
4560,16391196,rkd,"2026-06-22 09:58:06",451.7,2,ryookd
4561,16490471,"Paul Baker","2026-07-13 20:08:10",451.6,2,pbchill
4562,16474154,らむはち,"2026-07-20 01:52:53",451.6,2,"ramhachi888,tasutasuku"
4563,16377667,MelioniDas,"2026-06-19 03:33:55",451.2,2,melionidas
4564,16386705,ミラクレ,"2026-06-28 00:37:40",451.1,2,mirakure
4565,16531767,Tomo,"2026-07-20 12:22:35",451.0,2,tomohirokawakami
4566,16375871,Yuta,"2026-06-17 17:07:10",451.0,1,yutaecon
4567,16386315,ミズゴロウ,"2026-07-01 13:58:19",450.9,2,akiteru6
4568,16380340,loveispoison,"2026-07-01 15:13:46",450.8,2,loveispoison
4569,16384208,"Sushi Party","2026-06-20 14:59:50",450.7,2,mandy44
4570,16371514,"Ryosuke Nagamatsu","2026-06-21 12:40:27",450.7,1,festival911
4571,16381108,"Aoi Umigishi","2026-07-02 23:18:29",450.6,2,aoiumigishi
4572,16393671,"Kakeru Hashimoto kaito","2026-06-21 13:26:34",450.4,1,kakeruhashimotokaito
4573,16532717,"Alex Daniel","2026-07-14 16:45:17",450.3,2,alexjwdan
4574,16376695,kawaiy,"2026-06-25 00:27:28",450.1,2,kawaiy
4575,16516351,taiseiu,"2026-07-16 21:40:40",450.0,2,taiseiu
4576,16493362,Lewbei,"2026-07-13 15:02:18",449.9,2,lewbei
4577,16479661,"Ruida RUAN (Vergil)","2026-07-03 03:50:52",449.7,1,ruidaruanvergil
4578,16484172,Majiro_ns,"2026-07-21 12:31:10",449.6,2,ygkojima
4579,16418915,alvinwnguyen,"2026-07-20 19:59:37",449.6,2,alvinwnguyen
4580,16380332,"Oikawa Kota","2026-06-18 10:47:55",449.4,2,oikawakota
4581,16385132,kmdrism,"2026-07-05 12:47:05",449.1,2,kmdrism
4582,16512103,OpenGrab,"2026-07-10 12:23:42",448.8,2,"mandadivinaykumar,vikasgurram"
4583,16434608,"Sleepy Nuts","2026-06-25 19:52:42",448.6,2,sleepynuts
4584,16385608,yukichacha0227,"2026-06-24 15:23:00",448.4,2,yukichacha0227
4585,16378507,jazivxt,"2026-07-21 15:39:04",448.4,2,jazivxt
4586,16497202,"Skibidi Six Seven","2026-07-20 20:54:54",448.4,2,iam4722202468
4587,16383344,"Scoops Martin","2026-06-26 20:31:04",448.3,2,scoopsmartin
4588,16515820,"fujikawa ikuya","2026-07-22 00:23:50",448.3,2,fujikawaikuya
4589,16380232,"rin araya","2026-06-17 12:02:23",448.2,2,rinaraya
4590,16372365,Nono,"2026-06-25 01:05:01",448.1,2,non012
4591,16389784,"River (River_jp)","2026-07-06 13:21:43",448.0,2,riverriverjp
4592,16376179,"David lillie","2026-06-18 00:35:42",447.7,2,davidlillie
4593,16466138,yoonick,"2026-07-03 11:57:48",447.1,2,yoonick
4594,16371886,Mudkip_88,"2026-07-01 19:19:39",447.1,2,mudkip88
4595,16375716,ryoooooo,"2026-06-22 14:33:10",446.8,2,ryoooooo
4596,16487228,"Donald CHOGOU","2026-07-18 18:57:15",446.6,2,"donaldchogou,mlonjoansafagnibo"
4597,16390820,"Steele Schauer","2026-07-09 22:12:33",446.6,2,steeleschauer2
4598,16380890,akahane,"2026-07-17 21:38:57",446.3,2,shuheiakahane
4599,16389507,Shima_2054,"2026-06-20 08:59:42",446.2,2,shima2054
4600,16385477,Te2hiro,"2026-06-22 13:54:27",446.0,2,te2hiro
4601,16386420,中村友哉,"2026-06-28 13:10:45",445.9,2,tomoya585858
4602,16554672,"Benjamin Liu","2026-07-22 13:58:44",445.8,2,benjamin8964
4603,16501827,"Liam Schermerhorn","2026-07-07 19:16:40",445.7,1,liamschermerhorn
4604,16380922,Pokemick,"2026-07-11 09:16:31",445.7,2,vdermick
4605,16560831,Denis,"2026-07-18 08:29:48",445.7,2,matsiusheuski
4606,16501173,"Haruhi Kunieda","2026-07-17 15:53:22",445.5,1,haruhikunieda
4607,16444550,"Justin Tang","2026-06-30 19:41:48",445.5,1,justin2009
4608,16536926,MochiMochi-AI-2027,"2026-07-14 21:35:30",445.3,2,mochi2027
4609,16458706,NaqibL,"2026-07-20 13:28:40",445.3,2,"iantenkai,naqibl"
4610,16376685,Yuta_poke,"2026-06-17 12:09:45",445.2,2,yuta1process
4611,16378716,Nqcqlx,"2026-06-17 09:03:54",445.0,2,nqcqlx
4612,16374517,matsuda2929,"2026-06-16 18:24:32",444.7,1,matsuda2929
4613,16385667,おべんとう,"2026-07-17 11:47:12",444.6,2,"chocolatekuma,chouette11"
4614,16470125,"Anthony Guerrera","2026-07-01 22:50:12",443.9,2,anthonyguerrera
4615,16385216,Daikon99,"2026-07-17 16:03:58",443.9,2,daikon99
4616,16435274,nonpapa,"2026-07-12 10:40:21",443.8,2,nonpapa
4617,16446329,"Hiro Wang","2026-06-28 13:03:14",443.7,2,hirowang5
4618,16484418,清水侑吾,"2026-07-04 17:04:19",443.1,1,yugo03
4619,16378074,unprosaiclabyrinth,"2026-06-17 06:53:48",443.0,2,unprosaiclabyrinth
4620,16375488,"sidney gautrau","2026-07-08 13:36:31",442.8,2,sidneygautrau
4621,16385473,"[Deleted] 0f49640e-743b-4b90-bace-29175ac36a66","2026-07-03 03:09:30",442.7,2,del=0e9479f503ce6752
4622,16372763,"nicolas maine","2026-06-16 18:13:19",442.6,2,nicolasmaine
4623,16497278,"Yev Barkalov","2026-07-09 23:40:47",442.5,2,yevbarkalov
4624,16381355,ibushimaru,"2026-06-22 08:17:50",442.4,2,ibushimaru
4625,16376359,"Super Monkey42","2026-06-25 23:48:17",442.3,2,trevorbernhard
4626,16541751,RainTian004,"2026-07-20 03:24:23",442.2,2,raintian004
4627,16384763,"Pied Pie, LLC","2026-07-17 08:12:26",442.1,2,piedpie
4628,16373569,DhawalModi,"2026-06-17 16:58:41",442.0,1,daveconnor
4629,16382027,UrbanFox,"2026-06-21 19:57:39",442.0,2,urbanfox000
4630,16380767,KuchiKiya,"2026-06-28 10:41:53",441.9,2,kuchikiya
4631,16377657,PewPew,"2026-06-18 23:20:16",441.6,2,pewpew
4632,16515163,Helee,"2026-07-14 15:46:31",441.5,2,helee99
4633,16513071,XiaoYan12,"2026-07-19 15:04:57",441.5,2,xiaoyan12
4634,16411139,"Jiajing Cheng","2026-07-22 06:05:23",441.0,2,jiajingcheng
4635,16375573,m09855,"2026-06-17 11:26:20",441.0,2,m09801
4636,16377460,mapatn,"2026-06-23 08:16:33",440.9,2,mapatn
4637,16558493,"duong nguyen","2026-07-21 15:31:33",440.6,2,duongnguyen161
4638,16422001,MaggyoWIMPS,"2026-06-27 19:24:21",440.6,2,maggyowimps
4639,16390045,"Dinesh kumar Thiyagarajan","2026-07-21 20:14:16",440.5,2,dineshkumar0705
4640,16372984,marusho,"2026-06-24 12:17:30",440.0,2,shomaruoka
4641,16412865,almer,"2026-06-22 09:24:48",439.8,2,almernzh
4642,16429440,"Avec Dorayaki","2026-06-27 05:55:13",439.6,2,avecdorayaki
4643,16418640,anagosan110,"2026-06-30 04:00:26",439.3,2,anagosan110
4644,16388368,bruxelles,"2026-06-26 06:43:55",439.3,2,bruxelles
4645,16388823,Danielvo59,"2026-07-11 10:47:59",439.0,2,danielvo59
4646,16385362,"Chrono IT Channel","2026-06-30 01:39:20",438.5,2,chronoit
4647,16552595,"Kiryu Mochizuki","2026-07-22 13:38:17",438.5,2,kiryumochizuki
4648,16443605,jinjaeru,"2026-07-04 12:51:43",438.4,2,"jinjaeru,kuzu86"
4649,16398999,riku_cascade,"2026-06-20 06:32:14",438.3,2,rikucascade
4650,16431484,Amberlogy,"2026-07-12 05:15:23",438.3,2,amberlogy
4651,16394644,ジェニファー,"2026-07-22 02:20:00",438.0,2,m1333666888
4652,16372348,"masahiro katayama","2026-06-25 08:04:27",437.8,2,masahiro2007
4653,16380457,Sikhey,"2026-07-21 15:06:50",437.7,2,sikhey
4654,16532644,GiRoRo,"2026-07-12 00:28:53",437.4,2,younghyukkim
4655,16401278,ba,"2026-07-15 09:48:49",437.3,2,yusukebaba
4656,16428055,"Johannes Reber","2026-06-27 19:33:10",437.3,2,johannesreber
4657,16382961,八反田拓磨,"2026-06-20 15:15:53",437.2,2,chanhatada
4658,16397604,sato7564,"2026-06-28 10:35:37",437.1,2,sato7564
4659,16372609,"LORD DREGS","2026-06-20 11:48:40",437.1,2,lorddregs
4660,16451442,xe_non,"2026-07-12 01:11:26",436.0,2,xenon2234
4661,16371971,teruyukikato,"2026-06-18 15:32:35",435.9,2,teruyukikato
4662,16434337,"Fernando Ruiloba","2026-06-25 19:35:48",435.8,2,fernandoruiloba
4663,16381448,"[Deleted] 91a15118-4b67-4743-9d3d-30db5dad7efe","2026-06-19 14:37:32",435.7,2,del=1d5f1316dfcdeedb
4664,16444983,"Yan Enrique","2026-07-22 07:49:33",435.6,2,yanenrique
4665,16382540,taya,"2026-06-24 08:32:14",435.5,2,"eitokoyama,hottotto,tayanggggggg"
4666,16436150,HATODADON,"2026-06-28 14:50:17",435.4,2,"hatodadon,hiflygon"
4667,16419667,Down_Town_robato,"2026-06-27 07:49:25",435.4,2,downtownrobato
4668,16406513,Light&Thunder,"2026-07-15 19:18:49",435.2,2,yerne39
4669,16386081,"Shoh Son","2026-06-22 04:17:07",435.0,2,shohson
4670,16377569,あかくま屋,"2026-06-21 13:26:04",434.9,2,akakumaya
4671,16375062,"Yuki Nakatsuka","2026-07-10 22:09:42",434.8,2,yukinakatsuka
4672,16406030,"Devesh Dua","2026-07-04 16:32:10",434.8,2,deveshdua
4673,16408894," me-keh-dev","2026-07-22 05:09:22",434.7,2,mekehdev
4674,16515245,tiraJoon,"2026-07-19 23:09:26",434.5,2,"junmiaotiao,mercurialspe"
4675,16385136,成木,"2026-07-07 21:13:38",434.4,2,narutomo
4676,16408104,kanamen,"2026-06-23 03:22:47",434.3,1,hisashi0523
4677,16421951,"sixer srinath","2026-06-29 07:15:54",434.3,2,srinath2495
4678,16392432,af21081,"2026-06-19 14:53:30",434.0,2,af21081
4679,16378231,bkal01,"2026-06-21 00:14:22",434.0,2,bkal01
4680,16393556,for2ne,"2026-07-02 17:15:40",434.0,1,hiroyasufukutomi
4681,16472337,chenzhengy,"2026-07-15 10:32:33",433.7,2,chenzhengy
4682,16396076,"Ryoya Tanoue","2026-07-10 13:08:02",433.7,2,"hiroyasuito,ryoyatanoue,taiseiito9"
4683,16467107,kikuya1179,"2026-07-20 10:32:06",433.6,2,kikuya1179
4684,16416514,"Aditya Mishra","2026-06-30 04:51:31",433.5,2,adityamishranika
4685,16375323,drektmr,"2026-06-17 08:06:42",433.2,2,drektmr
4686,16380179,"T T (りっきー)","2026-06-28 14:34:55",433.2,2,ttrikky
4687,16375661,kokoa,"2026-07-02 17:52:51",433.2,2,aoiokayama
4688,16384264,"suzy su","2026-06-25 22:25:04",432.8,2,suzysu997
4689,16395229,"Debangan Mali","2026-06-29 17:14:59",432.8,2,debanganm
4690,16454285,"Jamie Dixon","2026-07-22 00:00:43",432.7,2,jamiedixon
4691,16416086,ksew364,"2026-06-22 18:19:55",432.7,1,ksew364
4692,16465286,"JunWoo “Junu1229” Kim","2026-07-09 10:13:28",432.2,2,junwoojunu1229kim
4693,16381543,"hiroaki obana","2026-06-22 15:19:30",432.1,2,hiroakiobana
4694,16403468,鈴木裕登,"2026-07-20 06:26:32",431.8,2,yuto0731
4695,16388378,dolucard,"2026-07-17 10:49:39",431.5,2,dolucard
4696,16402641,とりてんチャンネル（とりてんチャンネル）,"2026-06-26 07:18:01",431.1,2,toriten
4697,16375717,"Yosuke KOBAYASHI","2026-06-18 00:26:04",431.0,2,pichotaro
4698,16381052,ZM0526,"2026-06-25 08:18:18",431.0,2,zm0526
4699,16385138,mashirome,"2026-06-20 04:28:52",430.6,2,mashirome
4700,16384853,"Breno Mazza","2026-07-12 22:41:33",430.2,2,brenomazza
4701,16544080,"Davi Ferreira","2026-07-22 13:19:08",429.9,2,fdavi2005
4702,16403797,RamaswamyBala,"2026-06-25 15:22:05",429.9,2,ramaswamybala
4703,16573286,Ligka,"2026-07-20 06:35:30",429.6,2,trnhquanghngii
4704,16379212,uenohara-s,"2026-06-25 01:14:01",429.3,2,uenoharas
4705,16388066,Ryu_san,"2026-07-05 17:18:47",429.3,2,ryusan
4706,16377478,imamutya,"2026-06-21 23:52:32",429.1,2,imamutya
4707,16420240,佐藤広基,"2026-07-22 08:43:26",429.1,2,kiriko3
4708,16451815,HSBMAX,"2026-07-02 18:02:26",428.8,1,mdiciohack
4709,16418303,"Yuki Ikeda","2026-07-12 23:08:08",428.7,2,yuki521ike
4710,16396679,takahi526,"2026-06-26 22:35:41",428.7,2,takahi526
4711,16397811,DaisukeHiguchi1126,"2026-06-26 05:59:55",428.3,2,daisukehiguchi1126
4712,16380554,Kazuki.kkkoizumi,"2026-06-21 10:25:53",427.8,2,kazukikkkoizumi
4713,16372827,"Tetsuya A","2026-06-20 11:32:29",427.7,2,tetsuyaa
4714,16381342,nenmaku,"2026-06-22 08:48:35",427.7,2,nenmaku
4715,16425536,"Tsuyoshi Chiba","2026-07-16 10:50:52",427.6,2,tsuyoshichiba
4716,16382423,Vinit,"2026-06-28 14:38:23",427.2,2,ryotsuu
4717,16451265,"Jack Hunter","2026-06-29 22:24:28",427.1,2,jackhunter1
4718,16382266,nagisora,"2026-07-10 06:35:50",427.1,2,nagisora
4719,16498861,"Chelsea boots","2026-07-09 06:26:05",426.9,2,jy0121
4720,16393980,"Abraham P. Jaison","2026-06-21 07:16:20",426.7,2,abrahampjaison
4721,16574828,linjianrong,"2026-07-22 11:29:55",426.7,2,linjianrong
4722,16378969,nekukoro,"2026-06-27 16:18:38",426.3,2,nekukoro
4723,16392750,altvision,"2026-06-19 15:15:19",426.3,2,altvision
4724,16381779,"Sugiyama Tomoki","2026-07-20 08:38:47",426.1,2,tomoki114
4725,16444342,"Sai Swaroop","2026-06-28 17:51:40",425.9,2,soupswoop
4726,16377529,nya,"2026-06-17 16:51:50",425.5,2,jerryishihara
4727,16572011,"Kian Maghsoodi","2026-07-21 11:16:56",425.5,2,kizmodo
4728,16384138,"Raghav Pant","2026-06-19 00:13:38",425.2,2,raghavpant131
4729,16373925,NaOH,"2026-07-14 03:19:30",425.0,2,naoh1181
4730,16483887,TTT.Nakamura,"2026-07-20 15:20:09",424.6,2,tttnakamura
4731,16372228,MinkMinkMink,"2026-06-19 11:43:46",424.5,2,minkminkmink
4732,16484209,"Balasubramanian Venkataraman","2026-07-04 11:38:57",424.2,2,bvenkat2025rvc
4733,16378225,greySnow,"2026-07-22 13:33:59",424.0,2,shlomoron
4734,16375203,"Daylon Crider","2026-06-19 01:44:06",423.3,2,dayloncrider
4735,16377101,"Ahmet Abdullah Gültekin","2026-07-02 00:30:13",422.4,2,"abdullahgultekin,glsmgltkn"
4736,16378851,すも（もす）,"2026-06-23 11:22:43",422.1,2,mosumosu12
4737,16402504,Fusahiko@555,"2026-07-12 05:57:02",422.1,2,fusahuko555fusahiko
4738,16404430,"Chris Tiso","2026-06-20 22:51:10",421.9,1,christiso
4739,16554001,AlanXM,"2026-07-22 12:01:57",421.6,2,alanxm
4740,16373335,Miyatanian,"2026-07-02 16:36:32",421.5,2,miyatanian
4741,16382644,ラーメンたべたい　,"2026-06-23 14:13:50",421.1,2,ramentabetai
4742,16373838,"Dan Ah Tou","2026-06-19 04:02:33",421.0,2,dlahtou
4743,16505964,s_aoki_kaggle,"2026-07-17 08:38:14",421.0,2,saokikaggle
4744,16378082,King-Hal,"2026-06-21 13:30:28",420.3,2,kinghalto
4745,16376114,Shuren_Akane,"2026-06-23 01:07:00",420.1,2,shurenakane
4746,16463432,ri5de2408,"2026-07-03 11:50:14",420.1,2,ri5de2408
4747,16417401,"Alejandro Espinoza","2026-06-26 02:37:42",420.0,2,aleespinoza
4748,16382995,onechan1,"2026-07-22 06:10:19",419.9,2,onechan1
4749,16573582,"Gregory Daley","2026-07-20 07:09:32",419.8,2,gregorydaley
4750,16541076,ShadowT_T,"2026-07-21 22:18:11",419.7,2,shadowtt
4751,16531943,"Peter Tinashe Mundowa","2026-07-20 08:36:05",419.3,2,petermundowa
4752,16388335,Ludicolocolo,"2026-06-18 14:28:20",419.0,2,nobuhikoyamaguchi
4753,16569286,Kh0a,"2026-07-22 08:57:47",418.8,2,llkh0a
4754,16439980,Rafiozoo,"2026-06-27 14:59:45",418.7,2,rafiozoo
4755,16578045,quantcrypto3,"2026-07-21 20:26:09",418.7,2,quantcrypto3
4756,16584936,colderlyr,"2026-07-22 10:01:03",418.4,2,colderlyr
4757,16500400,YW_o2@begginer,"2026-07-08 13:26:35",417.9,1,yusansoo2
4758,16380651,もたざる,"2026-07-22 01:31:42",417.6,2,havenox
4759,16385004,dodecagon,"2026-06-19 21:41:50",417.1,2,dodecagon
4760,16392904,nori_wave,"2026-06-22 03:20:59",416.8,2,noriwave
4761,16434648,"Kaneko Mio","2026-07-13 16:27:57",416.7,2,kanekomio
4762,16466148,T-Sumida,"2026-07-02 10:39:59",416.6,2,tmyksmd
4763,16516294,teamAlone,"2026-07-22 10:51:28",416.1,2,leeheon1105
4764,16428762,Tomy,"2026-07-02 12:05:09",416.1,2,tomycabrer
4765,16418917,SeiichiroIshii,"2026-06-25 19:03:53",416.0,2,seiichiroishii
4766,16450319,RYOTOMIYAMA,"2026-07-21 04:35:44",415.8,2,ryotomiyama
4767,16372634,oji12_king,"2026-06-22 09:57:04",415.7,2,oji12king
4768,16461456,MaciejAutuch,"2026-07-15 08:38:38",415.6,2,maciejautuch
4769,16372510,SHUN_04,"2026-06-17 21:49:08",415.2,2,yshunt
4770,16375067,GrossmanLabs,"2026-06-23 13:09:23",415.2,2,kingisaac
4771,16389403,HLKT,"2026-07-22 08:55:57",414.7,2,terawiseman
4772,16406908,TomCAT,"2026-06-21 12:07:36",414.6,1,tnekocat
4773,16443220,poke,"2026-07-20 09:11:38",414.3,2,"ayushshekhar56,ishaanver"
4774,16573793,Koikoiiinami,"2026-07-22 12:19:46",413.7,1,koikoiiinami
4775,16417046,"Daniel Carnahan","2026-07-15 01:51:42",413.7,2,danielcarnahan
4776,16383045,nethakase,"2026-06-23 01:52:14",413.5,2,nethakase
4777,16385096,okicom富田,"2026-06-22 07:15:47",413.3,2,okicom
4778,16375657,atknak,"2026-06-28 04:48:33",413.3,2,atknak
4779,16375051,"Berk Ozak","2026-06-23 13:44:35",413.1,2,berkozak
4780,16386594,YutoWatanabe,"2026-06-18 14:05:28",412.9,2,opyuto
4781,16578786,"galuh budi","2026-07-22 01:43:32",412.8,2,galuhbudi
4782,16382632,"Tuna Xiao","2026-07-20 18:27:02",412.6,2,tunaxiao
4783,16433852,"Anup Patil","2026-06-28 13:55:20",412.5,2,anuppatil29
4784,16540807,"Travis Trego","2026-07-15 02:31:11",412.3,2,travistrego45
4785,16376243,EfReI,"2026-06-22 14:15:21",411.8,2,"hikaruaohara,itoasahi,michiakimese"
4786,16399632,"Hikaru Ebihara","2026-06-22 12:55:30",411.5,2,hikaruebihara
4787,16371615,NimaPoke,"2026-07-18 02:55:34",411.5,2,"ingma6,iykuetboo"
4788,16532896,"Arnaud Champetier","2026-07-18 06:33:40",411.4,2,arnaudchampetier
4789,16380074,hiru0118,"2026-06-21 03:46:05",411.2,2,hiru0118
4790,16376386,"TAKAMASA SHIMA","2026-06-23 08:13:51",410.9,2,takamasashima
4791,16465292,WUJIAHAO,"2026-07-05 18:47:27",410.8,2,wujiahao2003
4792,16381070,"team asayan","2026-06-22 11:41:08",410.7,2,aseanonpu
4793,16450789,"YUZO BABA","2026-07-09 12:46:40",410.6,2,yuzobaba
4794,16375899,MamMr,"2026-07-09 05:39:03",410.3,2,miranistamakino
4795,16400652,Martin,"2026-06-23 18:20:52",409.9,1,autotech85
4796,16404489,"Cayce Crushers","2026-06-22 05:05:21",409.8,2,"desmondcayce,edgarecayce"
4797,16488829,RinAdriann,"2026-07-07 06:55:54",409.8,2,rindraadriansyah
4798,16537691,MMC,"2026-07-20 10:27:29",409.8,2,adityapandey202
4799,16387426,Sonika20000002,"2026-06-19 18:11:49",409.6,2,sonika20000002
4800,16417455,"Soichiro Yamada","2026-07-22 05:19:26",409.6,2,soichiroyamada
4801,16473558,"Pavel Kerbel","2026-07-02 14:58:38",409.6,2,"milanakerbel,pavelkerbel"
4802,16379220,"AJINKYA CHINTAWAR","2026-06-17 14:43:42",409.1,2,ajinkyachintawar
4803,16380359,"Mysterious Rock Inn","2026-07-01 08:59:31",409.0,2,"jesusarizapo,p0t1t0"
4804,16379966,akay,"2026-06-17 21:40:33",408.9,2,keonevans
4805,16435186,"Blaine Hill","2026-06-26 16:30:34",408.7,1,bthill111
4806,16446186,"pysong wang","2026-06-30 17:06:34",408.6,2,pysongwang
4807,16405385,"TAKUMARU KOBO","2026-06-22 11:39:18",408.5,2,takumababa
4808,16389725,wartauk,"2026-06-21 14:27:43",407.8,2,wartauk
4809,16408681,"Gestalt Lab","2026-06-28 18:25:05",407.6,2,dlougen
4810,16385157,Schw1Eg0,"2026-07-21 04:24:58",407.4,2,schw1eg0
4811,16393491,"Mostafa Sherif","2026-06-23 08:05:14",407.3,2,raxor23
4812,16435217,"Snow Yan","2026-07-07 13:19:33",407.2,2,snowy615
4813,16378777,kotatok,"2026-06-22 02:48:33",407.1,2,kotatok
4814,16381160,miso,"2026-06-26 16:47:35",407.1,2,deusanzu
4815,16565015,"Jethro Tan","2026-07-22 10:59:24",406.7,2,jettan17
4816,16385556,sysullf,"2026-07-01 12:22:35",406.7,2,lilefei
4817,16579444,"Shreyas Chaudhary","2026-07-21 09:22:12",406.1,2,shreyascppsc
4818,16377908,"Yuto Asano","2026-06-17 09:51:05",406.0,2,yutoasano
4819,16546767,fernandezppablo,"2026-07-22 01:10:42",405.8,2,fernandezppablo
4820,16512710,f7e6n5g4,"2026-07-19 07:41:00",405.3,2,"chensongwang,f7e6n5g4"
4821,16516306,"Shashank Raj","2026-07-22 11:11:15",405.1,2,"rp1614,shashank831013"
4822,16385487,GemNo.9,"2026-06-21 19:28:39",404.8,2,gemno9
4823,16417519,ChenXiaoLin04,"2026-07-06 07:45:03",404.5,2,chenxiaolin04
4824,16377755,TAKUMI7775,"2026-06-18 06:23:49",403.7,2,takumi7775
4825,16398054,yakiniku555,"2026-07-11 18:03:36",403.2,2,yakiniku555
4826,16510051,BoxyML,"2026-07-21 05:18:24",403.2,2,boxyml
4827,16373544,kawanot,"2026-06-21 23:15:35",402.9,2,kawano
4828,16374660,nenten,"2026-07-08 17:11:07",402.8,2,nenten
4829,16490009,HarshithaBNV,"2026-07-10 11:53:02",402.2,2,harshithabnv
4830,16384590,"Jermaine Wiggins","2026-06-21 03:41:07",402.1,2,jermainewiggins
4831,16380307,Awajima,"2026-06-20 03:26:02",401.7,2,awajima
4832,16568857,Feitan,"2026-07-21 14:02:22",401.6,2,feitandodatascience
4833,16447576,Yohanchen,"2026-07-07 16:01:29",401.5,2,yohanchen
4834,16374043,TheDuck,"2026-07-22 04:43:49",401.5,2,jaxroth
4835,16473215,kite_Eater1,"2026-07-03 04:52:40",401.4,1,kiteeater1
4836,16415898,"Danish Shakeel Mohammad","2026-07-05 12:40:35",401.2,2,"danishsmohammad,sr2468135"
4837,16475041,segehez,"2026-07-07 17:51:27",401.1,2,segehez
4838,16388987,ryamamon,"2026-06-21 10:52:38",401.1,1,ryamamotoo
4839,16463564,星野水木,"2026-07-21 00:29:03",400.4,2,hm3766
4840,16389505,Perunari,"2026-06-21 17:28:19",400.3,2,perunari
4841,16401783,"Mih Zam","2026-07-22 04:10:37",400.2,2,mihzam
4842,16428144,서재원,"2026-07-20 15:53:19",399.9,2,seojaewonskku
4843,16404910,"Torin Steil","2026-07-08 04:10:36",399.9,2,torinsteil
4844,16379205,和弥江口,"2026-07-03 23:37:36",399.6,2,suumo2246
4845,16550736,raikoku,"2026-07-17 16:08:49",399.3,2,raikoku
4846,16383319,"StormGrid Lab","2026-07-12 20:29:49",399.3,2,stormgridlab
4847,16516667,"Shoki Suzuki","2026-07-19 07:58:12",399.0,2,shokisuzuki
4848,16575019,qqjling333,"2026-07-21 08:01:24",398.8,2,qqjling333
4849,16443790,lveshi,"2026-06-27 20:00:43",398.7,2,lveshi
4850,16373625,yaphanqiii,"2026-07-12 10:38:22",398.6,2,yaphanqiii
4851,16493170,"Yash Agarwal","2026-07-20 14:11:01",398.5,2,yash502
4852,16384656,Bulbaflare,"2026-06-19 17:23:52",398.5,2,bulbaflare
4853,16424435,"Abish Pius","2026-07-14 19:11:41",398.4,2,abishpius
4854,16380646,mmasato,"2026-06-23 11:24:11",398.3,2,mizogakimasato
4855,16492361,"Xuanyi Liao","2026-07-06 08:52:55",397.8,2,xuanyiliao
4856,16376474,itofuki,"2026-06-22 10:55:00",397.7,2,itofuki
4857,16390182,Waha,"2026-06-20 16:37:45",397.4,2,tanawatrun
4858,16500473,"Ryoichi Hosokawa","2026-07-17 16:46:55",396.9,2,ryo1hosokawa
4859,16371881,Cathay_TCG,"2026-07-19 17:42:25",396.8,2,"chenghojung,chenkuanwu,tanimal,tinghsunchi,zerounnamed"
4860,16414073,DittleDev,"2026-07-17 16:12:01",396.1,2,"iker7027,kdarron94,ramendice"
4861,16533521,jdx,"2026-07-21 01:44:56",396.1,2,jdsemrau
4862,16390584,lostejas,"2026-06-25 02:10:39",395.6,2,lostejas
4863,16541272,Iminabo,"2026-07-20 23:12:16",395.4,1,iminabo
4864,16514793,cuijj7,"2026-07-10 07:24:18",395.3,1,cuijj7
4865,16379424,大津俊雅,"2026-07-08 13:36:44",395.2,2,shungao114
4866,16381245,"Bolt Up","2026-06-19 05:14:06",394.5,2,boltup
4867,16379569,Maikidantyou(Kusopocket),"2026-06-23 09:02:34",394.2,2,maikidantyou
4868,16410840,DavideVNT,"2026-06-25 10:39:31",394.0,2,davidevnt
4869,16411727,TBBJason,"2026-07-14 08:00:42",393.9,2,tbbjason
4870,16510964,"Prince Radadiya","2026-07-13 11:02:34",393.8,2,princeradadia
4871,16419160,"Yuki Ito","2026-07-08 09:59:41",393.4,2,yukitotikuy
4872,16372405,かーーき,"2026-07-07 16:02:03",393.0,2,kaaaki
4873,16484246,notyear,"2026-07-04 06:43:11",392.4,2,notyear
4874,16451238,HIROkkkki,"2026-07-01 12:00:05",392.3,2,hirokkkki
4875,16479613,"Morgan Wilson","2026-07-08 02:16:08",392.3,1,morganwilson99
4876,16373898,"tomek kur","2026-06-17 11:02:41",392.2,2,tomekkur
4877,16396044,"Silas Kinsman","2026-06-20 13:58:58",392.1,1,silaskinsman
4878,16373099,まっさん,"2026-06-17 07:46:33",392.1,1,ms3bf3
4879,16382464,tudoumono,"2026-06-18 16:57:57",391.7,1,tudoumono
4880,16398509,Alvin_Lee,"2026-06-27 09:18:13",391.1,2,kangweilee
4881,16377212,Nekoneko,"2026-06-19 08:13:57",390.9,2,mcnekoneko
4882,16398428,Techolve,"2026-06-27 00:59:37",390.8,2,"heki0824,ytaichi"
4883,16398461,kaito2140,"2026-06-20 16:46:31",390.8,2,kaito2140
4884,16436762,jhjh,"2026-06-28 18:47:16",390.4,1,jhcaii
4885,16557166,shigengtian,"2026-07-22 06:56:26",390.2,2,shigengtian
4886,16375632,huurou,"2026-06-18 10:01:07",389.7,2,windwolf0721
4887,16496171,"Ueda Kai","2026-07-06 16:40:37",389.3,1,uedakai
4888,16395404,André🇧🇷,"2026-06-19 17:56:37",389.1,2,andrefernand
4889,16415067,"irelia 0/11/2","2026-06-23 12:47:21",388.6,1,tok1t4
4890,16473243,mintia-3433,"2026-07-18 08:56:59",388.1,2,tmitani
4891,16386287,高橋拓夢,"2026-06-23 05:25:50",387.7,2,orangettk
4892,16386147,ren-ai,"2026-06-28 11:33:07",387.6,2,rensakurazawa
4893,16383788,"hector cardenas","2026-06-26 03:53:43",386.9,2,hectorcardenas
4894,16470079,"Lili Zhang Adams","2026-07-06 21:21:54",386.4,2,lilizhangadams
4895,16511083,spekinos,"2026-07-09 06:37:48",386.0,1,spekinos
4896,16383293,AK,"2026-06-17 17:09:45",386.0,2,aksi23412
4897,16382903,"Carlos David Andrade","2026-06-26 16:13:30",385.9,2,carlosdavidandrade
4898,16371729,gaony,"2026-06-27 09:28:54",385.3,2,gaony571
4899,16465714,"chakaravarthi j","2026-07-04 05:29:52",385.1,2,chakaravarthij
4900,16379804,kidnanarya,"2026-06-19 12:02:06",385.0,2,kidnanarya
4901,16373277,cherlilly,"2026-06-18 15:06:43",384.9,2,cherlilly
4902,16377745,MECHINE,"2026-06-29 09:52:47",384.7,2,nainglinwai
4903,16401016,hdttnk,"2026-07-05 11:57:04",384.4,2,hdttnk
4904,16375849,onigiri_meal,"2026-06-19 03:40:48",384.4,2,nozonozonozo
4905,16402467,shota.y,"2026-06-29 14:02:40",383.8,2,thimons13
4906,16510931,"Alfredo Gomez","2026-07-20 00:39:39",383.6,1,alfredgo21
4907,16392764,"Hachi TCG","2026-06-25 04:13:33",383.0,2,hachitcg
4908,16507083,viber3221,"2026-07-08 10:38:33",382.8,2,viber3221
4909,16379339,"WintoMT mo","2026-06-20 04:31:20",382.6,2,wintomtmo
4910,16382280,oooooootu,"2026-06-17 16:40:59",381.5,2,oooooootu
4911,16394526,sharakoon,"2026-06-27 07:49:03",381.2,2,sanataria
4912,16377654,"Ding Ma","2026-07-07 13:16:59",380.9,2,dingma61
4913,16442621,Ryota-Sasaki023,"2026-07-02 23:02:27",380.6,2,ryotasasaki023
4914,16374570,kenimuku,"2026-06-17 12:30:23",380.3,2,ponjuice
4915,16380841,"Mudkip's Machines","2026-06-30 21:56:39",380.3,2,freddyh1
4916,16374996,Altair,"2026-06-27 15:02:31",380.2,2,altair168
4917,16377933,kiyomaro026,"2026-07-20 13:15:03",379.8,2,kiyomaro026
4918,16438219,Jarl_Bulbasaur,"2026-06-27 01:17:12",379.6,1,jarlbulbasaur
4919,16492584,snow_n,"2026-07-08 09:43:15",379.2,2,snowtown5454
4920,16392604,naisow,"2026-06-23 07:07:44",379.2,2,naisow
4921,16582078,sorte1,"2026-07-22 12:26:27",379.0,2,sorte1
4922,16374085,Shun.K.Kobayashi,"2026-07-02 22:37:03",379.0,1,shunkkobayashi
4923,16466550,TxMk2,"2026-07-08 16:26:56",378.8,2,tetsuu
4924,16424877,flower_DJSHS,"2026-06-24 06:16:46",378.7,2,flowerdjshs
4925,16380853,"kokuto k","2026-06-20 02:46:38",378.3,2,kokutok
4926,16387494,桜草メイ,"2026-06-19 00:58:37",378.1,2,sakuramay999
4927,16542100,"LSQ LLL","2026-07-22 01:50:08",378.1,2,lsqlll
4928,16489962,foreveryl,"2026-07-19 13:19:44",378.1,1,foreveryl
4929,16514185,"Optimal Prime","2026-07-11 14:38:24",377.9,2,caelix
4930,16441611,MIutrix,"2026-07-22 11:21:15",377.8,2,miutrix
4931,16391131,"Master Yoio","2026-06-20 13:56:43",377.8,2,masteryoio
4932,16379344,"yuki #4","2026-06-24 23:41:08",377.6,2,yukikizuka
4933,16444567,"Muhammad Hayyan Akhtar ","2026-06-28 09:31:24",377.6,2,muhammadhayyanakhtar
4934,16404981,"Plural of him","2026-07-20 19:09:08",377.2,2,"arnavajain,inuekang"
4935,16399989,"The Weeknd","2026-06-26 07:11:12",377.1,2,th3w33knd
4936,16441760,Hideshima,"2026-07-12 07:33:34",377.0,2,hideshima
4937,16404922,gonchaaan,"2026-06-21 01:18:30",376.9,1,gonchaaan
4938,16463331,kokonoka,"2026-07-20 07:11:53",376.8,2,kokonoka
4939,16395117,"TEAM MAGMA","2026-07-21 15:17:09",376.5,2,"pochacode,yamato035073"
4940,16378460,nnnnio_pppira,"2026-06-22 13:04:10",376.4,2,itokashi
4941,16376857,okubyfire,"2026-06-18 12:12:08",376.4,2,okubyfire
4942,16551529,Keimannn,"2026-07-16 05:04:06",375.7,1,keimannn
4943,16389063,takoyaki_taiyaki,"2026-06-18 15:52:12",375.7,2,takoyakitaiyaki
4944,16382662,"Rafael Flor Rodríguez-Rabadán","2026-06-25 07:02:07",375.7,2,rafaelflor
4945,16388691,EW2028,"2026-07-09 17:45:01",375.6,1,ew2028
4946,16536756,naoto_n,"2026-07-17 03:16:11",375.0,2,naotonishiura
4947,16468059,"Bulat Latypov","2026-07-18 07:14:45",375.0,2,bubuilder
4948,16372742,soraKING44,"2026-06-28 15:24:38",374.9,2,soraking44
4949,16372825,"Sanc Tuary","2026-06-16 16:29:18",374.9,2,sanctvsize
4950,16420625,"Shreyash Vora","2026-07-16 05:52:01",374.7,1,shreyashvora
4951,16384637,chanta093,"2026-06-18 10:06:34",374.5,2,chanta093093
4952,16495659,"Numaya AI","2026-07-09 01:26:42",374.3,2,syedrizwanm
4953,16562830,"Seong-Min Park","2026-07-19 15:09:44",374.2,2,xcrossai
4954,16474775,"John Paul Curada","2026-07-02 17:36:53",374.1,2,jeypiic
4955,16385837,asarinoyado,"2026-06-29 07:21:50",372.3,1,asarinoyado
4956,16378204,DOMinators,"2026-06-17 12:06:08",372.1,1,nisargvashi
4957,16382347,Takeshi&maria,"2026-06-23 11:00:52",372.1,2,takeshimaria
4958,16391290,"Karthik Ragulan","2026-06-20 03:23:52",372.0,2,karthikragulan
4959,16372987,fie_plachta,"2026-07-21 08:05:38",372.0,2,fieplachta
4960,16406656,hana_c,"2026-07-01 13:08:59",371.9,2,hanacreation
4961,16408879,Septem27,"2026-07-08 14:59:33",371.9,2,hirataira
4962,16371702,rong,"2026-06-29 12:54:54",370.6,2,rong284
4963,16372178,Kaiman2110,"2026-06-16 14:35:40",370.5,1,kaiman2110
4964,16449971,DRNTK,"2026-07-20 12:55:01",370.1,2,"hironobusakuma,mk0414,tsuyuyu"
4965,16373586,zono819,"2026-06-28 06:22:04",369.8,2,zono819
4966,16374832,"ARNAV PANDEY","2026-06-18 09:39:55",369.8,2,arnavsuiiiiiiiiiiii
4967,16430759,Millerbyte,"2026-07-19 21:21:42",369.8,2,millerbyte
4968,16386032,sy0718,"2026-06-26 10:11:49",368.8,2,sy0718
4969,16373136,藤田聖矢,"2026-07-07 08:19:56",368.6,2,emiliasabao
4970,16373459,yuarth,"2026-07-04 06:52:22",368.2,2,yuarth
4971,16377611,"Vishwas Mishra","2026-07-11 12:42:55",367.7,2,vishwasmishra1234
4972,16389434,matsu12,"2026-07-07 14:04:53",367.0,2,matsu12
4973,16498973,"Akhyar Safrudin","2026-07-18 07:06:58",366.5,2,akhyarsafrudin
4974,16381545,okuokuyt,"2026-06-17 21:30:22",366.1,2,okuokuyt
4975,16396813,Luscaassz,"2026-06-24 20:30:18",365.9,1,luscaassz
4976,16391177,ohige0831,"2026-06-18 21:09:42",365.6,1,ohige0831
4977,16372507,Tsukusim,"2026-06-16 14:11:12",365.6,2,tsukusim
4978,16462677,"Nicola Li","2026-07-22 01:14:56",365.6,2,yuhaoli95
4979,16399811,梅田真宙,"2026-07-12 20:47:27",365.1,2,mahiro770
4980,16385366,tahiro,"2026-07-06 16:18:04",364.9,2,tahiro
4981,16421588,HSB,"2026-07-01 23:28:13",364.9,1,matteomanzari
4982,16393227,"SPARSH PATEL","2026-07-22 12:59:19",364.8,2,sparsh123456789
4983,16380393,"Aarit Haldar","2026-06-24 08:28:27",364.7,2,aarithaldar
4984,16395420,"Dirk Moreno Arias","2026-06-22 13:06:13",364.5,2,dirkmorenoarias
4985,16374192,juice-le,"2026-06-22 06:36:05",364.4,2,juicele
4986,16380968,KH_shadow,"2026-06-17 14:48:42",364.3,2,khshadow
4987,16442135,Regulus2838,"2026-06-28 10:13:37",363.4,2,regulus2838
4988,16429363,"Richard Tang","2026-07-20 14:34:29",363.3,2,richardgtang
4989,16379050,"Benedek Brandschott","2026-06-19 21:19:32",362.6,3,benedekbrandschott
4990,16376572,renoyu,"2026-06-26 01:50:50",362.1,2,renoyu
4991,16386905,kfuku,"2026-06-18 17:59:18",362.0,1,kfukumr
4992,16376890,"Takanori Abe","2026-06-19 12:19:08",362.0,2,takanoriabe
4993,16381685,新松戸ポケカ研究所,"2026-06-20 04:32:15",361.6,2,"wab2nd,yanbaru"
4994,16373134,mishio,"2026-07-15 14:56:19",361.5,2,myosin340
4995,16383541,harapeco_onakasuita,"2026-07-12 13:24:18",361.4,2,harapecoonakasuita
4996,16375679,HanaMew,"2026-07-02 10:12:02",361.4,2,hanamew
4997,16378301,fuku_support,"2026-06-22 05:52:19",361.0,2,fukusupport
4998,16380797,hirohiso,"2026-07-05 07:22:01",360.1,1,hironoriirie
4999,16557531,"Tanush Thirunagari","2026-07-17 18:16:05",360.1,1,tanushthirunagari
5000,16404975,alvanli,"2026-07-22 13:03:19",360.0,2,alvanli
5001,16564741,"Xinyue Zhang","2026-07-22 13:40:36",359.6,2,xinyuezhang333
5002,16430412,"Eslam Elzamkan","2026-06-25 04:46:46",358.8,1,eslamelzamkan
5003,16444493,"Ha huy","2026-06-29 10:42:13",358.4,2,hahuyy
5004,16385639,Hi_Atlier,"2026-07-04 08:31:20",358.3,1,hiatlier
5005,16539527,"TANG FEILIAN","2026-07-20 14:55:20",358.3,2,tangfeilian
5006,16374535,"Hibiki Nagadome","2026-06-19 12:48:29",358.1,1,hibikinagadome
5007,16396408,"Benard Otieno","2026-06-25 13:15:06",357.5,2,benoch
5008,16421831,MewVMAX,"2026-06-23 17:52:29",357.4,2,iskw0816
5009,16483598,anmadev,"2026-07-17 18:34:47",357.3,1,anmadev
5010,16405470,okayuHY,"2026-06-23 18:33:07",357.2,2,okayuhy
5011,16391911,"Kuga Miyabi","2026-06-21 05:08:47",357.1,2,kugamiyabi
5012,16445566,"Vigneshmurali Iyer","2026-07-02 10:04:39",356.9,1,vigneshmuraliiyer
5013,16376959,s.kawabata0318,"2026-06-19 03:30:01",356.4,2,skawabata0318
5014,16555095,tedo,"2026-07-16 13:51:00",356.4,1,takuroedo
5015,16535420,sayav01,"2026-07-13 01:12:32",355.7,1,kellysayav01
5016,16372567,nmdcddwzml,"2026-07-22 13:48:40",355.4,2,mujian63
5017,16474542,"Ozan Coltekin","2026-07-02 16:56:33",355.0,2,ozancoltekin
5018,16379276,ASDA,"2026-07-01 14:09:22",355.0,2,akiwakabayashi
5019,16385281,hide29,"2026-06-18 17:47:29",354.9,1,hide29
5020,16447225,Pippi,"2026-07-09 10:48:36",354.4,2,"atuy1219,bitterc0ffee,ittaono,pippi0523"
5021,16393950,huchkw,"2026-06-19 16:05:35",354.4,2,huchkw
5022,16383230,"Florian Brunotte","2026-06-19 21:02:04",354.3,2,florianbrunotte
5023,16462895,REX1314,"2026-07-03 15:15:20",354.1,2,rex1314
5024,16377288,ItsEvie,"2026-06-26 03:38:57",353.8,2,itsevie
5025,16533813,"table spoonful","2026-07-13 14:02:10",353.5,2,tablespoonful
5026,16461002,PLReddy23,"2026-07-03 17:46:07",353.5,2,plreddy23
5027,16379491,Tsutsu_01,"2026-06-18 01:43:49",353.5,2,foopa66666
5028,16449630,"Enoch Kwak","2026-07-04 01:42:22",353.4,2,redcom55
5029,16380292,esu_oshawott,"2026-06-17 10:20:51",352.9,1,esuoshawott
5030,16513379,"Nimesh Lokhande","2026-07-18 13:01:34",352.7,2,nimeshlokhande
5031,16491486,"Guilherme Gusman","2026-07-07 21:14:14",351.7,2,guilhermegusman
5032,16569256,"Agustín Suazo Zavando","2026-07-21 11:33:02",351.0,2,agustnsuazozavando
5033,16428808,AI部,"2026-07-21 17:53:47",350.8,2,"ai2202w3bagt7,ymymtymblack"
5034,16379298,usubazzz,"2026-06-22 14:55:19",350.8,2,usubazzz
5035,16390838,MC1127,"2026-07-10 12:08:32",350.7,2,mc1127
5036,16499704,songp__1218,"2026-07-13 15:32:12",350.6,1,songp1218
5037,16442332,Gabriele,"2026-07-21 07:19:36",350.5,2,gzigurella
5038,16405219,kunugirasuku,"2026-06-24 12:13:38",350.5,2,"daigosakai,sanamichoro"
5039,16430137,mqi666,"2026-06-25 21:31:31",350.3,1,mqi666
5040,16413120,りんなな,"2026-07-01 11:04:14",350.2,2,hirosaitou
5041,16410712,Stitch,"2026-07-18 07:02:21",350.1,2,mitsuaccessjam
5042,16416328,"Mathieu Bartels","2026-06-23 14:34:54",349.9,2,vincomnis
5043,16483323,かしゅー,"2026-07-08 03:22:14",349.9,2,popcashew
5044,16388974,brave-心勇-heart,"2026-06-20 16:19:15",349.9,2,braveheart
5045,16392887,AnkushSnigh,"2026-06-25 10:09:35",349.7,2,ankushsnigh
5046,16445056,"naoto harada000001","2026-07-01 15:07:08",349.5,2,naotoharada000001
5047,16395818,"Ryan Talcoff","2026-07-03 16:39:47",349.4,2,ryantalcoff
5048,16374860,"Bryson Tang","2026-06-16 20:16:26",349.1,1,brysontang
5049,16549531,Samuel1212,"2026-07-17 18:54:54",349.0,2,samuel1212
5050,16373498,瀬川尚紀（おしるこ）,"2026-06-16 15:44:20",348.4,1,oshiruko620
5051,16448345,"Daiki Mukaiyama","2026-07-04 03:06:19",347.4,2,daikimukaiyama
5052,16548340,"Oleh Okilko","2026-07-17 01:31:55",347.1,2,olehokilko
5053,16483363,Fare42,"2026-07-14 00:03:59",347.1,1,fare42
5054,16415978,"Florian Tanguy","2026-06-23 01:56:37",347.0,2,floriantanguy
5055,16381346,MKTRIP,"2026-06-17 14:27:23",346.8,1,koheikamijima
5056,16562713,niraale,"2026-07-19 14:43:06",346.6,1,niraale
5057,16379426,works.management,"2026-06-26 06:21:07",345.9,2,worksmanagement
5058,16513515,"IRON GM","2026-07-11 07:56:24",345.7,2,irongm
5059,16383707,"Quentin Barbarat","2026-06-17 20:22:18",345.6,1,sunbr0
5060,16418935,"M Irfan Shahid","2026-06-25 08:04:41",345.4,2,mirfanshahid
5061,16385557,gakushiai,"2026-07-05 01:19:31",344.9,2,gakushiai
5062,16561012,"macbook air m4","2026-07-22 10:55:48",344.3,2,anonimniygeniy
5063,16386866,yeonggil7,"2026-06-20 11:27:37",344.1,1,yeonggil7
5064,16383966,"Brandon Khuu","2026-07-03 16:41:30",344.1,2,brandonkhuu
5065,16377131,Kalameet,"2026-06-23 03:29:28",344.0,2,kalameetvsgough
5066,16581570,SeanMcPokemon,"2026-07-22 13:38:51",343.8,2,seerss
5067,16445813,yuyu_kato,"2026-06-28 12:42:52",343.5,2,yuyukato
5068,16372035,"Keita Kakinuma","2026-06-16 12:58:54",343.0,1,raimuchan
5069,16381287,Bondo,"2026-06-26 13:33:29",342.8,2,emulsion
5070,16411031,"Tai Yoda","2026-06-22 05:50:35",342.5,1,taiyoda
5071,16374568,RubenGG94,"2026-06-16 18:50:35",342.4,1,rubengg94
5072,16570799,Gabriel,"2026-07-22 12:54:57",341.8,2,azaki09
5073,16538212,Parthasaradhy,"2026-07-22 12:51:16",341.6,2,parthasaradhy
5074,16402852,秋田優斗,"2026-06-24 07:05:57",341.4,2,yutoakita
5075,16437129,"eito iguchi","2026-07-18 07:39:34",341.0,1,eitoiguchi
5076,16386196,Seiyaishikawa,"2026-07-13 13:20:31",340.7,1,seiyaishikawa
5077,16388948,"yuki #5","2026-06-22 14:14:08",340.5,2,gozboy
5078,16372111,"Andrew Lee","2026-06-21 18:51:25",340.5,2,andrewlee23023
5079,16384875,"Subhy Affara","2026-07-15 06:04:37",340.0,2,subhyaffara
5080,16405010,te1111,"2026-06-28 06:14:06",339.9,2,te1111
5081,16531286,f_u,"2026-07-14 15:22:03",339.8,2,fujiiiiii
5082,16373426,Kintaro,"2026-06-18 18:01:47",339.3,2,kintaro03
5083,16485003,"YU SANOGAWA","2026-07-04 09:16:51",339.2,1,yusanogawa
5084,16552047,RyanHo,"2026-07-22 05:15:00",339.0,2,ryanrx
5085,16394403,TDENIS,"2026-07-22 09:21:03",338.9,2,thibaultdenis
5086,16405050,HarukiArai,"2026-06-21 05:32:09",338.7,2,akasa18890
5087,16376260,TATEHA,"2026-06-29 07:23:41",338.7,2,tateha
5088,16385088,kz_stst,"2026-07-20 14:13:23",338.1,2,kzstst
5089,16399670,Vookmarket,"2026-06-26 12:39:02",337.7,2,bookmarked
5090,16409161,KD,"2026-06-21 17:04:42",337.5,2,kodaihoshi
5091,16451295,"Yu Tomita","2026-07-11 06:09:10",337.4,2,yu0228
5092,16397125,"Yu Zhang","2026-06-21 01:27:33",337.0,2,zhangyu0217
5093,16395091,wani,"2026-06-24 21:09:27",336.9,2,yosukekashiwagi
5094,16481916,야돈꼬리,"2026-07-05 18:01:19",336.8,2,"ggamjin,hyunkn"
5095,16380743,"Ashutosh Agarwal","2026-07-22 04:36:47",336.8,2,ashutoshagarwal088
5096,16407114,Gaarv,"2026-06-24 14:28:46",336.6,2,gaarv1911
5097,16433780,"Ezaiyah Jolly","2026-07-03 16:11:48",336.1,1,ezaiyahjolly
5098,16386249,"Aditya Singh","2026-06-19 11:25:23",335.9,2,adityasingh157735
5099,16384315,alekh,"2026-07-14 19:16:42",335.8,2,aleksanderhan
5100,16373326,kanade73,"2026-06-16 15:42:04",335.7,1,knd703
5101,16578092,lscategory,"2026-07-21 01:48:56",335.4,1,lscategory
5102,16371582,"Lizzi Ti","2026-07-20 07:30:22",335.4,2,lizziti
5103,16425341,"Abhinav Kotnala","2026-06-24 06:44:40",335.3,1,abhinavkotnala
5104,16382861,"Sima Sinha","2026-07-10 05:56:37",335.2,2,simasinha
5105,16386288,"maimai #2","2026-06-18 05:44:45",334.5,1,maimai392618
5106,16530975,"M.Muaaz Hussain","2026-07-11 11:05:08",334.5,2,mmuaazhussain
5107,16376568,KENMANGG,"2026-06-17 04:17:39",334.0,2,kenmangg
5108,16438492,"Kiran Vitly","2026-06-27 16:04:01",333.9,2,kiranvitly
5109,16385914,Yu_053f,"2026-07-07 06:03:48",333.9,1,yu053f
5110,16555384,"Umeshh Nanda","2026-07-20 18:01:18",333.9,1,umeshhnanda
5111,16376118,bengle,"2026-07-04 03:19:10",333.0,2,bengle
5112,16411041,"Koh Ma2ko","2026-07-19 05:35:44",332.7,2,kohma2ko
5113,16388982,Ryutaro,"2026-06-18 13:43:21",332.7,1,ryutaroha
5114,16380463,"Genocide Hashimoto","2026-07-01 09:26:32",332.4,2,cerberushashimoto
5115,16510186,プレーン,"2026-07-09 04:11:35",332.4,2,plainyo
5116,16380262,"sleeping aqua","2026-06-20 23:52:53",332.2,1,sleepingaqua
5117,16388674,thyme20010113,"2026-06-18 15:15:27",331.8,2,thyme20010113
5118,16377853,"hina-no is all you need","2026-06-19 23:21:43",331.7,2,tyokousagi
5119,16379286,"Zheng Tang","2026-07-15 01:30:44",331.7,2,zhengtang1120
5120,16377651,PeterOldriver,"2026-06-21 07:14:12",331.4,1,peteroldriver
5121,16485913,enaryu,"2026-07-04 13:36:15",330.8,1,enaryu
5122,16381171,Sameeigaman,"2026-07-04 12:42:27",330.7,2,sameeigaman
5123,16375677,"JoJo Lerner","2026-06-21 01:59:19",330.6,1,jojolerner
5124,16473379,"taku tou","2026-07-03 06:36:22",330.2,1,takutou
5125,16422615,celebi,"2026-07-22 11:53:02",330.0,2,"pahdoo,richardl2"
5126,16438680,psere,"2026-07-22 10:32:24",329.8,2,pseree
5127,16382530,lilylily26,"2026-07-05 06:53:10",329.6,2,lilylily26
5128,16382486,Maximiliano,"2026-06-24 00:45:12",329.6,2,maximim
5129,16433595,shadoxi,"2026-07-22 01:22:43",329.4,2,"hohohozzz,xhbsx24"
5130,16394646,"What’s Next 4","2026-07-19 03:49:28",329.4,2,"legnograph,tazawa2002,ytajima"
5131,16444848,"Josh Mcateer","2026-06-30 12:56:51",329.0,2,joshmcateer
5132,16377491,TKYOinK,"2026-06-28 15:36:02",328.6,2,tkyoink
5133,16380844,東城立憲,"2026-06-29 14:35:50",328.3,2,"masaharudesu,tatsunoritojo"
5134,16579869,zhujiaruii,"2026-07-22 01:27:28",328.3,1,zhujiaruii
5135,16373883,Aregus,"2026-06-20 01:08:51",327.6,2,aregus
5136,16385753,Miyashin,"2026-06-20 05:51:59",327.3,1,"pirakazu,shinyamiyai"
5137,16402993,erde,"2026-06-20 15:44:14",327.2,1,erdedelrey
5138,16382121,yiyi,"2026-06-17 16:25:45",327.1,2,ystoke
5139,16395385,JKong,"2026-06-19 15:34:20",327.0,1,kmt2001
5140,16510722,"Vupeen Thapa magar","2026-07-11 18:19:13",326.8,2,vupeenthapamagar
5141,16374810,まきしゅうた,"2026-06-16 22:12:44",326.7,2,maxxxine
5142,16377717,"Le Chaton Fat","2026-06-18 13:47:02",326.5,2,anmatngu
5143,16388436,"Alexey Akinshchikov","2026-06-20 22:26:28",326.4,1,akinshchikov
5144,16396322,KDelapeace,"2026-06-20 20:05:34",326.4,2,kdelapeace
5145,16443273,satojkovic,"2026-07-06 15:41:06",326.2,1,satojkovic
5146,16531108,YUYA,"2026-07-11 07:45:02",326.1,2,yuyaizumikawa
5147,16384411,Deobot,"2026-06-23 05:41:35",326.1,2,deobot
5148,16386584,"AnDy Trần","2026-06-18 06:42:46",326.0,1,andytrn
5149,16391111,"carlos marquez","2026-06-18 22:25:40",325.9,1,carlosjmarq
5150,16380430,ADNOH,"2026-07-08 11:54:22",325.3,1,adnoh2003
5151,16431421,Oscarmoon09,"2026-07-09 17:04:05",325.1,2,oscarmoon09
5152,16392476,"Yuki Kawakami123","2026-06-23 15:42:41",325.0,2,yukikawakami123
5153,16580198,"takashi suzuki","2026-07-22 07:36:03",324.7,2,ap0424ts
5154,16441783,"Ryohei Nakamura","2026-06-27 13:32:14",324.7,2,ryohei0822
5155,16512480,炒粉真好吃zzz,"2026-07-11 01:35:12",324.5,1,chaofen
5156,16446821,"luis derares","2026-07-22 11:04:06",324.5,2,luisderares
5157,16432009,Mizunooo,"2026-07-04 12:46:31",324.3,1,mizunooo
5158,16405331,EnoMi4mg,"2026-06-21 05:29:27",323.7,2,enomi4mg
5159,16415249,"James Shi 8808","2026-06-29 09:44:31",323.7,1,jamesshi8808
5160,16420021,田中紘章,"2026-07-21 16:01:39",323.7,2,hiroakitanakaaaa
5161,16394629,BasicallyBot,"2026-07-03 10:42:24",323.7,2,shayanmandrekar
5162,16381098,orchidee8081,"2026-06-21 14:06:52",323.5,2,orchidee8081
5163,16544052,SuperBigZabuton,"2026-07-15 00:47:46",323.4,1,superbigzabuton
5164,16395195,Nineso,"2026-06-27 03:54:19",323.2,2,timothylovett
5165,16427313,"Zane Cheung","2026-06-25 07:30:28",323.2,2,zhengyuanchuang
5166,16530602,Mikyan_みきゃん,"2026-07-11 05:44:32",322.7,2,"kumakubon,mikanjuice333"
5167,16490501,blip_scandal808,"2026-07-05 14:59:19",322.3,1,blipscandal808
5168,16392230,fjtk005,"2026-06-19 05:24:36",322.2,1,fjtk005
5169,16412232,kibinyan,"2026-07-02 15:12:00",322.1,2,kibinyan
5170,16382071,大田重吉,"2026-06-17 15:55:38",322.1,1,jukichiota
5171,16392644,mamahi,"2026-06-25 07:16:56",321.8,2,mamahi
5172,16382822,"Naoki Takagi","2026-06-29 17:20:03",321.4,1,naokitakagi
5173,16448701,"Cheddy G","2026-07-01 07:51:35",321.1,1,edgargmz3000
5174,16432537,vividmind,"2026-06-25 17:31:18",321.1,1,frozenorb
5175,16372904,sati1996,"2026-06-23 04:20:24",320.7,1,sati1996
5176,16391821,黒田海斗,"2026-06-20 12:46:28",320.5,2,kaitokuroda
5177,16490825,"Jedidiah Hernandez","2026-07-12 20:12:23",320.4,2,jedihernandez
5178,16381967,true-machida,"2026-06-18 13:29:25",320.0,1,truemachida
5179,16425055,"yasu. 78","2026-06-25 07:04:02",320.0,2,yasu78
5180,16400909,bu,"2026-06-20 10:35:57",320.0,1,yabuuchikazuhide
5181,16422640,"Sapiens Livre","2026-06-27 03:42:23",319.9,2,sapienslivre
5182,16385614,Leekyung,"2026-07-13 20:55:17",319.8,2,ryanfiorentino
5183,16430461,Cafelatte1,"2026-06-25 01:52:04",319.7,1,cafelatte1
5184,16376473,"Taro Nagasawa","2026-06-17 04:02:31",319.6,1,taronagasawa
5185,16393058,"Takahiro Cho","2026-06-24 06:23:21",319.1,2,takahirocho
5186,16387025,"Varun Rao","2026-07-13 03:12:53",319.1,2,varunraosfanlkan
5187,16436713,金澤俊介,"2026-07-17 07:40:18",319.0,1,zawawa1830
5188,16579942,"Rubin Sahota","2026-07-22 09:00:48",319.0,2,rubinsahota
5189,16381236,JOKER777,"2026-06-18 16:50:25",319.0,1,joker777hk
5190,16375328,Hum1060,"2026-06-16 22:26:03",319.0,1,kimimimimi
5191,16395261,"bird 01","2026-06-28 15:33:34",318.8,1,bird01
5192,16387994,"Manoj Gowda BG","2026-06-28 02:13:07",318.6,2,manojgowdabg
5193,16542130,Seventie,"2026-07-22 07:22:49",318.4,2,shaikabdussattar
5194,16390725,"Suneet Kumar Saini","2026-06-18 22:57:52",318.3,2,suneetsaini
5195,16406019,torawo_2002,"2026-06-22 13:22:06",317.9,1,torawo2002
5196,16412835,czhhhhh,"2026-06-24 03:43:59",317.0,2,czhhhhh
5197,16412895,"AJAY JAIKRISHNAN","2026-07-15 14:19:37",316.9,2,ajayjaikrishnan
5198,16397133,Simon-the-sorcerer,"2026-07-21 21:33:52",316.7,2,simonwiller
5199,16372635,"Yuki TASHIRO","2026-06-16 14:02:31",316.4,1,yukitashiro
5200,16414460,CANGHAI,"2026-06-30 02:24:51",316.4,2,bingzhenjiang
5201,16461200,"Visruth Kakaumani","2026-06-30 18:26:55",316.1,1,visruthk
5202,16448770,"Hermes Lu","2026-07-21 06:21:42",315.6,2,hermeslu
5203,16454330,RK1101,"2026-07-03 04:17:54",315.3,2,rk1101
5204,16434188,"Keith Fu","2026-06-30 14:54:52",315.0,1,kkeithf
5205,16384963,"Takuya Shinozaki","2026-06-18 18:57:35",314.8,1,takushino
5206,16387825,T_death,"2026-06-18 12:38:42",314.5,1,tdeath1729
5207,16392744,tsubas,"2026-06-21 10:02:51",314.5,1,tsubas
5208,16406732,fanta1127,"2026-06-27 10:10:06",314.0,2,fanta1127
5209,16427775,"Gerar Del Toro","2026-07-10 14:17:31",313.9,2,gerardeltoro
5210,16561591,"Alex Cook","2026-07-21 20:04:03",313.6,2,alexhcook
5211,16406382,"[Deleted] 6b0fd188-7934-48ef-9477-b2651411d504","2026-06-21 12:14:43",313.6,1,del=334890a20add4b7c
5212,16438009,cheesecake,"2026-07-14 04:52:59",313.5,2,chelseaaurel
5213,16384497,"patchgi (パッチギ)","2026-06-18 21:21:39",313.4,2,patchgi
5214,16388065,toko2222,"2026-06-21 15:18:33",313.3,2,toko2222
5215,16404896,"Takuma Miwa","2026-06-18 04:13:58",313.0,1,"ichemy,piro3112,takumamiwa"
5216,16381085,"takuya asami","2026-07-11 13:51:12",312.9,2,takuyaasami
5217,16375341,gospellkawa,"2026-07-01 06:32:44",312.9,1,gospellkawa
5218,16377345,ChawanutCharoenthammachoke,"2026-06-17 07:00:16",312.5,1,championest
5219,16463045,biubiubiu~,"2026-07-21 10:26:29",312.2,2,mengvision
5220,16377124,"Lee Tai Peng","2026-06-20 02:23:04",312.1,1,leetaipeng
5221,16376048,"Narumi Miyazawa","2026-06-20 10:24:55",312.0,1,narumimiyazawa
5222,16376435,Cada,"2026-06-24 13:38:27",311.1,2,daikikagesaki
5223,16372801,mingjiang,"2026-06-18 12:22:24",311.1,2,ayuthu
5224,16371472,tomioka,"2026-07-21 21:45:50",310.8,2,tomiokar
5225,16461856,"jarin islam shova","2026-07-09 13:01:57",310.4,1,jarinislamshova
5226,16407281,"Kisan Al Gaib","2026-07-02 07:44:16",309.8,2,"ayushmansingh27,fanserudraksh,gauravbdamor,nikhilpathaksvnit"
5227,16441807,ymdkk,"2026-07-13 13:59:59",309.2,2,ymdkk7evievi
5228,16536150,"Itto Hattori","2026-07-12 19:04:12",308.8,1,ittohattori
5229,16464909,"Saku Daku","2026-07-01 10:52:37",308.7,2,sakudaku
5230,16380218,"SATOYUKI HATA","2026-06-17 10:11:55",308.5,1,satoyukihata
5231,16397628,BrendaScarleth,"2026-06-20 23:57:22",308.3,2,"brendascarleth,josangelsanchez"
5232,16421728,"VSKi Li","2026-06-27 04:24:32",308.1,2,vskili
5233,16401206,"Tomonari Inagaki","2026-06-22 03:21:04",307.5,2,tomonariinagaki
5234,16478055,"Rishabh Pandia","2026-07-03 01:50:59",307.3,2,rishabhpandia
5235,16473277,"Mr. Bro","2026-07-18 08:58:59",307.1,2,mustafasevndk
5236,16386367,TCre15,"2026-06-25 08:10:06",307.0,2,tcre15
5237,16377488,hagglemekaggle,"2026-06-22 19:11:05",306.9,2,hagglemekaggle
5238,16419610,"Hải Đăng","2026-06-24 10:01:12",306.7,2,haidang2405
5239,16400551,"Jaisal K Jain","2026-07-09 13:51:57",306.6,2,jaisalkjain
5240,16387093,"Jun AKita","2026-07-02 10:09:56",306.5,2,junakita
5241,16379875,Mystique　Kobayashi,"2026-07-03 14:15:31",306.4,2,aniotamain
5242,16376815,vetsin,"2026-06-21 22:14:47",306.2,2,vetsin
5243,16378733,Quinten21,"2026-06-19 19:00:37",305.9,2,quinten21
5244,16436562,"Sasaki Shoya","2026-06-26 07:37:26",305.5,1,sasakishoya
5245,16414959,"Andre Luiz Barbosa","2026-07-15 01:09:07",305.3,2,andreluizbarbosa
5246,16372783,yakitori55,"2026-06-19 03:13:32",305.1,2,yakitori55
5247,16382604,Hattoriiiiii,"2026-07-06 10:24:46",305.1,2,hattoriiiiii
5248,16377061,kaggle.omusubi,"2026-06-17 06:09:25",305.0,1,kaggleomusubi
5249,16381151,KIHA-X,"2026-06-17 14:27:54",304.8,2,"moosan6363,plainoaks"
5250,16406438,"Hiroyuki Jodai","2026-06-24 12:07:11",304.7,2,hiroyukijodai
5251,16426063,ter4,"2026-07-04 19:26:29",304.6,2,ter2610
5252,16381467,"Jon Duea","2026-06-18 19:28:08",304.2,1,jonduea
5253,16413931,"Ryu K","2026-06-22 14:04:09",304.1,2,ryukhakikhaki
5254,16375826,"Keita Shimada","2026-06-22 07:04:25",303.9,2,keishi01
5255,16381180,RG,"2026-06-18 04:02:04",303.8,2,reo777
5256,16372901,tarinta,"2026-07-05 14:50:29",303.7,2,tarinta
5257,16414464,littlecitizen,"2026-06-23 16:18:07",303.5,1,littlecitizen
5258,16392664,ryogaga,"2026-06-21 08:33:20",303.4,2,ryogaaka
5259,16403373,syosinsya,"2026-06-20 19:01:41",303.3,2,syosinsya
5260,16413989,hrkunno,"2026-06-29 07:24:52",303.2,2,hrkunno
5261,16386335,nanamituki,"2026-06-18 12:29:42",303.0,1,nanamituki
5262,16429785,Sama,"2026-07-10 02:28:52",303.0,2,samacorp
5263,16474961,kfnsosz1,"2026-07-04 09:04:09",302.9,2,kfnsosz1
5264,16565561,RK-JP,"2026-07-21 22:37:53",302.7,2,kaggleryok
5265,16392807,"PRADEEP HEBBALLI","2026-06-30 13:35:03",302.2,2,pradeephebballi
5266,16454740,STS1106,"2026-07-06 08:50:36",302.1,2,sts1106
5267,16382133,"stray dog","2026-06-21 03:52:46",302.0,2,straydogman
5268,16394199,茅島新矢,"2026-06-23 06:42:39",301.8,2,shinyalll
5269,16373598,"Ahmed A.","2026-06-18 17:10:03",301.6,2,archie40004
5270,16380641,guregu321,"2026-06-17 11:50:43",301.0,1,guregu321
5271,16376444,Vishys,"2026-06-19 02:59:47",300.0,2,vishys2487
5272,16456612,Eason0203,"2026-07-21 10:17:25",299.5,2,"eason0203,soichironishimori"
5273,16371851,heart_mugi,"2026-07-07 17:40:44",298.8,2,heartmugi
5274,16385395,ischca,"2026-06-26 15:29:36",297.5,2,ischca
5275,16454448,"elijah ledger","2026-07-01 14:27:46",295.5,2,elijahledger
5276,16452120,"Yoonseok Jeong","2026-07-05 14:33:51",295.4,2,peptu17
5277,16415112,pokabu1104,"2026-07-05 21:57:00",294.9,2,pokabu1104
5278,16506041,"Manish Kumar Kumawat","2026-07-17 04:59:54",294.8,1,manishkkumawat
5279,16555163,"Verjin Vargheese","2026-07-16 18:56:14",294.0,2,verjinvargheese
5280,16533840,"Eshan Das","2026-07-12 08:27:52",293.4,2,eshandas27
5281,16380986,hiong-e,"2026-06-23 10:29:59",293.4,2,hionge
5282,16482080,"Diksha Shakya","2026-07-03 17:20:31",291.7,1,dikshash2007
5283,16557185,kennyxwu,"2026-07-17 21:19:34",291.7,2,kennyxwu
5284,16373658,nianag0,"2026-07-03 05:31:44",291.4,2,daichimuraoka
5285,16552563,"Sanyam Jain","2026-07-22 00:33:00",290.5,2,sjain03
5286,16384549,ReefSnax,"2026-06-29 20:54:46",289.1,2,reefsnax
5287,16582736,"Sayandeep Ghosh","2026-07-21 19:30:29",288.5,2,sayandeepghosh
5288,16374429,Kawake1,"2026-06-16 18:30:23",286.0,1,kawake1
5289,16441310,"asida shun","2026-06-27 14:15:26",285.6,1,asidashun
5290,16380308,yamayuki_poke,"2026-06-17 10:24:34",285.6,1,yamayukipoke
5291,16418364,"beast in SIMOKITAZAWA","2026-06-28 08:36:50",285.2,2,beastinsimokitazawa
5292,16391215,"Klenio Padilha","2026-06-23 07:09:52",285.2,2,kleniopadilha
5293,16382320,"Hiroki WAKAMATSU","2026-06-18 17:00:50",285.1,2,hawk1125
5294,16463611,kimlee,"2026-07-04 09:43:40",283.5,2,kimlee2
5295,16514517,QuentinChambers,"2026-07-10 01:45:13",283.5,1,qkchambers
5296,16375936,CHS,"2026-06-23 05:51:48",283.4,2,chs113
5297,16574216,teyosan1229,"2026-07-20 09:13:06",283.4,1,teyosan1229
5298,16401628,YukiIde,"2026-06-28 08:23:53",283.0,2,yidey1231
5299,16386972,Apocalypse7,"2026-07-13 09:48:56",282.4,2,apocalypse7
5300,16378031,"[Deleted] 87d00d5e-2534-45ed-b859-3d272112a525","2026-06-18 08:29:25",282.1,1,del=bc4901e0aedfd722
5301,16381320,Larpmaxxing,"2026-06-19 01:33:52",282.1,2,williamandrian
5302,16406817,kwsk0907,"2026-06-21 15:07:12",282.0,2,kwsk0907
5303,16439860,やまちー,"2026-07-15 07:30:43",281.8,2,"kawaiiyamatyann,lmeet619"
5304,16572402,louiebbb1198,"2026-07-22 01:29:41",281.7,2,louiebbb1198
5305,16407141,さやのーず,"2026-07-17 05:29:24",281.3,2,"alorphas,jenga0556,sayanotsu"
5306,16408600,yuyumaru,"2026-06-28 08:29:14",281.2,2,yuyumaru
5307,16458444,"Wei Hsiang Lin111","2026-07-13 23:47:14",281.2,2,weihsianglin111
5308,16495694,AeroBliss,"2026-07-08 12:58:45",280.8,2,anandx1
5309,16408500,Joe722,"2026-06-22 09:50:56",280.5,2,joe722
5310,16427478,"Arun R.noa","2026-06-29 12:36:15",279.8,1,zorornoa
5311,16421859,Amalgam,"2026-07-17 08:08:56",279.7,2,zqgk52ar
5312,16553328,"Aarav Bajya","2026-07-19 08:38:35",278.1,2,aaravbajya
5313,16534993,浦山拓樹,"2026-07-12 11:33:27",277.8,1,nekoze000
5314,16452715,BeesRock,"2026-07-03 00:30:40",277.5,2,beesrock
5315,16551341,"Yixuan Lin","2026-07-16 10:39:21",276.8,1,reiinoki
5316,16379938,takagi.y,"2026-06-21 03:19:27",276.2,2,takagiy
5317,16393689,"Ken-ichi Ishii","2026-06-19 09:16:39",275.8,1,furoki141
5318,16377067,yoruno281,"2026-06-20 03:22:18",275.8,2,yoruno281
5319,16496026,"Daarani B","2026-07-15 03:46:51",275.4,2,daaranib
5320,16395377,cazzie003,"2026-07-03 14:01:36",275.0,2,cazzie003
5321,16384009,"Haoyu Yan","2026-06-17 23:44:27",274.2,1,haoyuyan742
5322,16377706,Heracr0ss,"2026-06-17 06:30:24",273.8,2,heracr0ss
5323,16568986,VVl_74ml,"2026-07-21 16:42:34",272.5,2,vvl74ml
5324,16418045,SGY2512,"2026-07-01 10:21:04",272.3,2,sgy2512
5325,16450819,"fumihito mori","2026-07-02 00:28:20",272.0,2,fumihitomori
5326,16411122,"Léo Bouscarrat","2026-06-22 16:39:27",271.9,2,lbouscarrat
5327,16381387,Josh,"2026-06-18 14:00:58",271.1,2,joshkun
5328,16380536,shuto,"2026-06-21 14:32:09",271.1,2,ino3838
5329,16383668,Eigetuin,"2026-06-26 06:15:52",270.6,2,h0geh0ge
5330,16383828,"Electro Knight","2026-07-14 07:34:31",269.5,2,"electroknight,mister2005,yashpradhan0712"
5331,16410790,Nozopo,"2026-07-07 12:35:46",269.4,2,nozopo
5332,16388869,program,"2026-07-19 00:03:50",269.3,2,panagiotapanora
5333,16373279,ShoKSE,"2026-06-16 15:57:29",268.7,2,shokse
5334,16376791,k.wata,"2026-07-01 14:48:11",268.4,2,wararaki
5335,16406408,Kazukichi,"2026-06-28 04:22:15",267.5,2,kazu0202
5336,16380472,Nailin2005,"2026-06-17 19:18:24",267.2,2,nailin2005
5337,16482869,"Liam Davies","2026-07-03 23:57:46",267.1,1,liamdavies1
5338,16381876,"Sutieng Sin","2026-06-23 13:00:05",267.1,1,sutiengsin
5339,16373123,"PLUS OMI","2026-06-18 14:36:59",266.9,2,plusomi
5340,16482678,"MMR Донор","2026-07-15 14:25:30",266.5,2,asimandia
5341,16405708,kmj200392,"2026-06-23 02:25:32",265.1,2,kmj200392
5342,16394441,"green gum","2026-06-20 03:34:39",265.1,2,greengum
5343,16568735,豆腐メンタル,"2026-07-20 02:23:01",264.6,1,"ekiben2313,milicoder"
5344,16436168,"FATE GATE","2026-06-29 05:18:34",264.2,1,souravrajakxcd
5345,16385851,くさまかずき,"2026-07-10 07:28:15",263.2,2,kusanbia
5346,16438767,"Madhav Suresh","2026-07-20 12:12:21",262.4,2,madhavsuresh2006
5347,16560102,"Nur Hadi Budhy","2026-07-21 13:58:32",262.3,2,nurhadibudhy
5348,16378441,Seiha,"2026-06-18 09:59:47",261.9,2,emilphilvinod
5349,16449398,"Mukesh Patil","2026-07-21 23:25:35",261.6,2,speedforceyt
5350,16401940,Damocan,"2026-06-27 12:33:23",261.2,2,ryokaieda
5351,16472261,"Seiji Gobara","2026-07-16 08:58:38",261.0,2,seijigobara
5352,16375208,hike_on_bush,"2026-06-18 21:52:00",260.6,2,hikeonbush
5353,16404528,"Why Is It So","2026-06-25 23:20:43",260.5,2,whyisitso
5354,16390817,"Brista T","2026-07-08 22:59:39",259.5,2,bristat
5355,16400681,MKLeon,"2026-06-21 15:02:03",258.5,2,mkleon
5356,16484413,haha750,"2026-07-16 14:44:14",258.3,2,haha750
5357,16376699,Lumina-jp,"2026-06-20 10:36:52",257.5,2,luminajp
5358,16509577,Bidoofuses,"2026-07-21 02:45:21",257.3,2,rishigottumukkala
5359,16437200,"Pengfei Zhou","2026-06-30 19:21:54",256.2,2,mumiao2000
5360,16383283,"wouter roels","2026-06-19 17:52:53",255.9,2,wouterroels
5361,16436746,yoshitown,"2026-06-26 12:45:39",255.9,1,yoshitown
5362,16549085,"moh muh","2026-07-16 12:41:05",255.6,2,mohmuh
5363,16535971,"Egor Urvanov","2026-07-12 19:38:35",255.5,1,egorurvanov
5364,16387264,"Stepan Antonov","2026-07-21 17:03:58",255.4,2,stepanantonov
5365,16402252,"Ryosuke Inoda","2026-06-20 13:48:58",255.4,2,ryosukeinoda
5366,16371603,あーしこそがろりこ,"2026-06-17 11:10:21",255.4,2,roriko
5367,16393435,piooone,"2026-06-24 03:01:42",255.0,2,piooone
5368,16378155,"Cem Secim","2026-06-19 05:42:09",254.6,2,cemsecim1981
5369,16384670,Suuuiiii4,"2026-06-17 22:23:02",254.1,2,bharath111l
5370,16538772,"Umair Khan","2026-07-13 12:44:42",253.9,1,umairmuzaffarkhan
5371,16514943,stunningvn,"2026-07-10 09:47:38",253.7,2,dedquoc
5372,16395946,y.y.y.1024,"2026-07-22 12:37:10",253.1,2,yyy1024
5373,16583265,"Imran Ahamed","2026-07-21 21:31:59",252.7,2,immu4989
5374,16389369,岡村卓磨,"2026-07-20 06:41:29",252.5,2,okamue
5375,16403782,"Juan Francisco Ortega Aguilar","2026-07-07 04:23:57",252.4,2,chamakov
5376,16399723,RRR1712,"2026-06-25 09:43:10",251.9,2,rrr1712
5377,16570114,"James Palmer","2026-07-21 22:20:15",251.2,1,jpalmer2
5378,16488171,"JINGWEN JIANG","2026-07-08 00:13:51",251.1,2,skylarswift
5379,16375982,elroy3141,"2026-06-18 08:45:04",251.1,2,elroy3141
5380,16407486,"Abhishek Raghuwanshi","2026-06-26 22:46:02",250.1,2,abhishek9905
5381,16398828,"Thomas Vu","2026-06-23 22:29:31",249.3,2,thomasjvu
5382,16382485,"Farley Law","2026-06-19 01:09:40",248.8,2,farley852
5383,16386194,"Simon Holk","2026-06-29 00:40:37",246.8,2,simonholk
5384,16485972,"Himanshu Pandey","2026-07-05 08:14:24",246.3,2,userxx14
5385,16393876,Needleham,"2026-06-19 19:20:49",245.9,2,needleham
5386,16461995,deady_ogae,"2026-07-05 16:43:45",245.7,2,deadyy
5387,16374089,rikulist,"2026-07-15 15:14:06",245.5,2,rikulist
5388,16386898,koppen9029,"2026-06-18 09:51:29",245.4,2,koppen9029
5389,16536324,Mimi030,"2026-07-21 02:35:43",244.2,1,mimi030
5390,16414732,SOVEREIGN,"2026-06-26 14:23:25",243.8,2,bosmina
5391,16412060,AlizzeZhang,"2026-06-26 06:03:22",243.6,2,alizzezhang
5392,16517914,Xion4242,"2026-07-16 20:33:57",243.2,2,xion4242
5393,16377468,"Gaku Shimoyama","2026-06-20 09:42:09",242.7,2,gakushimoyama
5394,16391780,"Wyatt Ethier","2026-06-19 04:42:35",241.9,1,wyattethier
5395,16378864,ZH1K1NG,"2026-06-18 07:12:15",241.2,2,zh1k1ng
5396,16379184,"Shota Yamazaki","2026-06-20 15:18:35",241.1,2,shotaymzk1231
5397,16372009,qtarou1111,"2026-06-16 13:49:16",240.2,1,qtarou1111
5398,16430455,"Morro do CPV","2026-07-06 23:03:55",239.8,2,sishimiwa
5399,16512249,awee,"2026-07-22 11:08:16",239.7,2,aweertw
5400,16391020,Kouawph,"2026-07-18 13:01:29",238.5,2,kouawph
5401,16394639,"Felix Allistar","2026-07-08 10:48:10",237.5,2,felixallistar
5402,16430322,"Harsh Chaudhary ml","2026-06-26 22:38:51",237.4,2,harshchaudharyml
5403,16440572,YuKawamura,"2026-06-30 09:21:31",236.5,2,yukawamura1988
5404,16408088,"Toshiki Nishiyama","2026-07-21 05:32:56",236.3,2,toshikinishiyama
5405,16458050,"Haoyuan Zhou","2026-06-30 10:17:16",236.0,2,christmashuang
5406,16415046,"Kulwinder Kapoor","2026-06-23 02:06:31",235.4,2,kulwinderkapoor
5407,16541485,Arn2011,"2026-07-22 07:52:26",235.3,2,arnelperezposadas
5408,16377152,nometoko,"2026-06-27 09:20:41",234.4,1,nometoko
5409,16480906,Natyu,"2026-07-03 22:59:24",233.3,2,nathanlaoue
5410,16373623,curosfaiya,"2026-06-18 15:21:02",233.3,2,curosfaiya
5411,16453886,Yugi64,"2026-07-14 19:24:54",232.1,2,yugii64
5412,16435646,"Ankita Priyadarsini Mallik","2026-06-26 11:29:48",231.7,1,ankitapmallik
5413,16380832,"TakuyAI Obara","2026-06-19 00:07:52",230.6,2,takuyaiobara
5414,16386285,"Koshiro Yamada","2026-06-23 06:02:08",229.5,2,koshiroyamada
5415,16418125,ky_penyo,"2026-07-09 05:01:51",229.4,2,kypenyo
5416,16376034,いもぞん,"2026-06-19 02:51:24",228.1,1,imozon0821
5417,16399000,"Hardik Yerne","2026-07-05 06:55:08",225.5,2,hardikyerne
5418,16516255,SixGODD,"2026-07-21 14:52:49",225.1,1,sixgodd
5419,16376814,"Real Greninjas","2026-07-21 20:59:49",224.3,1,"pmagnuson,rchurro,vvennelakanti"
5420,16444696,"Viktor Antonov","2026-07-11 06:30:15",222.8,2,viktorantonov
5421,16561132,"Danilo Tavares","2026-07-21 19:27:36",220.6,2,danilotlim
5422,16427200,"Richard Nam","2026-06-24 18:32:42",220.4,1,namrichard
5423,16530662,"Nguyên Lương Sĩ","2026-07-11 09:38:50",218.2,2,nguynlngs
5424,16429192,Reki,"2026-07-13 00:03:22",217.4,2,ruichardliu
5425,16395211,"Alfath Rayyan","2026-06-20 14:34:02",217.1,2,newbieez
5426,16377166,solu199,"2026-06-22 07:24:45",217.0,2,solu199
5427,16572715,LangZhong,"2026-07-22 11:25:48",216.3,2,langzhong
5428,16398463,Pino,"2026-06-21 09:52:23",215.7,2,pppinocchio
5429,16512183,"Md Omar Sunny","2026-07-10 09:38:42",215.3,2,funnyai1234
5430,16384042,AMIBEN,"2026-07-20 19:20:41",215.2,2,"amiben,charlessonnet"
5431,16375436,sho-t,"2026-07-01 14:53:04",214.0,2,shojabon
5432,16376284,paraina,"2026-07-07 13:41:28",213.8,2,paraina
5433,16485309,"Samuel Tran","2026-07-07 12:29:27",213.0,2,rainyhawk
5434,16373229,qwegat,"2026-06-17 06:20:12",211.3,1,qwegat
5435,16383509,"Ryan Rumble","2026-07-21 06:14:12",210.2,2,ryanrumble
5436,16583840,"GuangQuan HU","2026-07-22 09:27:29",209.2,1,guangquanhu
5437,16376052,Amarett,"2026-06-17 01:11:42",208.6,1,amaret51
5438,16399744,tomoniyukiwo,"2026-07-05 06:41:01",207.4,2,tomoniyukiwo
5439,16383442,ryokiti,"2026-07-16 08:32:51",205.0,2,ryokiti
5440,16425181,kazunokooo,"2026-06-24 16:47:45",204.9,2,higasiyamakazuki
5441,16402931,feodora49,"2026-07-04 12:39:18",200.1,1,feodora49
5442,16383609,"Raid al maani","2026-06-23 15:42:32",199.3,2,raidalmaani
5443,16392317,Ezra,"2026-06-26 04:41:52",199.2,2,ezra0182
5444,16383425,"Simon Côté","2026-06-17 17:26:47",199.0,1,simoncote
5445,16554714,caoyifan,"2026-07-21 10:16:04",199.0,2,caoyifan520
5446,16486079,Akash10pj,"2026-07-04 18:47:21",198.0,2,akash10pj
5447,16437500,EclipseHW,"2026-06-26 11:34:53",197.4,2,eclipsehw
5448,16376627,"Avik Das","2026-07-15 07:17:13",195.7,2,avikdas567
5449,16559056,"Muhammad Waseem Akram","2026-07-17 17:02:14",194.3,1,hackerwasii
5450,16381246,Ultra7,"2026-07-17 17:22:01",194.1,2,yammyd
5451,16486451,HKU_144,"2026-07-20 02:36:08",193.7,2,xiejintao
5452,16404753,"Kelvin Lin BU","2026-06-23 17:49:58",192.7,2,kelvinlinbu
5453,16378595,UMRgurashi,"2026-06-18 08:50:46",191.0,2,umrgurashi
5454,16509522,"Anthony Toffetti","2026-07-21 19:57:12",190.6,2,anthonytoffetti
5455,16424465,yut,"2026-06-24 13:22:06",189.2,2,yutezuka
5456,16492331,"Coen Hewes","2026-07-16 03:32:16",188.2,2,coenhewes
5457,16434664,ss527936,"2026-06-26 15:36:38",187.8,2,ss527936
5458,16376761,otomarukanta,"2026-06-17 09:52:47",187.8,1,otomarukanta
5459,16444343,"ANON TOKYO","2026-07-06 09:16:15",187.4,2,caichilin
5460,16443093,"Minh Hiếu Nguyễn filial","2026-07-04 08:51:29",186.9,1,minhhiunguynfilial
5461,16495746,alkoxy42,"2026-07-14 04:03:25",186.8,1,alkoxy42
5462,16398023,kuromaru10yen,"2026-06-27 02:19:16",186.6,2,kuromaru10yen
5463,16416942,Gilobear,"2026-06-24 21:07:01",184.0,2,"gilobear,netphone"
5464,16497790,"Hussain Ather","2026-07-08 04:08:46",182.1,2,hussainather
5465,16417439,"Do Hyun Nam","2026-07-03 04:18:52",180.4,2,dollis
5466,16380972,"Shinichiro NAKAMURA","2026-06-22 03:57:29",180.3,1,snaka0213
5467,16375875,romanohu,"2026-06-17 05:34:40",179.9,1,romanohu
5468,16447968,"Harnoor Singh","2026-06-29 17:24:16",178.1,2,harnoorsingh798
5469,16448366,IDG,"2026-06-30 14:29:04",177.0,2,israeldiegoguerra
5470,16491869,"Ryan Susman","2026-07-12 01:29:52",175.2,2,darkmatter2222
5471,16378222,aka9999,"2026-06-18 13:58:24",174.7,2,ky0822
5472,16395061,SandeepBits,"2026-06-24 19:21:14",174.5,2,sandeepbits
5473,16391488,"Rhythm Mecha","2026-06-19 04:11:26",173.4,1,rhythmmecha
5474,16540422,Matrix,"2026-07-17 07:32:32",171.8,2,shadab7621
5475,16388671,カワセイ,"2026-06-19 10:48:00",170.6,1,kawasei
5476,16381407,"Yu Kodate","2026-06-17 14:40:12",163.7,2,yukodate
5477,16585714,"Xian Geyi","2026-07-22 12:43:54",163.4,2,geyixian
5478,16432589,"pan ping cheng","2026-07-19 07:19:25",162.7,1,panpingcheng
5479,16531342,"Ibuki Nagashima","2026-07-22 11:02:50",161.7,2,ibukinagashima
5480,16464668,"thelecy funga","2026-07-08 05:39:16",161.2,1,thelecyfunga
5481,16372753,nashu,"2026-07-18 03:18:15",160.2,2,nashu361
5482,16387119,うめくみ,"2026-06-25 08:35:18",160.2,2,umebosi
5483,16510761,"Ivam Tran","2026-07-19 05:08:00",156.2,2,ivamtran
5484,16445015,matsutomo,"2026-07-05 05:11:03",153.8,2,"ootakoyakioo,tomo252"
5485,16397800,"haruhi s","2026-06-20 03:00:36",150.8,1,haruhis
5486,16390012,"Emanuele Sicurella","2026-06-22 16:31:40",150.6,2,emanuelesicurella
5487,16405023,"Donald Galliano III","2026-06-25 12:20:40",146.4,1,donaldgalliano
5488,16440893,둔갑숨기,"2026-06-28 18:13:38",142.9,1,kig1235
5489,16404676,"The Lion Pride","2026-06-21 00:13:30",141.7,1,jdeleeuw
5490,16377222,brackylove,"2026-06-27 03:26:46",137.2,1,brackylove
5491,16508318,"Hayato #2","2026-07-08 22:23:39",135.7,1,hayatonorohayato
5492,16373480,naotoyo,"2026-06-16 16:13:39",135.1,1,naotoyo
5493,16395748,"Laerti Shabani","2026-06-19 18:45:15",134.2,2,laertishabani
5494,16372872,"Kirby Tran","2026-07-04 19:48:49",133.5,2,kirbytran
5495,16452649,Mualli,"2026-06-30 16:26:58",128.0,2,mualli
5496,16498491,"Palla Anjani Pravarsha","2026-07-07 13:41:06",126.6,1,pallaanjanipravarsha
5497,16561340,samehand,"2026-07-18 01:14:32",122.3,1,samehand
5498,16496336,mojiki,"2026-07-07 14:55:08",122.3,1,mojiki
5499,16549280,"Selvin Macwan","2026-07-17 09:04:00",122.1,2,selvin3
5500,16541666,JuniCastro,"2026-07-14 02:48:29",114.0,1,junicastro
5501,16382846,ta2yakwhr,"2026-06-17 16:40:45",111.6,1,ta2yakwhr
5502,16548714,"sriya atluri","2026-07-22 05:30:48",111.5,2,sriyaatluri123
5503,16516685,"Julien Richaume","2026-07-12 10:47:24",111.4,1,julienrichaume
5504,16380227,8et4,"2026-06-20 18:58:58",89.1,2,lab8et4
5505,16386597,Aicy14,"2026-06-24 10:20:07",83.0,2,aicy14
5506,16532799,"Apex Blue","2026-07-22 09:41:56",82.8,2,"apexblue,dharanieesh"
5507,16378758,hex,"2026-06-17 08:10:42",66.6,1,lgvrlv
5508,16396031,pino,"2026-06-19 19:29:56",65.7,1,ntk1104
5509,16534683,atula,"2026-07-18 15:20:54",58.2,1,tagore15
5510,16388649,orecci,"2026-06-19 15:29:11",29.4,2,orecci
5511,16392917,Joshua,"2026-06-24 11:52:18",-2.8,2,joshuathinks
5512,16391813,Takashiki,"2026-06-19 04:33:20",-25.8,1,takashiki
5513,16414408,"tanaka yamada","2026-06-28 09:46:46",-245.8,2,tanakayamada
